[Licensing::Module] Trying to connect to existing licensing client channel...
Built from '6000.5/staging' branch; Version is '6000.5.8f1 (5cb7df797b7d) revision 6076383'; Using compiler version '194234433'; Build Type 'Release'
[Licensing::IpcConnector] Successfully connected to: "LicenseClient-bruger" at "2026-08-19T16:27:18.7305152Z"
OS: 'Windows 11  (10.0.26200) Core' Language: 'da' Physical Memory: 20164 MB
BatchMode: 1, IsHumanControllingUs: 0, StartBugReporterOnCrash: 0, Is64bit: 1
System  architecture: x64
Process architecture: x64
Date: 2026-08-19T16:27:18Z

COMMAND LINE ARGUMENTS:
C:\Program Files\Unity\Hub\Editor\6000.5.8f1\Editor\Unity.exe
-adb2
-batchMode
-noUpm
-name
AssetImportWorkerHW0
-projectPath
C:/Users/bruger/Conquian
-logFile
Logs/AssetImportWorkerHW0.log
-srvPort
58333
-parentPid
18612
-analyticsCloudUserId
anonymous
-analyticsCloudProjectId
826535e3-7aa3-41f3-9deb-cffac0b844bc
-analyticsLocalProjectId
2464a46c323b157419de2a8fc64d5aa0
-editorAnalyticsEnabled
1
-cbmEditorLicense
68863de3d012b6d7bac4e20dfc576f0f7d157605
-cbmMachineId
Wia+oMQn5cN2d/aSNPqfJVw53bA=
-licensingIpc
LicenseClient-bruger
-noDiagnosticSwitchPersistentStore
-job-worker-count
7
-background-job-worker-count
8
-asset-garbage-collectors
1
-force-d3d12
-name
AssetImport
Successfully changed project path to: C:/Users/bruger/Conquian
C:/Users/bruger/Conquian
[UnityMemory] Configuration Parameters - Can be set up in boot.config
    "memorysetup-temp-allocator-size-gi-baking-worker=262144"
    "memorysetup-temp-allocator-size-gi-baking-worker=262144"
    "memorysetup-temp-allocator-size-gi-baking-worker=262144"
    "memorysetup-temp-allocator-size-gi-baking-worker=262144"
    "memorysetup-temp-allocator-size-gi-baking-worker=262144"
    "memorysetup-temp-allocator-size-nav-mesh-worker=65536"
    "memorysetup-temp-allocator-size-audio-worker=65536"
    "memorysetup-temp-allocator-size-cloud-worker=32768"
    "memorysetup-temp-allocator-size-gfx=262144"
    "memorysetup-temp-allocator-size-preload-manager=33554432"
    "memorysetup-allocator-temp-initial-block-size-main=262144"
    "memorysetup-allocator-temp-initial-block-size-worker=262144"
    "memorysetup-temp-allocator-size-job-worker=262144"
    "memorysetup-temp-allocator-size-background-worker=32768"
    "memorysetup-bucket-allocator-granularity=16"
    "memorysetup-bucket-allocator-bucket-count=8"
    "memorysetup-bucket-allocator-block-size=33554432"
    "memorysetup-bucket-allocator-block-count=8"
    "memorysetup-main-allocator-block-size=16777216"
    "memorysetup-thread-allocator-block-size=16777216"
    "memorysetup-main-allocator-mimalloc-enabled=0"
    "memorysetup-gfx-main-allocator-block-size=16777216"
    "memorysetup-gfx-thread-allocator-block-size=16777216"
    "memorysetup-cache-allocator-block-size=4194304"
    "memorysetup-typetree-allocator-block-size=2097152"
    "memorysetup-profiler-bucket-allocator-granularity=16"
    "memorysetup-profiler-bucket-allocator-bucket-count=8"
    "memorysetup-profiler-bucket-allocator-block-size=33554432"
    "memorysetup-profiler-bucket-allocator-block-count=8"
    "memorysetup-profiler-allocator-block-size=16777216"
    "memorysetup-profiler-editor-allocator-block-size=1048576"
    "memorysetup-temp-allocator-size-main=16777216"
    "memorysetup-job-temp-allocator-block-size=2097152"
    "memorysetup-job-temp-allocator-block-size-background=1048576"
    "memorysetup-job-temp-allocator-reduction-small-platforms=262144"
Player connection [9252]  Target information:

Player connection [9252]  * "[IP] 192.168.1.237 [Port] 0 [Flags] 2 [Guid] 4206831450 [EditorId] 4206831450 [Version] 1048832 [Id] WindowsEditor(7,LAPTOP-4D8DFMM0) [Debug] 1 [PackageName] WindowsEditor [ProjectName] Editor" 

Player connection [9252] Host joined multi-casting on [225.0.0.222:54997]...
Player connection [9252] Host joined alternative multi-casting on [225.0.0.222:34997]...
JobSystem: Creating JobQueue using job-worker-count value 7
Input System module state changed to: Initialized.
[Physics::Module] Initialized fallback backend.
[Physics::Module] Id: 0xdecafbad
Library Redirect Path: Library/
[Physics::Module] Selected backend.
[Physics::Module] Name: PhysX
[Physics::Module] Id: 0xf2b8ea05
[Physics::Module] SDK Version: 4.1.2
[Physics::Module] Integration Version: 1.0.0
[Physics::Module] Threading Mode: Multi-Threaded
Active build profile path: `Assets/Settings/Build Profiles/Windows.asset`
Got setting from build profile YAML, name `m_BuildTarget`, value `19`
Got setting from build profile YAML, name `m_Subtarget`, value `2`
Refreshing native plugins compatible for Editor in 24.79 ms, found 6 plugins.
Preloading 1 native plugins for Editor in 5.01 ms.
Initialize engine version: 6000.5.8f1 (5cb7df797b7d)
[Subsystems] Discovering subsystems at path C:/Program Files/Unity/Hub/Editor/6000.5.8f1/Editor/Data/Resources/UnitySubsystems
[Subsystems] Discovering subsystems at path C:/Users/bruger/Conquian/Assets
Forcing GfxDevice: Direct3D 12
GfxDevice: creating device client; kGfxThreadingModeNonThreaded
d3d12: failed to query info queue interface (0x80004002).
Direct3D:
    Version:         Direct3D 12 [level 12.2]
    Renderer:        AMD Radeon(TM) Graphics (ID=0x1681)
    Vendor:          ATI
    VRAM:            10082 MB
    App VRAM Budget: 13381 MB
    Driver:          32.0.21030.5005
    Unified Memory Architecture
Initialize mono
Mono path[0] = 'C:/Program Files/Unity/Hub/Editor/6000.5.8f1/Editor/Data/Managed'
Mono path[1] = 'C:/Program Files/Unity/Hub/Editor/6000.5.8f1/Editor/Data/BCLExtensions/runtime/netstandard2.1'
Mono path[2] = 'C:/Program Files/Unity/Hub/Editor/6000.5.8f1/Editor/Data/MonoBleedingEdge/lib/mono/unityjit-win32'
Mono config path = 'C:/Program Files/Unity/Hub/Editor/6000.5.8f1/Editor/Data/MonoBleedingEdge/etc'
Using monoOptions --debugger-agent=transport=dt_socket,embedding=1,server=y,suspend=n,address=127.0.0.1:56484
CodeReloadManager initialized
Begin MonoManager ReloadAssembly
Registering precompiled unity dll's ...
Register platform support module: C:/Program Files/Unity/Hub/Editor/6000.5.8f1/Editor/Data/PlaybackEngines/WebGLSupport/UnityEditor.WebGL.Extensions.dll
Register platform support module: C:/Program Files/Unity/Hub/Editor/6000.5.8f1/Editor/Data/PlaybackEngines/WindowsStandaloneSupport/UnityEditor.WindowsStandalone.Extensions.dll
Registered in 0.003564 seconds.
Native extension for WindowsStandalone target not found
Native extension for WebGL target not found
Package Manager log level set to [2]
[Package Manager] Failed to launch server process. Reason: Unity was launched with the -noUpm command-line argument
[Package Manager] Unable to send message (not connected to server process).
[Package Manager] Cannot connect to Unity Package Manager local server
ScheduleIndexationOnStartup MainProcess:False IndexOnStartup:True
Mono: successfully reloaded assembly
- Finished resetting the current domain, in  0.783 seconds
Domain Reload Profiling: 1730ms
	BeginReloadAssembly (252ms)
	RebuildCommonClasses (15ms)
	RebuildNativeTypeToScriptingClass (46ms)
	initialDomainReloadingComplete (190ms)
	LoadAllAssembliesAndSetupDomain (442ms)
		LoadAssemblies (250ms)
		AnalyzeDomain (332ms)
			TypeCache.Refresh (330ms)
				TypeCache.ScanAssembly (310ms)
	FinalizeReload (784ms)
		SetupLoadedEditorAssemblies (0ms)
			InitializePlatformSupportModulesInManaged (3ms)
			BeforeProcessingInitializeOnLoad (131ms)
			ProcessInitializeOnLoadAttributes (132ms)
			ProcessInitializeOnLoadMethodAttributes (389ms)
Initializing Unity extensions:
[Licensing::Module] Licensing is not yet initialized.
[Licensing::Client] Error: HandshakeResponse reported an error:
	ResponseCode: 505
	ResponseStatus: Unsupported protocol version '1.18.1'.
[Licensing::Module] Error: Failed to handshake to channel: "LicenseClient-bruger"
[Licensing::IpcConnector] LicenseClient-bruger channel disconnected successfully.
[Licensing::IpcConnector] Successfully connected to: "LicenseClient-bruger-6000.5.8" at "2026-08-19T16:27:21.7496139Z"
[Licensing::Client] Code 10 while verifying Licensing Client signature (process Id: 15612, path: "C:/Program Files/Unity/Hub/Editor/6000.5.8f1/Editor/Data/Resources/Licensing/Client/Unity.Licensing.Client.exe")
[Licensing::Module] LicensingClient has failed validation; ignoring
[Licensing::Client] Handshaking with LicensingClient:
  Version:                 1.18.1+9fbee8e
  Session Id:              e4d0fbabbba94451add763e1de6eae39
  Correlation Id:          cd51394226c07ffa3836ec39e7dba12c
  External correlation Id: 2875373187406238508
  Machine Id:              Wia+oMQn5cN2d/aSNPqfJVw53bA=
[Licensing::Module] Successfully connected to LicensingClient on channel: "LicenseClient-bruger-6000.5.8" (connect: 0.00s, validation: 0.00s, handshake: 0.01s)
[Licensing::IpcConnector] Successfully connected to: "LicenseClient-bruger-6000.5.8-notifications" at "2026-08-19T16:27:21.7612094Z"
[Licensing::Module] Licensing Background thread has ended after 3.03s
[Licensing::Module] Licensing is initialized (took 0.07s).
[Licensing::Client] Successfully resolved entitlement details
[Licensing::Module] License group:
  Id: 5773397425070-UnityPersXXXX
  Product: Unity Personal
  Type: Assigned
  Expiration: Unlimited
Curl error 3: URL rejected: Malformed input to a URL function
========================================================================
Worker process is ready to serve import requests
Import Worker Mode flag is 0x00
Got setting from build profile YAML, name `m_Development`, value `0`
Begin MonoManager ReloadAssembly
Symbol file LoadedFromMemory is not a mono symbol file
Symbol file LoadedFromMemory is not a mono symbol file
Refreshing native plugins compatible for Editor in 37.05 ms, found 6 plugins.
Native extension for WindowsStandalone target not found
Native extension for WebGL target not found
[Package Manager] Failed to launch server process. Reason: Unity was launched with the -noUpm command-line argument
[Package Manager] Unable to send message (not connected to server process).
[Package Manager] Cannot connect to Unity Package Manager local server
Refreshing native plugins compatible for Editor in 20.14 ms, found 6 plugins.
Refreshing native plugins compatible for Editor in 17.15 ms, found 6 plugins.
[Package Manager] Failed to launch server process. Reason: Unity was launched with the -noUpm command-line argument
[Package Manager] Unable to send message (not connected to server process).
[Package Manager] Cannot connect to Unity Package Manager local server
[Licensing::Client] Error: Code 404 while processing request (status: Found 0 entitlement groups and 0 free entitlements matching requested entitlement ids)
[Licensing::Client] Error: Code 404 while processing request (status: Found 0 entitlement groups and 0 free entitlements matching requested entitlement ids)
[Licensing::Client] Error: Code 404 while processing request (status: Found 0 entitlement groups and 0 free entitlements matching requested entitlement ids)
ScheduleIndexationOnStartup MainProcess:False IndexOnStartup:True
Mono: successfully reloaded assembly
- Finished resetting the current domain, in  8.374 seconds
Domain Reload Profiling: 12014ms
	BeginReloadAssembly (351ms)
		DisableScriptedObjects (36ms)
		CreateAndSetChildDomain (47ms)
	RebuildCommonClasses (13ms)
	RebuildNativeTypeToScriptingClass (31ms)
	initialDomainReloadingComplete (175ms)
	LoadAllAssembliesAndSetupDomain (3067ms)
		LoadAssemblies (830ms)
		AnalyzeDomain (1860ms)
			TypeCache.Refresh (1662ms)
				TypeCache.ScanAssembly (1616ms)
			BuildScriptInfoCaches (187ms)
			ResolveRequiredComponents (8ms)
	FinalizeReload (8376ms)
		SetupLoadedEditorAssemblies (0ms)
			InitializePlatformSupportModulesInManaged (9ms)
			BeforeProcessingInitializeOnLoad (543ms)
			ProcessInitializeOnLoadAttributes (4527ms)
			ProcessInitializeOnLoadMethodAttributes (1893ms)
			AfterProcessingInitializeOnLoad (15ms)
		AwakeInstancesAfterBackupRestoration (58ms)
AcceleratorClientConnectionCallback - disconnected - :0
Launched and connected shader compiler UnityShaderCompiler.exe after 0.03 seconds
Refreshing native plugins compatible for Editor in 6.51 ms, found 6 plugins.
Unloading 65 Unused Serialized files (Serialized files now loaded: 0)
Curl error 3: URL rejected: Malformed input to a URL function
Unloading 13202 unused Assets / (26.7 MB). Loaded Objects now: 14248.
Memory consumption went from 0.54 GB to 0.51 GB.
Total: 47.301100 ms (FindLiveObjects: 1.633300 ms CreateObjectMapping: 7.553700 ms MarkObjects: 24.975100 ms  DeleteObjects: 13.134000 ms)

========================================================================
Received Prepare
AcceleratorClientConnectionCallback - disconnected - :0
Refreshing native plugins compatible for Editor in 10.36 ms, found 6 plugins.
Unloading 65 Unused Serialized files (Serialized files now loaded: 0)
Unloading 65 unused Assets / (13.7 MB). Loaded Objects now: 14248.
Memory consumption went from 0.52 GB to 0.51 GB.
Total: 54.032400 ms (FindLiveObjects: 0.944500 ms CreateObjectMapping: 3.759700 ms MarkObjects: 44.990800 ms  DeleteObjects: 4.335100 ms)

Prepare: number of updated asset objects reloaded= 0
========================================================================
Received Import Request.
  Time of request: 2026-08-19T16:50:19.8042595Z
  Time since last request: 10200.28830630000084 seconds.
  importAddress: GUID: 6d6a6447e3bf4ee43933744ab082cd91 - Path: Assets/Scripts/DeckManager.cs - Importer: PreviewImporter
Importing 'GUID: 6d6a6447e3bf4ee43933744ab082cd91 - Path: Assets/Scripts/DeckManager.cs - Importer: PreviewImporter' with importer (PreviewImporter)
Imported 'GUID: 6d6a6447e3bf4ee43933744ab082cd91' -> (Import Result ID: 'a57ff7864038fe904f466e0a17eadd5a') in 0.012 seconds [static and dynamic dependencies]. Details - ImportResultOutputID=e1a628a466d4f125bd2a8648de2653e1 DependenciesID=37989ebc9f720f0fab50387f8c560fd7 StaticDependenciesID=ce6d15131950afd9aac688123b031f85 
Number of updated asset objects reloaded before import = 0
Number of asset objects unloaded after import = 0
========================================================================
Received Import Request.
  Time of request: 2026-08-19T16:53:23.2360919Z
  Time since last request: 183.375248 seconds.
  importAddress: GUID: c1f65abafd305864da9e14e1fbafd61c - Path: Assets/Scripts/Cards - Importer: PreviewImporter
Importing 'GUID: c1f65abafd305864da9e14e1fbafd61c - Path: Assets/Scripts/Cards - Importer: PreviewImporter' with importer (PreviewImporter)
Imported 'GUID: c1f65abafd305864da9e14e1fbafd61c' -> (Import Result ID: '0479942544a08961555b141daf7d4a1d') in 0.023 seconds [static and dynamic dependencies]. Details - ImportResultOutputID=0d3f7a9f683b1b66c82c72b54ce5ffa1 DependenciesID=b3fcfda014ac3c5271ceb87e176130d2 StaticDependenciesID=74619dd960a75f7e7deb8e5038e85c28 
Number of updated asset objects reloaded before import = 0
Number of asset objects unloaded after import = 0
========================================================================
Received Import Request.
  Time of request: 2026-08-19T16:53:24.1286038Z
  Time since last request: 0.7976255 seconds.
  importAddress: GUID: c1f65abafd305864da9e14e1fbafd61c - Path: Assets/Scripts/Cards - Importer: ScriptedImporter/UnityEditor.QuickSearchModule:UnityEditor.Search:ASIAI0B
Importing 'GUID: c1f65abafd305864da9e14e1fbafd61c - Path: Assets/Scripts/Cards - Importer: ScriptedImporter/UnityEditor.QuickSearchModule:UnityEditor.Search:ASIAI0B' with importer (ScriptedImporter : UnityEditor.QuickSearchModule:UnityEditor.Search:ASIAI0B)
Imported 'GUID: c1f65abafd305864da9e14e1fbafd61c' -> (Import Result ID: '4ab5f2a2e99e60ae6d80a4adf041d51b') in 0.264 seconds [static and dynamic dependencies]. Details - ImportResultOutputID=9cc52376c21ba86f8c70cb725ab344c6 DependenciesID=f3af1b9c8d8b39e7b462c0b91d1472e6 StaticDependenciesID=66685b5aa3b3dd958b715d583de64b5b 
Number of updated asset objects reloaded before import = 0
Number of asset objects unloaded after import = 1
========================================================================
Received Prepare
AcceleratorClientConnectionCallback - disconnected - :0
Refreshing native plugins compatible for Editor in 9.12 ms, found 6 plugins.
Unloading 65 Unused Serialized files (Serialized files now loaded: 0)
Unloading 13165 unused Assets / (24.1 MB). Loaded Objects now: 14250.
Memory consumption went from 0.53 GB to 0.51 GB.
Total: 79.553600 ms (FindLiveObjects: 2.718400 ms CreateObjectMapping: 8.824900 ms MarkObjects: 55.024900 ms  DeleteObjects: 12.983100 ms)

Prepare: number of updated asset objects reloaded= 0
========================================================================
Received Import Request.
  Time of request: 2026-08-19T16:53:30.0690811Z
  Time since last request: 5.6485672 seconds.
  importAddress: GUID: b46ea75a7688f3148ab6b4f72998fb0c - Path: Assets/Scripts/Cards/Card.cs - Importer: ScriptedImporter/UnityEditor.QuickSearchModule:UnityEditor.Search:ASIAI0B
Importing 'GUID: b46ea75a7688f3148ab6b4f72998fb0c - Path: Assets/Scripts/Cards/Card.cs - Importer: ScriptedImporter/UnityEditor.QuickSearchModule:UnityEditor.Search:ASIAI0B' with importer (ScriptedImporter : UnityEditor.QuickSearchModule:UnityEditor.Search:ASIAI0B)
Imported 'GUID: b46ea75a7688f3148ab6b4f72998fb0c' -> (Import Result ID: '63cde69ac5309231ab3c34efe269937f') in 0.055 seconds [static and dynamic dependencies]. Details - ImportResultOutputID=9d27f389d95763882a7eff711e54d4bf DependenciesID=276c05824d9f6f55de01a83e3668fbd9 StaticDependenciesID=f99c3eb9c278207888f2b3b7b859cdb8 
Number of updated asset objects reloaded before import = 0
Number of asset objects unloaded after import = 0
========================================================================
Received Prepare
AcceleratorClientConnectionCallback - disconnected - :0
Refreshing native plugins compatible for Editor in 7.10 ms, found 6 plugins.
Unloading 65 Unused Serialized files (Serialized files now loaded: 0)
Unloading 13164 unused Assets / (26.2 MB). Loaded Objects now: 14249.
Memory consumption went from 0.53 GB to 0.51 GB.
Total: 48.285800 ms (FindLiveObjects: 2.336200 ms CreateObjectMapping: 8.782000 ms MarkObjects: 25.849900 ms  DeleteObjects: 11.315900 ms)

Prepare: number of updated asset objects reloaded= 0
========================================================================
Received Prepare
AcceleratorClientConnectionCallback - disconnected - :0
[Licensing::Client] Successfully resolved entitlement details
Begin MonoManager ReloadAssembly
Symbol file LoadedFromMemory is not a mono symbol file
Symbol file LoadedFromMemory is not a mono symbol file
Refreshing native plugins compatible for Editor in 5.06 ms, found 6 plugins.
Native extension for WindowsStandalone target not found
Native extension for WebGL target not found
[Package Manager] Failed to launch server process. Reason: Unity was launched with the -noUpm command-line argument
[Package Manager] Unable to send message (not connected to server process).
[Package Manager] Cannot connect to Unity Package Manager local server
Refreshing native plugins compatible for Editor in 8.55 ms, found 6 plugins.
[Package Manager] Failed to launch server process. Reason: Unity was launched with the -noUpm command-line argument
[Package Manager] Unable to send message (not connected to server process).
[Package Manager] Cannot connect to Unity Package Manager local server
[Licensing::Client] Error: Code 404 while processing request (status: Found 0 entitlement groups and 0 free entitlements matching requested entitlement ids)
ScheduleIndexationOnStartup MainProcess:False IndexOnStartup:True
Mono: successfully reloaded assembly
- Finished resetting the current domain, in  2.354 seconds
Domain Reload Profiling: 4740ms
	BeginReloadAssembly (614ms)
		DisableScriptedObjects (59ms)
		CreateAndSetChildDomain (256ms)
	RebuildCommonClasses (10ms)
	RebuildNativeTypeToScriptingClass (31ms)
	initialDomainReloadingComplete (188ms)
	LoadAllAssembliesAndSetupDomain (1541ms)
		LoadAssemblies (884ms)
		AnalyzeDomain (610ms)
			TypeCache.Refresh (27ms)
			BuildScriptInfoCaches (569ms)
			ResolveRequiredComponents (9ms)
	FinalizeReload (2357ms)
		SetupLoadedEditorAssemblies (0ms)
			InitializePlatformSupportModulesInManaged (3ms)
			BeforeProcessingInitializeOnLoad (174ms)
			ProcessInitializeOnLoadAttributes (1079ms)
			ProcessInitializeOnLoadMethodAttributes (694ms)
			AfterProcessingInitializeOnLoad (8ms)
		AwakeInstancesAfterBackupRestoration (51ms)
Refreshing native plugins compatible for Editor in 4.98 ms, found 6 plugins.
Unloading 65 Unused Serialized files (Serialized files now loaded: 0)
Unloading 13199 unused Assets / (23.9 MB). Loaded Objects now: 14254.
Memory consumption went from 0.53 GB to 0.51 GB.
Total: 39.197700 ms (FindLiveObjects: 1.569100 ms CreateObjectMapping: 6.224600 ms MarkObjects: 23.443500 ms  DeleteObjects: 7.959300 ms)

Prepare: number of updated asset objects reloaded= 0
========================================================================
Received Prepare
AcceleratorClientConnectionCallback - disconnected - :0
Refreshing native plugins compatible for Editor in 8.55 ms, found 6 plugins.
Unloading 65 Unused Serialized files (Serialized files now loaded: 0)
Unloading 13165 unused Assets / (23.5 MB). Loaded Objects now: 14255.
Memory consumption went from 0.53 GB to 0.51 GB.
Total: 46.432200 ms (FindLiveObjects: 1.740900 ms CreateObjectMapping: 8.176200 ms MarkObjects: 25.545200 ms  DeleteObjects: 10.968100 ms)

Prepare: number of updated asset objects reloaded= 0
========================================================================
Received Import Request.
  Time of request: 2026-08-19T16:54:41.5988455Z
  Time since last request: 71.4510008 seconds.
  importAddress: GUID: 920c7a6bcbdcb6c4f9efdc8e7b0d450c - Path: Assets/Scripts/Cards/DeckManager1.cs - Importer: ScriptedImporter/UnityEditor.QuickSearchModule:UnityEditor.Search:ASIAI0B
Importing 'GUID: 920c7a6bcbdcb6c4f9efdc8e7b0d450c - Path: Assets/Scripts/Cards/DeckManager1.cs - Importer: ScriptedImporter/UnityEditor.QuickSearchModule:UnityEditor.Search:ASIAI0B' with importer (ScriptedImporter : UnityEditor.QuickSearchModule:UnityEditor.Search:ASIAI0B)
Imported 'GUID: 920c7a6bcbdcb6c4f9efdc8e7b0d450c' -> (Import Result ID: '1f31d05f4f9b0f7643e1e0a0d1975585') in 0.123 seconds [static and dynamic dependencies]. Details - ImportResultOutputID=2aedb56dabd967a7ae24ec57d482e700 DependenciesID=40be9169dc4dcbb94f3c292a5ff9dd92 StaticDependenciesID=75c890b86a94cce216181926021667bc 
Number of updated asset objects reloaded before import = 0
Number of asset objects unloaded after import = 0
========================================================================
Received Prepare
AcceleratorClientConnectionCallback - disconnected - :0
[Licensing::Client] Successfully resolved entitlement details
Begin MonoManager ReloadAssembly
Symbol file LoadedFromMemory is not a mono symbol file
Symbol file LoadedFromMemory is not a mono symbol file
Refreshing native plugins compatible for Editor in 11.42 ms, found 6 plugins.
Native extension for WindowsStandalone target not found
Native extension for WebGL target not found
[Package Manager] Failed to launch server process. Reason: Unity was launched with the -noUpm command-line argument
[Package Manager] Unable to send message (not connected to server process).
[Package Manager] Cannot connect to Unity Package Manager local server
Refreshing native plugins compatible for Editor in 12.55 ms, found 6 plugins.
[Package Manager] Failed to launch server process. Reason: Unity was launched with the -noUpm command-line argument
[Package Manager] Unable to send message (not connected to server process).
[Package Manager] Cannot connect to Unity Package Manager local server
[Licensing::Client] Error: Code 404 while processing request (status: Found 0 entitlement groups and 0 free entitlements matching requested entitlement ids)
ScheduleIndexationOnStartup MainProcess:False IndexOnStartup:True
Mono: successfully reloaded assembly
- Finished resetting the current domain, in  3.639 seconds
Domain Reload Profiling: 5829ms
	BeginReloadAssembly (440ms)
		DisableScriptedObjects (55ms)
		CreateAndSetChildDomain (134ms)
	RebuildCommonClasses (12ms)
	RebuildNativeTypeToScriptingClass (20ms)
	initialDomainReloadingComplete (163ms)
	LoadAllAssembliesAndSetupDomain (1555ms)
		LoadAssemblies (831ms)
		AnalyzeDomain (641ms)
			TypeCache.Refresh (26ms)
			BuildScriptInfoCaches (602ms)
			ResolveRequiredComponents (9ms)
	FinalizeReload (3640ms)
		SetupLoadedEditorAssemblies (0ms)
			InitializePlatformSupportModulesInManaged (4ms)
			BeforeProcessingInitializeOnLoad (314ms)
			ProcessInitializeOnLoadAttributes (1613ms)
			ProcessInitializeOnLoadMethodAttributes (1113ms)
			AfterProcessingInitializeOnLoad (15ms)
		AwakeInstancesAfterBackupRestoration (70ms)
Refreshing native plugins compatible for Editor in 8.79 ms, found 6 plugins.
Unloading 65 Unused Serialized files (Serialized files now loaded: 0)
Unloading 13200 unused Assets / (24.1 MB). Loaded Objects now: 14259.
Memory consumption went from 0.54 GB to 0.52 GB.
Total: 56.669300 ms (FindLiveObjects: 2.650100 ms CreateObjectMapping: 10.073500 ms MarkObjects: 29.831900 ms  DeleteObjects: 14.111800 ms)

Prepare: number of updated asset objects reloaded= 0
========================================================================
Received Prepare
AcceleratorClientConnectionCallback - disconnected - :0
Refreshing native plugins compatible for Editor in 12.78 ms, found 6 plugins.
Unloading 65 Unused Serialized files (Serialized files now loaded: 0)
Unloading 13165 unused Assets / (25.9 MB). Loaded Objects now: 14259.
Memory consumption went from 0.54 GB to 0.52 GB.
Total: 55.782000 ms (FindLiveObjects: 2.749300 ms CreateObjectMapping: 12.128700 ms MarkObjects: 27.234500 ms  DeleteObjects: 13.667200 ms)

Prepare: number of updated asset objects reloaded= 0
========================================================================
Received Import Request.
  Time of request: 2026-08-19T16:55:41.456971Z
  Time since last request: 59.7145438 seconds.
  importAddress: GUID: 920c7a6bcbdcb6c4f9efdc8e7b0d450c - Path: Assets/Scripts/Cards/DeckManager.cs - Importer: ScriptedImporter/UnityEditor.QuickSearchModule:UnityEditor.Search:ASIAI0B
Importing 'GUID: 920c7a6bcbdcb6c4f9efdc8e7b0d450c - Path: Assets/Scripts/Cards/DeckManager.cs - Importer: ScriptedImporter/UnityEditor.QuickSearchModule:UnityEditor.Search:ASIAI0B' with importer (ScriptedImporter : UnityEditor.QuickSearchModule:UnityEditor.Search:ASIAI0B)
Imported 'GUID: 920c7a6bcbdcb6c4f9efdc8e7b0d450c' -> (Import Result ID: 'ddcebe5d33bd09c9cc63a290ccb32b67') in 0.148 seconds [static and dynamic dependencies]. Details - ImportResultOutputID=ce31e8bfa7d842279919174a9c0ce18b DependenciesID=38cb98e9d46d484ad5bdc62f19ce8a79 StaticDependenciesID=d8062fac4465b9bae7a372bdaae86fbc 
Number of updated asset objects reloaded before import = 0
Number of asset objects unloaded after import = 0
========================================================================
Received Import Request.
  Time of request: 2026-08-19T16:55:41.6625534Z
  Time since last request: 0.0176308 seconds.
  importAddress: GUID: 920c7a6bcbdcb6c4f9efdc8e7b0d450c - Path: Assets/Scripts/Cards/DeckManager.cs - Importer: PreviewImporter
Importing 'GUID: 920c7a6bcbdcb6c4f9efdc8e7b0d450c - Path: Assets/Scripts/Cards/DeckManager.cs - Importer: PreviewImporter' with importer (PreviewImporter)
Imported 'GUID: 920c7a6bcbdcb6c4f9efdc8e7b0d450c' -> (Import Result ID: '0e959202186f839f787fc46568b30f91') in 0.006 seconds [static and dynamic dependencies]. Details - ImportResultOutputID=fc7777b06659fa4a4eacb95880062344 DependenciesID=a6a1c836ca13d0977f834dc74b759901 StaticDependenciesID=5203a7d42f97d6c5497ace0405f497b6 
Number of updated asset objects reloaded before import = 0
Number of asset objects unloaded after import = 0
========================================================================
Received Import Request.
  Time of request: 2026-08-19T16:55:41.6993909Z
  Time since last request: 0.0022204 seconds.
  importAddress: GUID: 920c7a6bcbdcb6c4f9efdc8e7b0d450c - Path: Assets/Scripts/Cards/DeckManager.cs - Importer: PreviewImporter
Importing 'GUID: 920c7a6bcbdcb6c4f9efdc8e7b0d450c - Path: Assets/Scripts/Cards/DeckManager.cs - Importer: PreviewImporter' with importer (PreviewImporter)
Imported 'GUID: 920c7a6bcbdcb6c4f9efdc8e7b0d450c' -> (Import Result ID: '0e959202186f839f787fc46568b30f91') in 0.001 seconds [static and dynamic dependencies]. Details - ImportResultOutputID=fc7777b06659fa4a4eacb95880062344 DependenciesID=a6a1c836ca13d0977f834dc74b759901 StaticDependenciesID=5203a7d42f97d6c5497ace0405f497b6 
Number of updated asset objects reloaded before import = 0
Number of asset objects unloaded after import = 0
========================================================================
Received Import Request.
  Time of request: 2026-08-19T16:55:42.9270976Z
  Time since last request: 1.2046337 seconds.
  importAddress: GUID: 920c7a6bcbdcb6c4f9efdc8e7b0d450c - Path: Assets/Scripts/Cards/DeckManager.cs - Importer: PreviewImporter
Importing 'GUID: 920c7a6bcbdcb6c4f9efdc8e7b0d450c - Path: Assets/Scripts/Cards/DeckManager.cs - Importer: PreviewImporter' with importer (PreviewImporter)
Imported 'GUID: 920c7a6bcbdcb6c4f9efdc8e7b0d450c' -> (Import Result ID: '0e959202186f839f787fc46568b30f91') in 0.001 seconds [static and dynamic dependencies]. Details - ImportResultOutputID=fc7777b06659fa4a4eacb95880062344 DependenciesID=a6a1c836ca13d0977f834dc74b759901 StaticDependenciesID=5203a7d42f97d6c5497ace0405f497b6 
Number of updated asset objects reloaded before import = 0
Number of asset objects unloaded after import = 0
========================================================================
Received Import Request.
  Time of request: 2026-08-19T16:55:42.9834558Z
  Time since last request: 0.0388084 seconds.
  importAddress: GUID: 920c7a6bcbdcb6c4f9efdc8e7b0d450c - Path: Assets/Scripts/Cards/DeckManager.cs - Importer: PreviewImporter
Importing 'GUID: 920c7a6bcbdcb6c4f9efdc8e7b0d450c - Path: Assets/Scripts/Cards/DeckManager.cs - Importer: PreviewImporter' with importer (PreviewImporter)
Imported 'GUID: 920c7a6bcbdcb6c4f9efdc8e7b0d450c' -> (Import Result ID: '0e959202186f839f787fc46568b30f91') in 0.001 seconds [static and dynamic dependencies]. Details - ImportResultOutputID=fc7777b06659fa4a4eacb95880062344 DependenciesID=a6a1c836ca13d0977f834dc74b759901 StaticDependenciesID=5203a7d42f97d6c5497ace0405f497b6 
Number of updated asset objects reloaded before import = 0
Number of asset objects unloaded after import = 0
========================================================================
Received Import Request.
  Time of request: 2026-08-19T16:55:43.0065083Z
  Time since last request: 0.0015289 seconds.
  importAddress: GUID: 920c7a6bcbdcb6c4f9efdc8e7b0d450c - Path: Assets/Scripts/Cards/DeckManager.cs - Importer: PreviewImporter
Importing 'GUID: 920c7a6bcbdcb6c4f9efdc8e7b0d450c - Path: Assets/Scripts/Cards/DeckManager.cs - Importer: PreviewImporter' with importer (PreviewImporter)
Imported 'GUID: 920c7a6bcbdcb6c4f9efdc8e7b0d450c' -> (Import Result ID: '0e959202186f839f787fc46568b30f91') in 0.001 seconds [static and dynamic dependencies]. Details - ImportResultOutputID=fc7777b06659fa4a4eacb95880062344 DependenciesID=a6a1c836ca13d0977f834dc74b759901 StaticDependenciesID=5203a7d42f97d6c5497ace0405f497b6 
Number of updated asset objects reloaded before import = 0
Number of asset objects unloaded after import = 0
========================================================================
Received Import Request.
  Time of request: 2026-08-19T16:55:43.0264042Z
  Time since last request: 0.0017021 seconds.
  importAddress: GUID: 920c7a6bcbdcb6c4f9efdc8e7b0d450c - Path: Assets/Scripts/Cards/DeckManager.cs - Importer: PreviewImporter
Importing 'GUID: 920c7a6bcbdcb6c4f9efdc8e7b0d450c - Path: Assets/Scripts/Cards/DeckManager.cs - Importer: PreviewImporter' with importer (PreviewImporter)
Imported 'GUID: 920c7a6bcbdcb6c4f9efdc8e7b0d450c' -> (Import Result ID: '0e959202186f839f787fc46568b30f91') in 0.001 seconds [static and dynamic dependencies]. Details - ImportResultOutputID=fc7777b06659fa4a4eacb95880062344 DependenciesID=a6a1c836ca13d0977f834dc74b759901 StaticDependenciesID=5203a7d42f97d6c5497ace0405f497b6 
Number of updated asset objects reloaded before import = 0
Number of asset objects unloaded after import = 0
========================================================================
Received Import Request.
  Time of request: 2026-08-19T16:55:43.0556463Z
  Time since last request: 0.0040122 seconds.
  importAddress: GUID: 920c7a6bcbdcb6c4f9efdc8e7b0d450c - Path: Assets/Scripts/Cards/DeckManager.cs - Importer: PreviewImporter
Importing 'GUID: 920c7a6bcbdcb6c4f9efdc8e7b0d450c - Path: Assets/Scripts/Cards/DeckManager.cs - Importer: PreviewImporter' with importer (PreviewImporter)
Imported 'GUID: 920c7a6bcbdcb6c4f9efdc8e7b0d450c' -> (Import Result ID: '0e959202186f839f787fc46568b30f91') in 0.001 seconds [static and dynamic dependencies]. Details - ImportResultOutputID=fc7777b06659fa4a4eacb95880062344 DependenciesID=a6a1c836ca13d0977f834dc74b759901 StaticDependenciesID=5203a7d42f97d6c5497ace0405f497b6 
Number of updated asset objects reloaded before import = 0
Number of asset objects unloaded after import = 0
========================================================================
Received Import Request.
  Time of request: 2026-08-19T16:55:43.0835043Z
  Time since last request: 0.0036952 seconds.
  importAddress: GUID: 920c7a6bcbdcb6c4f9efdc8e7b0d450c - Path: Assets/Scripts/Cards/DeckManager.cs - Importer: PreviewImporter
Importing 'GUID: 920c7a6bcbdcb6c4f9efdc8e7b0d450c - Path: Assets/Scripts/Cards/DeckManager.cs - Importer: PreviewImporter' with importer (PreviewImporter)
Imported 'GUID: 920c7a6bcbdcb6c4f9efdc8e7b0d450c' -> (Import Result ID: '0e959202186f839f787fc46568b30f91') in 0.001 seconds [static and dynamic dependencies]. Details - ImportResultOutputID=fc7777b06659fa4a4eacb95880062344 DependenciesID=a6a1c836ca13d0977f834dc74b759901 StaticDependenciesID=5203a7d42f97d6c5497ace0405f497b6 
Number of updated asset objects reloaded before import = 0
Number of asset objects unloaded after import = 0
========================================================================
Received Import Request.
  Time of request: 2026-08-19T16:55:43.108989Z
  Time since last request: 0.0016824 seconds.
  importAddress: GUID: 920c7a6bcbdcb6c4f9efdc8e7b0d450c - Path: Assets/Scripts/Cards/DeckManager.cs - Importer: PreviewImporter
Importing 'GUID: 920c7a6bcbdcb6c4f9efdc8e7b0d450c - Path: Assets/Scripts/Cards/DeckManager.cs - Importer: PreviewImporter' with importer (PreviewImporter)
Imported 'GUID: 920c7a6bcbdcb6c4f9efdc8e7b0d450c' -> (Import Result ID: '0e959202186f839f787fc46568b30f91') in 0.001 seconds [static and dynamic dependencies]. Details - ImportResultOutputID=fc7777b06659fa4a4eacb95880062344 DependenciesID=a6a1c836ca13d0977f834dc74b759901 StaticDependenciesID=5203a7d42f97d6c5497ace0405f497b6 
Number of updated asset objects reloaded before import = 0
Number of asset objects unloaded after import = 0
========================================================================
Received Import Request.
  Time of request: 2026-08-19T16:55:43.134936Z
  Time since last request: 0.0063014 seconds.
  importAddress: GUID: 920c7a6bcbdcb6c4f9efdc8e7b0d450c - Path: Assets/Scripts/Cards/DeckManager.cs - Importer: PreviewImporter
Importing 'GUID: 920c7a6bcbdcb6c4f9efdc8e7b0d450c - Path: Assets/Scripts/Cards/DeckManager.cs - Importer: PreviewImporter' with importer (PreviewImporter)
Imported 'GUID: 920c7a6bcbdcb6c4f9efdc8e7b0d450c' -> (Import Result ID: '0e959202186f839f787fc46568b30f91') in 0.001 seconds [static and dynamic dependencies]. Details - ImportResultOutputID=fc7777b06659fa4a4eacb95880062344 DependenciesID=a6a1c836ca13d0977f834dc74b759901 StaticDependenciesID=5203a7d42f97d6c5497ace0405f497b6 
Number of updated asset objects reloaded before import = 0
Number of asset objects unloaded after import = 0
========================================================================
Received Import Request.
  Time of request: 2026-08-19T16:55:43.1595532Z
  Time since last request: 0.0007954 seconds.
  importAddress: GUID: 920c7a6bcbdcb6c4f9efdc8e7b0d450c - Path: Assets/Scripts/Cards/DeckManager.cs - Importer: PreviewImporter
Importing 'GUID: 920c7a6bcbdcb6c4f9efdc8e7b0d450c - Path: Assets/Scripts/Cards/DeckManager.cs - Importer: PreviewImporter' with importer (PreviewImporter)
Imported 'GUID: 920c7a6bcbdcb6c4f9efdc8e7b0d450c' -> (Import Result ID: '0e959202186f839f787fc46568b30f91') in 0.001 seconds [static and dynamic dependencies]. Details - ImportResultOutputID=fc7777b06659fa4a4eacb95880062344 DependenciesID=a6a1c836ca13d0977f834dc74b759901 StaticDependenciesID=5203a7d42f97d6c5497ace0405f497b6 
Number of updated asset objects reloaded before import = 0
Number of asset objects unloaded after import = 0
========================================================================
Received Import Request.
  Time of request: 2026-08-19T16:55:43.1883251Z
  Time since last request: 0.0037564 seconds.
  importAddress: GUID: 920c7a6bcbdcb6c4f9efdc8e7b0d450c - Path: Assets/Scripts/Cards/DeckManager.cs - Importer: PreviewImporter
Importing 'GUID: 920c7a6bcbdcb6c4f9efdc8e7b0d450c - Path: Assets/Scripts/Cards/DeckManager.cs - Importer: PreviewImporter' with importer (PreviewImporter)
Imported 'GUID: 920c7a6bcbdcb6c4f9efdc8e7b0d450c' -> (Import Result ID: '0e959202186f839f787fc46568b30f91') in 0.001 seconds [static and dynamic dependencies]. Details - ImportResultOutputID=fc7777b06659fa4a4eacb95880062344 DependenciesID=a6a1c836ca13d0977f834dc74b759901 StaticDependenciesID=5203a7d42f97d6c5497ace0405f497b6 
Number of updated asset objects reloaded before import = 0
Number of asset objects unloaded after import = 0
========================================================================
Received Import Request.
  Time of request: 2026-08-19T16:55:43.2141284Z
  Time since last request: 0.0040367 seconds.
  importAddress: GUID: 920c7a6bcbdcb6c4f9efdc8e7b0d450c - Path: Assets/Scripts/Cards/DeckManager.cs - Importer: PreviewImporter
Importing 'GUID: 920c7a6bcbdcb6c4f9efdc8e7b0d450c - Path: Assets/Scripts/Cards/DeckManager.cs - Importer: PreviewImporter' with importer (PreviewImporter)
Imported 'GUID: 920c7a6bcbdcb6c4f9efdc8e7b0d450c' -> (Import Result ID: '0e959202186f839f787fc46568b30f91') in 0.001 seconds [static and dynamic dependencies]. Details - ImportResultOutputID=fc7777b06659fa4a4eacb95880062344 DependenciesID=a6a1c836ca13d0977f834dc74b759901 StaticDependenciesID=5203a7d42f97d6c5497ace0405f497b6 
Number of updated asset objects reloaded before import = 0
Number of asset objects unloaded after import = 0
========================================================================
Received Import Request.
  Time of request: 2026-08-19T16:55:43.2398965Z
  Time since last request: 0.0031038 seconds.
  importAddress: GUID: 920c7a6bcbdcb6c4f9efdc8e7b0d450c - Path: Assets/Scripts/Cards/DeckManager.cs - Importer: PreviewImporter
Importing 'GUID: 920c7a6bcbdcb6c4f9efdc8e7b0d450c - Path: Assets/Scripts/Cards/DeckManager.cs - Importer: PreviewImporter' with importer (PreviewImporter)
Imported 'GUID: 920c7a6bcbdcb6c4f9efdc8e7b0d450c' -> (Import Result ID: '0e959202186f839f787fc46568b30f91') in 0.001 seconds [static and dynamic dependencies]. Details - ImportResultOutputID=fc7777b06659fa4a4eacb95880062344 DependenciesID=a6a1c836ca13d0977f834dc74b759901 StaticDependenciesID=5203a7d42f97d6c5497ace0405f497b6 
Number of updated asset objects reloaded before import = 0
Number of asset objects unloaded after import = 0
========================================================================
Received Import Request.
  Time of request: 2026-08-19T16:55:43.263496Z
  Time since last request: 0.0031818 seconds.
  importAddress: GUID: 920c7a6bcbdcb6c4f9efdc8e7b0d450c - Path: Assets/Scripts/Cards/DeckManager.cs - Importer: PreviewImporter
Importing 'GUID: 920c7a6bcbdcb6c4f9efdc8e7b0d450c - Path: Assets/Scripts/Cards/DeckManager.cs - Importer: PreviewImporter' with importer (PreviewImporter)
Imported 'GUID: 920c7a6bcbdcb6c4f9efdc8e7b0d450c' -> (Import Result ID: '0e959202186f839f787fc46568b30f91') in 0.001 seconds [static and dynamic dependencies]. Details - ImportResultOutputID=fc7777b06659fa4a4eacb95880062344 DependenciesID=a6a1c836ca13d0977f834dc74b759901 StaticDependenciesID=5203a7d42f97d6c5497ace0405f497b6 
Number of updated asset objects reloaded before import = 0
Number of asset objects unloaded after import = 0
========================================================================
Received Import Request.
  Time of request: 2026-08-19T16:55:43.2856446Z
  Time since last request: 0.0030399 seconds.
  importAddress: GUID: 920c7a6bcbdcb6c4f9efdc8e7b0d450c - Path: Assets/Scripts/Cards/DeckManager.cs - Importer: PreviewImporter
Importing 'GUID: 920c7a6bcbdcb6c4f9efdc8e7b0d450c - Path: Assets/Scripts/Cards/DeckManager.cs - Importer: PreviewImporter' with importer (PreviewImporter)
Imported 'GUID: 920c7a6bcbdcb6c4f9efdc8e7b0d450c' -> (Import Result ID: '0e959202186f839f787fc46568b30f91') in 0.001 seconds [static and dynamic dependencies]. Details - ImportResultOutputID=fc7777b06659fa4a4eacb95880062344 DependenciesID=a6a1c836ca13d0977f834dc74b759901 StaticDependenciesID=5203a7d42f97d6c5497ace0405f497b6 
Number of updated asset objects reloaded before import = 0
Number of asset objects unloaded after import = 0
========================================================================
Received Import Request.
  Time of request: 2026-08-19T16:55:43.308908Z
  Time since last request: 0.0037991 seconds.
  importAddress: GUID: 920c7a6bcbdcb6c4f9efdc8e7b0d450c - Path: Assets/Scripts/Cards/DeckManager.cs - Importer: PreviewImporter
Importing 'GUID: 920c7a6bcbdcb6c4f9efdc8e7b0d450c - Path: Assets/Scripts/Cards/DeckManager.cs - Importer: PreviewImporter' with importer (PreviewImporter)
Imported 'GUID: 920c7a6bcbdcb6c4f9efdc8e7b0d450c' -> (Import Result ID: '0e959202186f839f787fc46568b30f91') in 0.001 seconds [static and dynamic dependencies]. Details - ImportResultOutputID=fc7777b06659fa4a4eacb95880062344 DependenciesID=a6a1c836ca13d0977f834dc74b759901 StaticDependenciesID=5203a7d42f97d6c5497ace0405f497b6 
Number of updated asset objects reloaded before import = 0
Number of asset objects unloaded after import = 0
========================================================================
Received Import Request.
  Time of request: 2026-08-19T16:55:43.3324587Z
  Time since last request: 0.0028044 seconds.
  importAddress: GUID: 920c7a6bcbdcb6c4f9efdc8e7b0d450c - Path: Assets/Scripts/Cards/DeckManager.cs - Importer: PreviewImporter
Importing 'GUID: 920c7a6bcbdcb6c4f9efdc8e7b0d450c - Path: Assets/Scripts/Cards/DeckManager.cs - Importer: PreviewImporter' with importer (PreviewImporter)
Imported 'GUID: 920c7a6bcbdcb6c4f9efdc8e7b0d450c' -> (Import Result ID: '0e959202186f839f787fc46568b30f91') in 0.001 seconds [static and dynamic dependencies]. Details - ImportResultOutputID=fc7777b06659fa4a4eacb95880062344 DependenciesID=a6a1c836ca13d0977f834dc74b759901 StaticDependenciesID=5203a7d42f97d6c5497ace0405f497b6 
Number of updated asset objects reloaded before import = 0
Number of asset objects unloaded after import = 0
========================================================================
Received Import Request.
  Time of request: 2026-08-19T16:55:43.3504084Z
  Time since last request: 0.0010783 seconds.
  importAddress: GUID: 920c7a6bcbdcb6c4f9efdc8e7b0d450c - Path: Assets/Scripts/Cards/DeckManager.cs - Importer: PreviewImporter
Importing 'GUID: 920c7a6bcbdcb6c4f9efdc8e7b0d450c - Path: Assets/Scripts/Cards/DeckManager.cs - Importer: PreviewImporter' with importer (PreviewImporter)
Imported 'GUID: 920c7a6bcbdcb6c4f9efdc8e7b0d450c' -> (Import Result ID: '0e959202186f839f787fc46568b30f91') in 0.001 seconds [static and dynamic dependencies]. Details - ImportResultOutputID=fc7777b06659fa4a4eacb95880062344 DependenciesID=a6a1c836ca13d0977f834dc74b759901 StaticDependenciesID=5203a7d42f97d6c5497ace0405f497b6 
Number of updated asset objects reloaded before import = 0
Number of asset objects unloaded after import = 0
========================================================================
Received Import Request.
  Time of request: 2026-08-19T16:55:43.3715875Z
  Time since last request: 0.0029532 seconds.
  importAddress: GUID: 920c7a6bcbdcb6c4f9efdc8e7b0d450c - Path: Assets/Scripts/Cards/DeckManager.cs - Importer: PreviewImporter
Importing 'GUID: 920c7a6bcbdcb6c4f9efdc8e7b0d450c - Path: Assets/Scripts/Cards/DeckManager.cs - Importer: PreviewImporter' with importer (PreviewImporter)
Imported 'GUID: 920c7a6bcbdcb6c4f9efdc8e7b0d450c' -> (Import Result ID: '0e959202186f839f787fc46568b30f91') in 0.001 seconds [static and dynamic dependencies]. Details - ImportResultOutputID=fc7777b06659fa4a4eacb95880062344 DependenciesID=a6a1c836ca13d0977f834dc74b759901 StaticDependenciesID=5203a7d42f97d6c5497ace0405f497b6 
Number of updated asset objects reloaded before import = 0
Number of asset objects unloaded after import = 0
========================================================================
Received Import Request.
  Time of request: 2026-08-19T16:55:43.3965641Z
  Time since last request: 0.0028133 seconds.
  importAddress: GUID: 920c7a6bcbdcb6c4f9efdc8e7b0d450c - Path: Assets/Scripts/Cards/DeckManager.cs - Importer: PreviewImporter
Importing 'GUID: 920c7a6bcbdcb6c4f9efdc8e7b0d450c - Path: Assets/Scripts/Cards/DeckManager.cs - Importer: PreviewImporter' with importer (PreviewImporter)
Imported 'GUID: 920c7a6bcbdcb6c4f9efdc8e7b0d450c' -> (Import Result ID: '0e959202186f839f787fc46568b30f91') in 0.001 seconds [static and dynamic dependencies]. Details - ImportResultOutputID=fc7777b06659fa4a4eacb95880062344 DependenciesID=a6a1c836ca13d0977f834dc74b759901 StaticDependenciesID=5203a7d42f97d6c5497ace0405f497b6 
Number of updated asset objects reloaded before import = 0
Number of asset objects unloaded after import = 0
========================================================================
Received Import Request.
  Time of request: 2026-08-19T16:55:43.4189341Z
  Time since last request: 0.0006012 seconds.
  importAddress: GUID: 920c7a6bcbdcb6c4f9efdc8e7b0d450c - Path: Assets/Scripts/Cards/DeckManager.cs - Importer: PreviewImporter
Importing 'GUID: 920c7a6bcbdcb6c4f9efdc8e7b0d450c - Path: Assets/Scripts/Cards/DeckManager.cs - Importer: PreviewImporter' with importer (PreviewImporter)
Imported 'GUID: 920c7a6bcbdcb6c4f9efdc8e7b0d450c' -> (Import Result ID: '0e959202186f839f787fc46568b30f91') in 0.001 seconds [static and dynamic dependencies]. Details - ImportResultOutputID=fc7777b06659fa4a4eacb95880062344 DependenciesID=a6a1c836ca13d0977f834dc74b759901 StaticDependenciesID=5203a7d42f97d6c5497ace0405f497b6 
Number of updated asset objects reloaded before import = 0
Number of asset objects unloaded after import = 0
========================================================================
Received Import Request.
  Time of request: 2026-08-19T16:55:43.4403882Z
  Time since last request: 0.0014732 seconds.
  importAddress: GUID: 920c7a6bcbdcb6c4f9efdc8e7b0d450c - Path: Assets/Scripts/Cards/DeckManager.cs - Importer: PreviewImporter
Importing 'GUID: 920c7a6bcbdcb6c4f9efdc8e7b0d450c - Path: Assets/Scripts/Cards/DeckManager.cs - Importer: PreviewImporter' with importer (PreviewImporter)
Imported 'GUID: 920c7a6bcbdcb6c4f9efdc8e7b0d450c' -> (Import Result ID: '0e959202186f839f787fc46568b30f91') in 0.001 seconds [static and dynamic dependencies]. Details - ImportResultOutputID=fc7777b06659fa4a4eacb95880062344 DependenciesID=a6a1c836ca13d0977f834dc74b759901 StaticDependenciesID=5203a7d42f97d6c5497ace0405f497b6 
Number of updated asset objects reloaded before import = 0
Number of asset objects unloaded after import = 0
========================================================================
Received Import Request.
  Time of request: 2026-08-19T16:55:43.4746728Z
  Time since last request: 0.0197666 seconds.
  importAddress: GUID: 920c7a6bcbdcb6c4f9efdc8e7b0d450c - Path: Assets/Scripts/Cards/DeckManager.cs - Importer: PreviewImporter
Importing 'GUID: 920c7a6bcbdcb6c4f9efdc8e7b0d450c - Path: Assets/Scripts/Cards/DeckManager.cs - Importer: PreviewImporter' with importer (PreviewImporter)
Imported 'GUID: 920c7a6bcbdcb6c4f9efdc8e7b0d450c' -> (Import Result ID: '0e959202186f839f787fc46568b30f91') in 0.001 seconds [static and dynamic dependencies]. Details - ImportResultOutputID=fc7777b06659fa4a4eacb95880062344 DependenciesID=a6a1c836ca13d0977f834dc74b759901 StaticDependenciesID=5203a7d42f97d6c5497ace0405f497b6 
Number of updated asset objects reloaded before import = 0
Number of asset objects unloaded after import = 0
========================================================================
Received Import Request.
  Time of request: 2026-08-19T16:55:43.4908164Z
  Time since last request: 0.0004884 seconds.
  importAddress: GUID: 920c7a6bcbdcb6c4f9efdc8e7b0d450c - Path: Assets/Scripts/Cards/DeckManager.cs - Importer: PreviewImporter
Importing 'GUID: 920c7a6bcbdcb6c4f9efdc8e7b0d450c - Path: Assets/Scripts/Cards/DeckManager.cs - Importer: PreviewImporter' with importer (PreviewImporter)
Imported 'GUID: 920c7a6bcbdcb6c4f9efdc8e7b0d450c' -> (Import Result ID: '0e959202186f839f787fc46568b30f91') in 0.001 seconds [static and dynamic dependencies]. Details - ImportResultOutputID=fc7777b06659fa4a4eacb95880062344 DependenciesID=a6a1c836ca13d0977f834dc74b759901 StaticDependenciesID=5203a7d42f97d6c5497ace0405f497b6 
Number of updated asset objects reloaded before import = 0
Number of asset objects unloaded after import = 0
========================================================================
Received Import Request.
  Time of request: 2026-08-19T16:55:43.5235268Z
  Time since last request: 0.0168986 seconds.
  importAddress: GUID: 920c7a6bcbdcb6c4f9efdc8e7b0d450c - Path: Assets/Scripts/Cards/DeckManager.cs - Importer: PreviewImporter
Importing 'GUID: 920c7a6bcbdcb6c4f9efdc8e7b0d450c - Path: Assets/Scripts/Cards/DeckManager.cs - Importer: PreviewImporter' with importer (PreviewImporter)
Imported 'GUID: 920c7a6bcbdcb6c4f9efdc8e7b0d450c' -> (Import Result ID: '0e959202186f839f787fc46568b30f91') in 0.001 seconds [static and dynamic dependencies]. Details - ImportResultOutputID=fc7777b06659fa4a4eacb95880062344 DependenciesID=a6a1c836ca13d0977f834dc74b759901 StaticDependenciesID=5203a7d42f97d6c5497ace0405f497b6 
Number of updated asset objects reloaded before import = 0
Number of asset objects unloaded after import = 0
========================================================================
Received Import Request.
  Time of request: 2026-08-19T16:55:43.5444763Z
  Time since last request: 0.0010402 seconds.
  importAddress: GUID: 920c7a6bcbdcb6c4f9efdc8e7b0d450c - Path: Assets/Scripts/Cards/DeckManager.cs - Importer: PreviewImporter
Importing 'GUID: 920c7a6bcbdcb6c4f9efdc8e7b0d450c - Path: Assets/Scripts/Cards/DeckManager.cs - Importer: PreviewImporter' with importer (PreviewImporter)
Imported 'GUID: 920c7a6bcbdcb6c4f9efdc8e7b0d450c' -> (Import Result ID: '0e959202186f839f787fc46568b30f91') in 0.001 seconds [static and dynamic dependencies]. Details - ImportResultOutputID=fc7777b06659fa4a4eacb95880062344 DependenciesID=a6a1c836ca13d0977f834dc74b759901 StaticDependenciesID=5203a7d42f97d6c5497ace0405f497b6 
Number of updated asset objects reloaded before import = 0
Number of asset objects unloaded after import = 0
========================================================================
Received Import Request.
  Time of request: 2026-08-19T16:55:43.5677139Z
  Time since last request: 0.0019443 seconds.
  importAddress: GUID: 920c7a6bcbdcb6c4f9efdc8e7b0d450c - Path: Assets/Scripts/Cards/DeckManager.cs - Importer: PreviewImporter
Importing 'GUID: 920c7a6bcbdcb6c4f9efdc8e7b0d450c - Path: Assets/Scripts/Cards/DeckManager.cs - Importer: PreviewImporter' with importer (PreviewImporter)
Imported 'GUID: 920c7a6bcbdcb6c4f9efdc8e7b0d450c' -> (Import Result ID: '0e959202186f839f787fc46568b30f91') in 0.001 seconds [static and dynamic dependencies]. Details - ImportResultOutputID=fc7777b06659fa4a4eacb95880062344 DependenciesID=a6a1c836ca13d0977f834dc74b759901 StaticDependenciesID=5203a7d42f97d6c5497ace0405f497b6 
Number of updated asset objects reloaded before import = 0
Number of asset objects unloaded after import = 0
========================================================================
Received Import Request.
  Time of request: 2026-08-19T16:55:43.5917087Z
  Time since last request: 0.0005671 seconds.
  importAddress: GUID: 920c7a6bcbdcb6c4f9efdc8e7b0d450c - Path: Assets/Scripts/Cards/DeckManager.cs - Importer: PreviewImporter
Importing 'GUID: 920c7a6bcbdcb6c4f9efdc8e7b0d450c - Path: Assets/Scripts/Cards/DeckManager.cs - Importer: PreviewImporter' with importer (PreviewImporter)
Imported 'GUID: 920c7a6bcbdcb6c4f9efdc8e7b0d450c' -> (Import Result ID: '0e959202186f839f787fc46568b30f91') in 0.001 seconds [static and dynamic dependencies]. Details - ImportResultOutputID=fc7777b06659fa4a4eacb95880062344 DependenciesID=a6a1c836ca13d0977f834dc74b759901 StaticDependenciesID=5203a7d42f97d6c5497ace0405f497b6 
Number of updated asset objects reloaded before import = 0
Number of asset objects unloaded after import = 0
========================================================================
Received Import Request.
  Time of request: 2026-08-19T16:55:43.6121022Z
  Time since last request: 0.0005289 seconds.
  importAddress: GUID: 920c7a6bcbdcb6c4f9efdc8e7b0d450c - Path: Assets/Scripts/Cards/DeckManager.cs - Importer: PreviewImporter
Importing 'GUID: 920c7a6bcbdcb6c4f9efdc8e7b0d450c - Path: Assets/Scripts/Cards/DeckManager.cs - Importer: PreviewImporter' with importer (PreviewImporter)
Imported 'GUID: 920c7a6bcbdcb6c4f9efdc8e7b0d450c' -> (Import Result ID: '0e959202186f839f787fc46568b30f91') in 0.002 seconds [static and dynamic dependencies]. Details - ImportResultOutputID=fc7777b06659fa4a4eacb95880062344 DependenciesID=a6a1c836ca13d0977f834dc74b759901 StaticDependenciesID=5203a7d42f97d6c5497ace0405f497b6 
Number of updated asset objects reloaded before import = 0
Number of asset objects unloaded after import = 0
========================================================================
Received Import Request.
  Time of request: 2026-08-19T16:55:43.6357856Z
  Time since last request: 0.0012626 seconds.
  importAddress: GUID: 920c7a6bcbdcb6c4f9efdc8e7b0d450c - Path: Assets/Scripts/Cards/DeckManager.cs - Importer: PreviewImporter
Importing 'GUID: 920c7a6bcbdcb6c4f9efdc8e7b0d450c - Path: Assets/Scripts/Cards/DeckManager.cs - Importer: PreviewImporter' with importer (PreviewImporter)
Imported 'GUID: 920c7a6bcbdcb6c4f9efdc8e7b0d450c' -> (Import Result ID: '0e959202186f839f787fc46568b30f91') in 0.001 seconds [static and dynamic dependencies]. Details - ImportResultOutputID=fc7777b06659fa4a4eacb95880062344 DependenciesID=a6a1c836ca13d0977f834dc74b759901 StaticDependenciesID=5203a7d42f97d6c5497ace0405f497b6 
Number of updated asset objects reloaded before import = 0
Number of asset objects unloaded after import = 0
========================================================================
Received Import Request.
  Time of request: 2026-08-19T16:55:43.6576397Z
  Time since last request: 0.0018057 seconds.
  importAddress: GUID: 920c7a6bcbdcb6c4f9efdc8e7b0d450c - Path: Assets/Scripts/Cards/DeckManager.cs - Importer: PreviewImporter
Importing 'GUID: 920c7a6bcbdcb6c4f9efdc8e7b0d450c - Path: Assets/Scripts/Cards/DeckManager.cs - Importer: PreviewImporter' with importer (PreviewImporter)
Imported 'GUID: 920c7a6bcbdcb6c4f9efdc8e7b0d450c' -> (Import Result ID: '0e959202186f839f787fc46568b30f91') in 0.001 seconds [static and dynamic dependencies]. Details - ImportResultOutputID=fc7777b06659fa4a4eacb95880062344 DependenciesID=a6a1c836ca13d0977f834dc74b759901 StaticDependenciesID=5203a7d42f97d6c5497ace0405f497b6 
Number of updated asset objects reloaded before import = 0
Number of asset objects unloaded after import = 0
========================================================================
Received Import Request.
  Time of request: 2026-08-19T16:55:43.6837498Z
  Time since last request: 0.0028493 seconds.
  importAddress: GUID: 920c7a6bcbdcb6c4f9efdc8e7b0d450c - Path: Assets/Scripts/Cards/DeckManager.cs - Importer: PreviewImporter
Importing 'GUID: 920c7a6bcbdcb6c4f9efdc8e7b0d450c - Path: Assets/Scripts/Cards/DeckManager.cs - Importer: PreviewImporter' with importer (PreviewImporter)
Imported 'GUID: 920c7a6bcbdcb6c4f9efdc8e7b0d450c' -> (Import Result ID: '0e959202186f839f787fc46568b30f91') in 0.001 seconds [static and dynamic dependencies]. Details - ImportResultOutputID=fc7777b06659fa4a4eacb95880062344 DependenciesID=a6a1c836ca13d0977f834dc74b759901 StaticDependenciesID=5203a7d42f97d6c5497ace0405f497b6 
Number of updated asset objects reloaded before import = 0
Number of asset objects unloaded after import = 0
========================================================================
Received Import Request.
  Time of request: 2026-08-19T16:55:43.7060621Z
  Time since last request: 0.001009 seconds.
  importAddress: GUID: 920c7a6bcbdcb6c4f9efdc8e7b0d450c - Path: Assets/Scripts/Cards/DeckManager.cs - Importer: PreviewImporter
Importing 'GUID: 920c7a6bcbdcb6c4f9efdc8e7b0d450c - Path: Assets/Scripts/Cards/DeckManager.cs - Importer: PreviewImporter' with importer (PreviewImporter)
Imported 'GUID: 920c7a6bcbdcb6c4f9efdc8e7b0d450c' -> (Import Result ID: '0e959202186f839f787fc46568b30f91') in 0.001 seconds [static and dynamic dependencies]. Details - ImportResultOutputID=fc7777b06659fa4a4eacb95880062344 DependenciesID=a6a1c836ca13d0977f834dc74b759901 StaticDependenciesID=5203a7d42f97d6c5497ace0405f497b6 
Number of updated asset objects reloaded before import = 0
Number of asset objects unloaded after import = 0
========================================================================
Received Import Request.
  Time of request: 2026-08-19T16:55:43.7247632Z
  Time since last request: 0.0013745 seconds.
  importAddress: GUID: 920c7a6bcbdcb6c4f9efdc8e7b0d450c - Path: Assets/Scripts/Cards/DeckManager.cs - Importer: PreviewImporter
Importing 'GUID: 920c7a6bcbdcb6c4f9efdc8e7b0d450c - Path: Assets/Scripts/Cards/DeckManager.cs - Importer: PreviewImporter' with importer (PreviewImporter)
Imported 'GUID: 920c7a6bcbdcb6c4f9efdc8e7b0d450c' -> (Import Result ID: '0e959202186f839f787fc46568b30f91') in 0.001 seconds [static and dynamic dependencies]. Details - ImportResultOutputID=fc7777b06659fa4a4eacb95880062344 DependenciesID=a6a1c836ca13d0977f834dc74b759901 StaticDependenciesID=5203a7d42f97d6c5497ace0405f497b6 
Number of updated asset objects reloaded before import = 0
Number of asset objects unloaded after import = 0
========================================================================
Received Import Request.
  Time of request: 2026-08-19T16:55:43.7501536Z
  Time since last request: 0.0009481 seconds.
  importAddress: GUID: 920c7a6bcbdcb6c4f9efdc8e7b0d450c - Path: Assets/Scripts/Cards/DeckManager.cs - Importer: PreviewImporter
Importing 'GUID: 920c7a6bcbdcb6c4f9efdc8e7b0d450c - Path: Assets/Scripts/Cards/DeckManager.cs - Importer: PreviewImporter' with importer (PreviewImporter)
Imported 'GUID: 920c7a6bcbdcb6c4f9efdc8e7b0d450c' -> (Import Result ID: '0e959202186f839f787fc46568b30f91') in 0.001 seconds [static and dynamic dependencies]. Details - ImportResultOutputID=fc7777b06659fa4a4eacb95880062344 DependenciesID=a6a1c836ca13d0977f834dc74b759901 StaticDependenciesID=5203a7d42f97d6c5497ace0405f497b6 
Number of updated asset objects reloaded before import = 0
Number of asset objects unloaded after import = 0
========================================================================
Received Import Request.
  Time of request: 2026-08-19T16:55:43.7793173Z
  Time since last request: 0.0051689 seconds.
  importAddress: GUID: 920c7a6bcbdcb6c4f9efdc8e7b0d450c - Path: Assets/Scripts/Cards/DeckManager.cs - Importer: PreviewImporter
Importing 'GUID: 920c7a6bcbdcb6c4f9efdc8e7b0d450c - Path: Assets/Scripts/Cards/DeckManager.cs - Importer: PreviewImporter' with importer (PreviewImporter)
Imported 'GUID: 920c7a6bcbdcb6c4f9efdc8e7b0d450c' -> (Import Result ID: '0e959202186f839f787fc46568b30f91') in 0.001 seconds [static and dynamic dependencies]. Details - ImportResultOutputID=fc7777b06659fa4a4eacb95880062344 DependenciesID=a6a1c836ca13d0977f834dc74b759901 StaticDependenciesID=5203a7d42f97d6c5497ace0405f497b6 
Number of updated asset objects reloaded before import = 0
Number of asset objects unloaded after import = 0
========================================================================
Received Import Request.
  Time of request: 2026-08-19T16:55:43.8034628Z
  Time since last request: 0.0029232 seconds.
  importAddress: GUID: 920c7a6bcbdcb6c4f9efdc8e7b0d450c - Path: Assets/Scripts/Cards/DeckManager.cs - Importer: PreviewImporter
Importing 'GUID: 920c7a6bcbdcb6c4f9efdc8e7b0d450c - Path: Assets/Scripts/Cards/DeckManager.cs - Importer: PreviewImporter' with importer (PreviewImporter)
Imported 'GUID: 920c7a6bcbdcb6c4f9efdc8e7b0d450c' -> (Import Result ID: '0e959202186f839f787fc46568b30f91') in 0.001 seconds [static and dynamic dependencies]. Details - ImportResultOutputID=fc7777b06659fa4a4eacb95880062344 DependenciesID=a6a1c836ca13d0977f834dc74b759901 StaticDependenciesID=5203a7d42f97d6c5497ace0405f497b6 
Number of updated asset objects reloaded before import = 0
Number of asset objects unloaded after import = 0
========================================================================
Received Import Request.
  Time of request: 2026-08-19T16:55:43.8265388Z
  Time since last request: 0.0027335 seconds.
  importAddress: GUID: 920c7a6bcbdcb6c4f9efdc8e7b0d450c - Path: Assets/Scripts/Cards/DeckManager.cs - Importer: PreviewImporter
Importing 'GUID: 920c7a6bcbdcb6c4f9efdc8e7b0d450c - Path: Assets/Scripts/Cards/DeckManager.cs - Importer: PreviewImporter' with importer (PreviewImporter)
Imported 'GUID: 920c7a6bcbdcb6c4f9efdc8e7b0d450c' -> (Import Result ID: '0e959202186f839f787fc46568b30f91') in 0.001 seconds [static and dynamic dependencies]. Details - ImportResultOutputID=fc7777b06659fa4a4eacb95880062344 DependenciesID=a6a1c836ca13d0977f834dc74b759901 StaticDependenciesID=5203a7d42f97d6c5497ace0405f497b6 
Number of updated asset objects reloaded before import = 0
Number of asset objects unloaded after import = 0
========================================================================
Received Import Request.
  Time of request: 2026-08-19T16:55:43.8513797Z
  Time since last request: 0.0033475 seconds.
  importAddress: GUID: 920c7a6bcbdcb6c4f9efdc8e7b0d450c - Path: Assets/Scripts/Cards/DeckManager.cs - Importer: PreviewImporter
Importing 'GUID: 920c7a6bcbdcb6c4f9efdc8e7b0d450c - Path: Assets/Scripts/Cards/DeckManager.cs - Importer: PreviewImporter' with importer (PreviewImporter)
Imported 'GUID: 920c7a6bcbdcb6c4f9efdc8e7b0d450c' -> (Import Result ID: '0e959202186f839f787fc46568b30f91') in 0.001 seconds [static and dynamic dependencies]. Details - ImportResultOutputID=fc7777b06659fa4a4eacb95880062344 DependenciesID=a6a1c836ca13d0977f834dc74b759901 StaticDependenciesID=5203a7d42f97d6c5497ace0405f497b6 
Number of updated asset objects reloaded before import = 0
Number of asset objects unloaded after import = 0
========================================================================
Received Import Request.
  Time of request: 2026-08-19T16:55:43.8754874Z
  Time since last request: 0.0022745 seconds.
  importAddress: GUID: 920c7a6bcbdcb6c4f9efdc8e7b0d450c - Path: Assets/Scripts/Cards/DeckManager.cs - Importer: PreviewImporter
Importing 'GUID: 920c7a6bcbdcb6c4f9efdc8e7b0d450c - Path: Assets/Scripts/Cards/DeckManager.cs - Importer: PreviewImporter' with importer (PreviewImporter)
Imported 'GUID: 920c7a6bcbdcb6c4f9efdc8e7b0d450c' -> (Import Result ID: '0e959202186f839f787fc46568b30f91') in 0.001 seconds [static and dynamic dependencies]. Details - ImportResultOutputID=fc7777b06659fa4a4eacb95880062344 DependenciesID=a6a1c836ca13d0977f834dc74b759901 StaticDependenciesID=5203a7d42f97d6c5497ace0405f497b6 
Number of updated asset objects reloaded before import = 0
Number of asset objects unloaded after import = 0
========================================================================
Received Import Request.
  Time of request: 2026-08-19T16:55:43.8967966Z
  Time since last request: 0.0030444 seconds.
  importAddress: GUID: 920c7a6bcbdcb6c4f9efdc8e7b0d450c - Path: Assets/Scripts/Cards/DeckManager.cs - Importer: PreviewImporter
Importing 'GUID: 920c7a6bcbdcb6c4f9efdc8e7b0d450c - Path: Assets/Scripts/Cards/DeckManager.cs - Importer: PreviewImporter' with importer (PreviewImporter)
Imported 'GUID: 920c7a6bcbdcb6c4f9efdc8e7b0d450c' -> (Import Result ID: '0e959202186f839f787fc46568b30f91') in 0.001 seconds [static and dynamic dependencies]. Details - ImportResultOutputID=fc7777b06659fa4a4eacb95880062344 DependenciesID=a6a1c836ca13d0977f834dc74b759901 StaticDependenciesID=5203a7d42f97d6c5497ace0405f497b6 
Number of updated asset objects reloaded before import = 0
Number of asset objects unloaded after import = 0
========================================================================
Received Import Request.
  Time of request: 2026-08-19T16:55:43.9214043Z
  Time since last request: 0.0051058 seconds.
  importAddress: GUID: 920c7a6bcbdcb6c4f9efdc8e7b0d450c - Path: Assets/Scripts/Cards/DeckManager.cs - Importer: PreviewImporter
Importing 'GUID: 920c7a6bcbdcb6c4f9efdc8e7b0d450c - Path: Assets/Scripts/Cards/DeckManager.cs - Importer: PreviewImporter' with importer (PreviewImporter)
Imported 'GUID: 920c7a6bcbdcb6c4f9efdc8e7b0d450c' -> (Import Result ID: '0e959202186f839f787fc46568b30f91') in 0.001 seconds [static and dynamic dependencies]. Details - ImportResultOutputID=fc7777b06659fa4a4eacb95880062344 DependenciesID=a6a1c836ca13d0977f834dc74b759901 StaticDependenciesID=5203a7d42f97d6c5497ace0405f497b6 
Number of updated asset objects reloaded before import = 0
Number of asset objects unloaded after import = 0
========================================================================
Received Import Request.
  Time of request: 2026-08-19T16:55:43.9456132Z
  Time since last request: 0.0025321 seconds.
  importAddress: GUID: 920c7a6bcbdcb6c4f9efdc8e7b0d450c - Path: Assets/Scripts/Cards/DeckManager.cs - Importer: PreviewImporter
Importing 'GUID: 920c7a6bcbdcb6c4f9efdc8e7b0d450c - Path: Assets/Scripts/Cards/DeckManager.cs - Importer: PreviewImporter' with importer (PreviewImporter)
Imported 'GUID: 920c7a6bcbdcb6c4f9efdc8e7b0d450c' -> (Import Result ID: '0e959202186f839f787fc46568b30f91') in 0.001 seconds [static and dynamic dependencies]. Details - ImportResultOutputID=fc7777b06659fa4a4eacb95880062344 DependenciesID=a6a1c836ca13d0977f834dc74b759901 StaticDependenciesID=5203a7d42f97d6c5497ace0405f497b6 
Number of updated asset objects reloaded before import = 0
Number of asset objects unloaded after import = 0
========================================================================
Received Import Request.
  Time of request: 2026-08-19T16:55:43.9658953Z
  Time since last request: 0.0027573 seconds.
  importAddress: GUID: 920c7a6bcbdcb6c4f9efdc8e7b0d450c - Path: Assets/Scripts/Cards/DeckManager.cs - Importer: PreviewImporter
Importing 'GUID: 920c7a6bcbdcb6c4f9efdc8e7b0d450c - Path: Assets/Scripts/Cards/DeckManager.cs - Importer: PreviewImporter' with importer (PreviewImporter)
Imported 'GUID: 920c7a6bcbdcb6c4f9efdc8e7b0d450c' -> (Import Result ID: '0e959202186f839f787fc46568b30f91') in 0.001 seconds [static and dynamic dependencies]. Details - ImportResultOutputID=fc7777b06659fa4a4eacb95880062344 DependenciesID=a6a1c836ca13d0977f834dc74b759901 StaticDependenciesID=5203a7d42f97d6c5497ace0405f497b6 
Number of updated asset objects reloaded before import = 0
Number of asset objects unloaded after import = 0
========================================================================
Received Import Request.
  Time of request: 2026-08-19T16:55:43.9924679Z
  Time since last request: 0.0031547 seconds.
  importAddress: GUID: 920c7a6bcbdcb6c4f9efdc8e7b0d450c - Path: Assets/Scripts/Cards/DeckManager.cs - Importer: PreviewImporter
Importing 'GUID: 920c7a6bcbdcb6c4f9efdc8e7b0d450c - Path: Assets/Scripts/Cards/DeckManager.cs - Importer: PreviewImporter' with importer (PreviewImporter)
Imported 'GUID: 920c7a6bcbdcb6c4f9efdc8e7b0d450c' -> (Import Result ID: '0e959202186f839f787fc46568b30f91') in 0.001 seconds [static and dynamic dependencies]. Details - ImportResultOutputID=fc7777b06659fa4a4eacb95880062344 DependenciesID=a6a1c836ca13d0977f834dc74b759901 StaticDependenciesID=5203a7d42f97d6c5497ace0405f497b6 
Number of updated asset objects reloaded before import = 0
Number of asset objects unloaded after import = 0
========================================================================
Received Import Request.
  Time of request: 2026-08-19T16:55:44.0152046Z
  Time since last request: 0.0014639 seconds.
  importAddress: GUID: 920c7a6bcbdcb6c4f9efdc8e7b0d450c - Path: Assets/Scripts/Cards/DeckManager.cs - Importer: PreviewImporter
Importing 'GUID: 920c7a6bcbdcb6c4f9efdc8e7b0d450c - Path: Assets/Scripts/Cards/DeckManager.cs - Importer: PreviewImporter' with importer (PreviewImporter)
Imported 'GUID: 920c7a6bcbdcb6c4f9efdc8e7b0d450c' -> (Import Result ID: '0e959202186f839f787fc46568b30f91') in 0.001 seconds [static and dynamic dependencies]. Details - ImportResultOutputID=fc7777b06659fa4a4eacb95880062344 DependenciesID=a6a1c836ca13d0977f834dc74b759901 StaticDependenciesID=5203a7d42f97d6c5497ace0405f497b6 
Number of updated asset objects reloaded before import = 0
Number of asset objects unloaded after import = 0
========================================================================
Received Import Request.
  Time of request: 2026-08-19T16:55:44.0341248Z
  Time since last request: 0.0004912 seconds.
  importAddress: GUID: 920c7a6bcbdcb6c4f9efdc8e7b0d450c - Path: Assets/Scripts/Cards/DeckManager.cs - Importer: PreviewImporter
Importing 'GUID: 920c7a6bcbdcb6c4f9efdc8e7b0d450c - Path: Assets/Scripts/Cards/DeckManager.cs - Importer: PreviewImporter' with importer (PreviewImporter)
Imported 'GUID: 920c7a6bcbdcb6c4f9efdc8e7b0d450c' -> (Import Result ID: '0e959202186f839f787fc46568b30f91') in 0.001 seconds [static and dynamic dependencies]. Details - ImportResultOutputID=fc7777b06659fa4a4eacb95880062344 DependenciesID=a6a1c836ca13d0977f834dc74b759901 StaticDependenciesID=5203a7d42f97d6c5497ace0405f497b6 
Number of updated asset objects reloaded before import = 0
Number of asset objects unloaded after import = 0
========================================================================
Received Import Request.
  Time of request: 2026-08-19T16:55:44.0550363Z
  Time since last request: 0.0028856 seconds.
  importAddress: GUID: 920c7a6bcbdcb6c4f9efdc8e7b0d450c - Path: Assets/Scripts/Cards/DeckManager.cs - Importer: PreviewImporter
Importing 'GUID: 920c7a6bcbdcb6c4f9efdc8e7b0d450c - Path: Assets/Scripts/Cards/DeckManager.cs - Importer: PreviewImporter' with importer (PreviewImporter)
Imported 'GUID: 920c7a6bcbdcb6c4f9efdc8e7b0d450c' -> (Import Result ID: '0e959202186f839f787fc46568b30f91') in 0.001 seconds [static and dynamic dependencies]. Details - ImportResultOutputID=fc7777b06659fa4a4eacb95880062344 DependenciesID=a6a1c836ca13d0977f834dc74b759901 StaticDependenciesID=5203a7d42f97d6c5497ace0405f497b6 
Number of updated asset objects reloaded before import = 0
Number of asset objects unloaded after import = 0
========================================================================
Received Import Request.
  Time of request: 2026-08-19T16:55:44.0746854Z
  Time since last request: 0.0007084 seconds.
  importAddress: GUID: 920c7a6bcbdcb6c4f9efdc8e7b0d450c - Path: Assets/Scripts/Cards/DeckManager.cs - Importer: PreviewImporter
Importing 'GUID: 920c7a6bcbdcb6c4f9efdc8e7b0d450c - Path: Assets/Scripts/Cards/DeckManager.cs - Importer: PreviewImporter' with importer (PreviewImporter)
Imported 'GUID: 920c7a6bcbdcb6c4f9efdc8e7b0d450c' -> (Import Result ID: '0e959202186f839f787fc46568b30f91') in 0.001 seconds [static and dynamic dependencies]. Details - ImportResultOutputID=fc7777b06659fa4a4eacb95880062344 DependenciesID=a6a1c836ca13d0977f834dc74b759901 StaticDependenciesID=5203a7d42f97d6c5497ace0405f497b6 
Number of updated asset objects reloaded before import = 0
Number of asset objects unloaded after import = 0
========================================================================
Received Import Request.
  Time of request: 2026-08-19T16:55:44.0923173Z
  Time since last request: 0.0009724 seconds.
  importAddress: GUID: 920c7a6bcbdcb6c4f9efdc8e7b0d450c - Path: Assets/Scripts/Cards/DeckManager.cs - Importer: PreviewImporter
Importing 'GUID: 920c7a6bcbdcb6c4f9efdc8e7b0d450c - Path: Assets/Scripts/Cards/DeckManager.cs - Importer: PreviewImporter' with importer (PreviewImporter)
Imported 'GUID: 920c7a6bcbdcb6c4f9efdc8e7b0d450c' -> (Import Result ID: '0e959202186f839f787fc46568b30f91') in 0.001 seconds [static and dynamic dependencies]. Details - ImportResultOutputID=fc7777b06659fa4a4eacb95880062344 DependenciesID=a6a1c836ca13d0977f834dc74b759901 StaticDependenciesID=5203a7d42f97d6c5497ace0405f497b6 
Number of updated asset objects reloaded before import = 0
Number of asset objects unloaded after import = 0
========================================================================
Received Import Request.
  Time of request: 2026-08-19T16:55:44.1137776Z
  Time since last request: 0.0020488 seconds.
  importAddress: GUID: 920c7a6bcbdcb6c4f9efdc8e7b0d450c - Path: Assets/Scripts/Cards/DeckManager.cs - Importer: PreviewImporter
Importing 'GUID: 920c7a6bcbdcb6c4f9efdc8e7b0d450c - Path: Assets/Scripts/Cards/DeckManager.cs - Importer: PreviewImporter' with importer (PreviewImporter)
Imported 'GUID: 920c7a6bcbdcb6c4f9efdc8e7b0d450c' -> (Import Result ID: '0e959202186f839f787fc46568b30f91') in 0.001 seconds [static and dynamic dependencies]. Details - ImportResultOutputID=fc7777b06659fa4a4eacb95880062344 DependenciesID=a6a1c836ca13d0977f834dc74b759901 StaticDependenciesID=5203a7d42f97d6c5497ace0405f497b6 
Number of updated asset objects reloaded before import = 0
Number of asset objects unloaded after import = 0
========================================================================
Received Import Request.
  Time of request: 2026-08-19T16:55:44.140256Z
  Time since last request: 0.0031618 seconds.
  importAddress: GUID: 920c7a6bcbdcb6c4f9efdc8e7b0d450c - Path: Assets/Scripts/Cards/DeckManager.cs - Importer: PreviewImporter
Importing 'GUID: 920c7a6bcbdcb6c4f9efdc8e7b0d450c - Path: Assets/Scripts/Cards/DeckManager.cs - Importer: PreviewImporter' with importer (PreviewImporter)
Imported 'GUID: 920c7a6bcbdcb6c4f9efdc8e7b0d450c' -> (Import Result ID: '0e959202186f839f787fc46568b30f91') in 0.001 seconds [static and dynamic dependencies]. Details - ImportResultOutputID=fc7777b06659fa4a4eacb95880062344 DependenciesID=a6a1c836ca13d0977f834dc74b759901 StaticDependenciesID=5203a7d42f97d6c5497ace0405f497b6 
Number of updated asset objects reloaded before import = 0
Number of asset objects unloaded after import = 0
========================================================================
Received Import Request.
  Time of request: 2026-08-19T16:55:44.1633316Z
  Time since last request: 0.0036051 seconds.
  importAddress: GUID: 920c7a6bcbdcb6c4f9efdc8e7b0d450c - Path: Assets/Scripts/Cards/DeckManager.cs - Importer: PreviewImporter
Importing 'GUID: 920c7a6bcbdcb6c4f9efdc8e7b0d450c - Path: Assets/Scripts/Cards/DeckManager.cs - Importer: PreviewImporter' with importer (PreviewImporter)
Imported 'GUID: 920c7a6bcbdcb6c4f9efdc8e7b0d450c' -> (Import Result ID: '0e959202186f839f787fc46568b30f91') in 0.001 seconds [static and dynamic dependencies]. Details - ImportResultOutputID=fc7777b06659fa4a4eacb95880062344 DependenciesID=a6a1c836ca13d0977f834dc74b759901 StaticDependenciesID=5203a7d42f97d6c5497ace0405f497b6 
Number of updated asset objects reloaded before import = 0
Number of asset objects unloaded after import = 0
========================================================================
Received Import Request.
  Time of request: 2026-08-19T16:55:44.1809924Z
  Time since last request: 0.0004107 seconds.
  importAddress: GUID: 920c7a6bcbdcb6c4f9efdc8e7b0d450c - Path: Assets/Scripts/Cards/DeckManager.cs - Importer: PreviewImporter
Importing 'GUID: 920c7a6bcbdcb6c4f9efdc8e7b0d450c - Path: Assets/Scripts/Cards/DeckManager.cs - Importer: PreviewImporter' with importer (PreviewImporter)
Imported 'GUID: 920c7a6bcbdcb6c4f9efdc8e7b0d450c' -> (Import Result ID: '0e959202186f839f787fc46568b30f91') in 0.001 seconds [static and dynamic dependencies]. Details - ImportResultOutputID=fc7777b06659fa4a4eacb95880062344 DependenciesID=a6a1c836ca13d0977f834dc74b759901 StaticDependenciesID=5203a7d42f97d6c5497ace0405f497b6 
Number of updated asset objects reloaded before import = 0
Number of asset objects unloaded after import = 0
========================================================================
Received Import Request.
  Time of request: 2026-08-19T16:55:44.2038221Z
  Time since last request: 0.00357 seconds.
  importAddress: GUID: 920c7a6bcbdcb6c4f9efdc8e7b0d450c - Path: Assets/Scripts/Cards/DeckManager.cs - Importer: PreviewImporter
Importing 'GUID: 920c7a6bcbdcb6c4f9efdc8e7b0d450c - Path: Assets/Scripts/Cards/DeckManager.cs - Importer: PreviewImporter' with importer (PreviewImporter)
Imported 'GUID: 920c7a6bcbdcb6c4f9efdc8e7b0d450c' -> (Import Result ID: '0e959202186f839f787fc46568b30f91') in 0.001 seconds [static and dynamic dependencies]. Details - ImportResultOutputID=fc7777b06659fa4a4eacb95880062344 DependenciesID=a6a1c836ca13d0977f834dc74b759901 StaticDependenciesID=5203a7d42f97d6c5497ace0405f497b6 
Number of updated asset objects reloaded before import = 0
Number of asset objects unloaded after import = 0
========================================================================
Received Import Request.
  Time of request: 2026-08-19T16:55:44.2237346Z
  Time since last request: 0.0012338 seconds.
  importAddress: GUID: 920c7a6bcbdcb6c4f9efdc8e7b0d450c - Path: Assets/Scripts/Cards/DeckManager.cs - Importer: PreviewImporter
Importing 'GUID: 920c7a6bcbdcb6c4f9efdc8e7b0d450c - Path: Assets/Scripts/Cards/DeckManager.cs - Importer: PreviewImporter' with importer (PreviewImporter)
Imported 'GUID: 920c7a6bcbdcb6c4f9efdc8e7b0d450c' -> (Import Result ID: '0e959202186f839f787fc46568b30f91') in 0.001 seconds [static and dynamic dependencies]. Details - ImportResultOutputID=fc7777b06659fa4a4eacb95880062344 DependenciesID=a6a1c836ca13d0977f834dc74b759901 StaticDependenciesID=5203a7d42f97d6c5497ace0405f497b6 
Number of updated asset objects reloaded before import = 0
Number of asset objects unloaded after import = 0
========================================================================
Received Import Request.
  Time of request: 2026-08-19T16:55:44.247084Z
  Time since last request: 0.0023578 seconds.
  importAddress: GUID: 920c7a6bcbdcb6c4f9efdc8e7b0d450c - Path: Assets/Scripts/Cards/DeckManager.cs - Importer: PreviewImporter
Importing 'GUID: 920c7a6bcbdcb6c4f9efdc8e7b0d450c - Path: Assets/Scripts/Cards/DeckManager.cs - Importer: PreviewImporter' with importer (PreviewImporter)
Imported 'GUID: 920c7a6bcbdcb6c4f9efdc8e7b0d450c' -> (Import Result ID: '0e959202186f839f787fc46568b30f91') in 0.001 seconds [static and dynamic dependencies]. Details - ImportResultOutputID=fc7777b06659fa4a4eacb95880062344 DependenciesID=a6a1c836ca13d0977f834dc74b759901 StaticDependenciesID=5203a7d42f97d6c5497ace0405f497b6 
Number of updated asset objects reloaded before import = 0
Number of asset objects unloaded after import = 0
========================================================================
Received Import Request.
  Time of request: 2026-08-19T16:55:44.2710179Z
  Time since last request: 0.0012418 seconds.
  importAddress: GUID: 920c7a6bcbdcb6c4f9efdc8e7b0d450c - Path: Assets/Scripts/Cards/DeckManager.cs - Importer: PreviewImporter
Importing 'GUID: 920c7a6bcbdcb6c4f9efdc8e7b0d450c - Path: Assets/Scripts/Cards/DeckManager.cs - Importer: PreviewImporter' with importer (PreviewImporter)
Imported 'GUID: 920c7a6bcbdcb6c4f9efdc8e7b0d450c' -> (Import Result ID: '0e959202186f839f787fc46568b30f91') in 0.001 seconds [static and dynamic dependencies]. Details - ImportResultOutputID=fc7777b06659fa4a4eacb95880062344 DependenciesID=a6a1c836ca13d0977f834dc74b759901 StaticDependenciesID=5203a7d42f97d6c5497ace0405f497b6 
Number of updated asset objects reloaded before import = 0
Number of asset objects unloaded after import = 0
========================================================================
Received Import Request.
  Time of request: 2026-08-19T16:55:44.2961522Z
  Time since last request: 0.0007248 seconds.
  importAddress: GUID: 920c7a6bcbdcb6c4f9efdc8e7b0d450c - Path: Assets/Scripts/Cards/DeckManager.cs - Importer: PreviewImporter
Importing 'GUID: 920c7a6bcbdcb6c4f9efdc8e7b0d450c - Path: Assets/Scripts/Cards/DeckManager.cs - Importer: PreviewImporter' with importer (PreviewImporter)
Imported 'GUID: 920c7a6bcbdcb6c4f9efdc8e7b0d450c' -> (Import Result ID: '0e959202186f839f787fc46568b30f91') in 0.001 seconds [static and dynamic dependencies]. Details - ImportResultOutputID=fc7777b06659fa4a4eacb95880062344 DependenciesID=a6a1c836ca13d0977f834dc74b759901 StaticDependenciesID=5203a7d42f97d6c5497ace0405f497b6 
Number of updated asset objects reloaded before import = 0
Number of asset objects unloaded after import = 0
========================================================================
Received Import Request.
  Time of request: 2026-08-19T16:55:44.3198023Z
  Time since last request: 0.0036741 seconds.
  importAddress: GUID: 920c7a6bcbdcb6c4f9efdc8e7b0d450c - Path: Assets/Scripts/Cards/DeckManager.cs - Importer: PreviewImporter
Importing 'GUID: 920c7a6bcbdcb6c4f9efdc8e7b0d450c - Path: Assets/Scripts/Cards/DeckManager.cs - Importer: PreviewImporter' with importer (PreviewImporter)
Imported 'GUID: 920c7a6bcbdcb6c4f9efdc8e7b0d450c' -> (Import Result ID: '0e959202186f839f787fc46568b30f91') in 0.001 seconds [static and dynamic dependencies]. Details - ImportResultOutputID=fc7777b06659fa4a4eacb95880062344 DependenciesID=a6a1c836ca13d0977f834dc74b759901 StaticDependenciesID=5203a7d42f97d6c5497ace0405f497b6 
Number of updated asset objects reloaded before import = 0
Number of asset objects unloaded after import = 0
========================================================================
Received Import Request.
  Time of request: 2026-08-19T16:55:44.3465989Z
  Time since last request: 0.0040161 seconds.
  importAddress: GUID: 920c7a6bcbdcb6c4f9efdc8e7b0d450c - Path: Assets/Scripts/Cards/DeckManager.cs - Importer: PreviewImporter
Importing 'GUID: 920c7a6bcbdcb6c4f9efdc8e7b0d450c - Path: Assets/Scripts/Cards/DeckManager.cs - Importer: PreviewImporter' with importer (PreviewImporter)
Imported 'GUID: 920c7a6bcbdcb6c4f9efdc8e7b0d450c' -> (Import Result ID: '0e959202186f839f787fc46568b30f91') in 0.001 seconds [static and dynamic dependencies]. Details - ImportResultOutputID=fc7777b06659fa4a4eacb95880062344 DependenciesID=a6a1c836ca13d0977f834dc74b759901 StaticDependenciesID=5203a7d42f97d6c5497ace0405f497b6 
Number of updated asset objects reloaded before import = 0
Number of asset objects unloaded after import = 0
========================================================================
Received Import Request.
  Time of request: 2026-08-19T16:55:44.3641664Z
  Time since last request: 0.0006708 seconds.
  importAddress: GUID: 920c7a6bcbdcb6c4f9efdc8e7b0d450c - Path: Assets/Scripts/Cards/DeckManager.cs - Importer: PreviewImporter
Importing 'GUID: 920c7a6bcbdcb6c4f9efdc8e7b0d450c - Path: Assets/Scripts/Cards/DeckManager.cs - Importer: PreviewImporter' with importer (PreviewImporter)
Imported 'GUID: 920c7a6bcbdcb6c4f9efdc8e7b0d450c' -> (Import Result ID: '0e959202186f839f787fc46568b30f91') in 0.001 seconds [static and dynamic dependencies]. Details - ImportResultOutputID=fc7777b06659fa4a4eacb95880062344 DependenciesID=a6a1c836ca13d0977f834dc74b759901 StaticDependenciesID=5203a7d42f97d6c5497ace0405f497b6 
Number of updated asset objects reloaded before import = 0
Number of asset objects unloaded after import = 0
========================================================================
Received Import Request.
  Time of request: 2026-08-19T16:55:44.3862782Z
  Time since last request: 0.0006525 seconds.
  importAddress: GUID: 920c7a6bcbdcb6c4f9efdc8e7b0d450c - Path: Assets/Scripts/Cards/DeckManager.cs - Importer: PreviewImporter
Importing 'GUID: 920c7a6bcbdcb6c4f9efdc8e7b0d450c - Path: Assets/Scripts/Cards/DeckManager.cs - Importer: PreviewImporter' with importer (PreviewImporter)
Imported 'GUID: 920c7a6bcbdcb6c4f9efdc8e7b0d450c' -> (Import Result ID: '0e959202186f839f787fc46568b30f91') in 0.001 seconds [static and dynamic dependencies]. Details - ImportResultOutputID=fc7777b06659fa4a4eacb95880062344 DependenciesID=a6a1c836ca13d0977f834dc74b759901 StaticDependenciesID=5203a7d42f97d6c5497ace0405f497b6 
Number of updated asset objects reloaded before import = 0
Number of asset objects unloaded after import = 0
========================================================================
Received Import Request.
  Time of request: 2026-08-19T16:55:44.406483Z
  Time since last request: 0.0037648 seconds.
  importAddress: GUID: 920c7a6bcbdcb6c4f9efdc8e7b0d450c - Path: Assets/Scripts/Cards/DeckManager.cs - Importer: PreviewImporter
Importing 'GUID: 920c7a6bcbdcb6c4f9efdc8e7b0d450c - Path: Assets/Scripts/Cards/DeckManager.cs - Importer: PreviewImporter' with importer (PreviewImporter)
Imported 'GUID: 920c7a6bcbdcb6c4f9efdc8e7b0d450c' -> (Import Result ID: '0e959202186f839f787fc46568b30f91') in 0.001 seconds [static and dynamic dependencies]. Details - ImportResultOutputID=fc7777b06659fa4a4eacb95880062344 DependenciesID=a6a1c836ca13d0977f834dc74b759901 StaticDependenciesID=5203a7d42f97d6c5497ace0405f497b6 
Number of updated asset objects reloaded before import = 0
Number of asset objects unloaded after import = 0
========================================================================
Received Import Request.
  Time of request: 2026-08-19T16:55:44.4244509Z
  Time since last request: 0.000479 seconds.
  importAddress: GUID: 920c7a6bcbdcb6c4f9efdc8e7b0d450c - Path: Assets/Scripts/Cards/DeckManager.cs - Importer: PreviewImporter
Importing 'GUID: 920c7a6bcbdcb6c4f9efdc8e7b0d450c - Path: Assets/Scripts/Cards/DeckManager.cs - Importer: PreviewImporter' with importer (PreviewImporter)
Imported 'GUID: 920c7a6bcbdcb6c4f9efdc8e7b0d450c' -> (Import Result ID: '0e959202186f839f787fc46568b30f91') in 0.001 seconds [static and dynamic dependencies]. Details - ImportResultOutputID=fc7777b06659fa4a4eacb95880062344 DependenciesID=a6a1c836ca13d0977f834dc74b759901 StaticDependenciesID=5203a7d42f97d6c5497ace0405f497b6 
Number of updated asset objects reloaded before import = 0
Number of asset objects unloaded after import = 0
========================================================================
Received Import Request.
  Time of request: 2026-08-19T16:55:44.4514444Z
  Time since last request: 0.0039551 seconds.
  importAddress: GUID: 920c7a6bcbdcb6c4f9efdc8e7b0d450c - Path: Assets/Scripts/Cards/DeckManager.cs - Importer: PreviewImporter
Importing 'GUID: 920c7a6bcbdcb6c4f9efdc8e7b0d450c - Path: Assets/Scripts/Cards/DeckManager.cs - Importer: PreviewImporter' with importer (PreviewImporter)
Imported 'GUID: 920c7a6bcbdcb6c4f9efdc8e7b0d450c' -> (Import Result ID: '0e959202186f839f787fc46568b30f91') in 0.001 seconds [static and dynamic dependencies]. Details - ImportResultOutputID=fc7777b06659fa4a4eacb95880062344 DependenciesID=a6a1c836ca13d0977f834dc74b759901 StaticDependenciesID=5203a7d42f97d6c5497ace0405f497b6 
Number of updated asset objects reloaded before import = 0
Number of asset objects unloaded after import = 0
========================================================================
Received Import Request.
  Time of request: 2026-08-19T16:55:44.4703872Z
  Time since last request: 0.0009766 seconds.
  importAddress: GUID: 920c7a6bcbdcb6c4f9efdc8e7b0d450c - Path: Assets/Scripts/Cards/DeckManager.cs - Importer: PreviewImporter
Importing 'GUID: 920c7a6bcbdcb6c4f9efdc8e7b0d450c - Path: Assets/Scripts/Cards/DeckManager.cs - Importer: PreviewImporter' with importer (PreviewImporter)
Imported 'GUID: 920c7a6bcbdcb6c4f9efdc8e7b0d450c' -> (Import Result ID: '0e959202186f839f787fc46568b30f91') in 0.001 seconds [static and dynamic dependencies]. Details - ImportResultOutputID=fc7777b06659fa4a4eacb95880062344 DependenciesID=a6a1c836ca13d0977f834dc74b759901 StaticDependenciesID=5203a7d42f97d6c5497ace0405f497b6 
Number of updated asset objects reloaded before import = 0
Number of asset objects unloaded after import = 0
========================================================================
Received Import Request.
  Time of request: 2026-08-19T16:55:45.2442054Z
  Time since last request: 0.7554237 seconds.
  importAddress: GUID: 920c7a6bcbdcb6c4f9efdc8e7b0d450c - Path: Assets/Scripts/Cards/DeckManager.cs - Importer: PreviewImporter
Importing 'GUID: 920c7a6bcbdcb6c4f9efdc8e7b0d450c - Path: Assets/Scripts/Cards/DeckManager.cs - Importer: PreviewImporter' with importer (PreviewImporter)
Imported 'GUID: 920c7a6bcbdcb6c4f9efdc8e7b0d450c' -> (Import Result ID: '0e959202186f839f787fc46568b30f91') in 0.001 seconds [static and dynamic dependencies]. Details - ImportResultOutputID=fc7777b06659fa4a4eacb95880062344 DependenciesID=a6a1c836ca13d0977f834dc74b759901 StaticDependenciesID=5203a7d42f97d6c5497ace0405f497b6 
Number of updated asset objects reloaded before import = 0
Number of asset objects unloaded after import = 0
========================================================================
Received Import Request.
  Time of request: 2026-08-19T16:55:45.2766957Z
  Time since last request: 0.0020593 seconds.
  importAddress: GUID: 920c7a6bcbdcb6c4f9efdc8e7b0d450c - Path: Assets/Scripts/Cards/DeckManager.cs - Importer: PreviewImporter
Importing 'GUID: 920c7a6bcbdcb6c4f9efdc8e7b0d450c - Path: Assets/Scripts/Cards/DeckManager.cs - Importer: PreviewImporter' with importer (PreviewImporter)
Imported 'GUID: 920c7a6bcbdcb6c4f9efdc8e7b0d450c' -> (Import Result ID: '0e959202186f839f787fc46568b30f91') in 0.001 seconds [static and dynamic dependencies]. Details - ImportResultOutputID=fc7777b06659fa4a4eacb95880062344 DependenciesID=a6a1c836ca13d0977f834dc74b759901 StaticDependenciesID=5203a7d42f97d6c5497ace0405f497b6 
Number of updated asset objects reloaded before import = 0
Number of asset objects unloaded after import = 0
========================================================================
Received Import Request.
  Time of request: 2026-08-19T16:55:45.3114256Z
  Time since last request: 0.0033368 seconds.
  importAddress: GUID: 920c7a6bcbdcb6c4f9efdc8e7b0d450c - Path: Assets/Scripts/Cards/DeckManager.cs - Importer: PreviewImporter
Importing 'GUID: 920c7a6bcbdcb6c4f9efdc8e7b0d450c - Path: Assets/Scripts/Cards/DeckManager.cs - Importer: PreviewImporter' with importer (PreviewImporter)
Imported 'GUID: 920c7a6bcbdcb6c4f9efdc8e7b0d450c' -> (Import Result ID: '0e959202186f839f787fc46568b30f91') in 0.001 seconds [static and dynamic dependencies]. Details - ImportResultOutputID=fc7777b06659fa4a4eacb95880062344 DependenciesID=a6a1c836ca13d0977f834dc74b759901 StaticDependenciesID=5203a7d42f97d6c5497ace0405f497b6 
Number of updated asset objects reloaded before import = 0
Number of asset objects unloaded after import = 0
========================================================================
Received Import Request.
  Time of request: 2026-08-19T16:55:45.3512583Z
  Time since last request: 0.0051765 seconds.
  importAddress: GUID: 920c7a6bcbdcb6c4f9efdc8e7b0d450c - Path: Assets/Scripts/Cards/DeckManager.cs - Importer: PreviewImporter
Importing 'GUID: 920c7a6bcbdcb6c4f9efdc8e7b0d450c - Path: Assets/Scripts/Cards/DeckManager.cs - Importer: PreviewImporter' with importer (PreviewImporter)
Imported 'GUID: 920c7a6bcbdcb6c4f9efdc8e7b0d450c' -> (Import Result ID: '0e959202186f839f787fc46568b30f91') in 0.001 seconds [static and dynamic dependencies]. Details - ImportResultOutputID=fc7777b06659fa4a4eacb95880062344 DependenciesID=a6a1c836ca13d0977f834dc74b759901 StaticDependenciesID=5203a7d42f97d6c5497ace0405f497b6 
Number of updated asset objects reloaded before import = 0
Number of asset objects unloaded after import = 0
========================================================================
Received Import Request.
  Time of request: 2026-08-19T16:55:45.3830846Z
  Time since last request: 0.0009696 seconds.
  importAddress: GUID: 920c7a6bcbdcb6c4f9efdc8e7b0d450c - Path: Assets/Scripts/Cards/DeckManager.cs - Importer: PreviewImporter
Importing 'GUID: 920c7a6bcbdcb6c4f9efdc8e7b0d450c - Path: Assets/Scripts/Cards/DeckManager.cs - Importer: PreviewImporter' with importer (PreviewImporter)
Imported 'GUID: 920c7a6bcbdcb6c4f9efdc8e7b0d450c' -> (Import Result ID: '0e959202186f839f787fc46568b30f91') in 0.001 seconds [static and dynamic dependencies]. Details - ImportResultOutputID=fc7777b06659fa4a4eacb95880062344 DependenciesID=a6a1c836ca13d0977f834dc74b759901 StaticDependenciesID=5203a7d42f97d6c5497ace0405f497b6 
Number of updated asset objects reloaded before import = 0
Number of asset objects unloaded after import = 0
========================================================================
Received Import Request.
  Time of request: 2026-08-19T16:55:45.4349759Z
  Time since last request: 0.003273 seconds.
  importAddress: GUID: 920c7a6bcbdcb6c4f9efdc8e7b0d450c - Path: Assets/Scripts/Cards/DeckManager.cs - Importer: PreviewImporter
Importing 'GUID: 920c7a6bcbdcb6c4f9efdc8e7b0d450c - Path: Assets/Scripts/Cards/DeckManager.cs - Importer: PreviewImporter' with importer (PreviewImporter)
Imported 'GUID: 920c7a6bcbdcb6c4f9efdc8e7b0d450c' -> (Import Result ID: '0e959202186f839f787fc46568b30f91') in 0.001 seconds [static and dynamic dependencies]. Details - ImportResultOutputID=fc7777b06659fa4a4eacb95880062344 DependenciesID=a6a1c836ca13d0977f834dc74b759901 StaticDependenciesID=5203a7d42f97d6c5497ace0405f497b6 
Number of updated asset objects reloaded before import = 0
Number of asset objects unloaded after import = 0
========================================================================
Received Import Request.
  Time of request: 2026-08-19T16:55:45.4690856Z
  Time since last request: 0.0034863 seconds.
  importAddress: GUID: 920c7a6bcbdcb6c4f9efdc8e7b0d450c - Path: Assets/Scripts/Cards/DeckManager.cs - Importer: PreviewImporter
Importing 'GUID: 920c7a6bcbdcb6c4f9efdc8e7b0d450c - Path: Assets/Scripts/Cards/DeckManager.cs - Importer: PreviewImporter' with importer (PreviewImporter)
Imported 'GUID: 920c7a6bcbdcb6c4f9efdc8e7b0d450c' -> (Import Result ID: '0e959202186f839f787fc46568b30f91') in 0.001 seconds [static and dynamic dependencies]. Details - ImportResultOutputID=fc7777b06659fa4a4eacb95880062344 DependenciesID=a6a1c836ca13d0977f834dc74b759901 StaticDependenciesID=5203a7d42f97d6c5497ace0405f497b6 
Number of updated asset objects reloaded before import = 0
Number of asset objects unloaded after import = 0
========================================================================
Received Import Request.
  Time of request: 2026-08-19T16:55:45.504793Z
  Time since last request: 0.0025841 seconds.
  importAddress: GUID: 920c7a6bcbdcb6c4f9efdc8e7b0d450c - Path: Assets/Scripts/Cards/DeckManager.cs - Importer: PreviewImporter
Importing 'GUID: 920c7a6bcbdcb6c4f9efdc8e7b0d450c - Path: Assets/Scripts/Cards/DeckManager.cs - Importer: PreviewImporter' with importer (PreviewImporter)
Imported 'GUID: 920c7a6bcbdcb6c4f9efdc8e7b0d450c' -> (Import Result ID: '0e959202186f839f787fc46568b30f91') in 0.001 seconds [static and dynamic dependencies]. Details - ImportResultOutputID=fc7777b06659fa4a4eacb95880062344 DependenciesID=a6a1c836ca13d0977f834dc74b759901 StaticDependenciesID=5203a7d42f97d6c5497ace0405f497b6 
Number of updated asset objects reloaded before import = 0
Number of asset objects unloaded after import = 0
========================================================================
Received Import Request.
  Time of request: 2026-08-19T16:55:45.5458357Z
  Time since last request: 0.0059779 seconds.
  importAddress: GUID: 920c7a6bcbdcb6c4f9efdc8e7b0d450c - Path: Assets/Scripts/Cards/DeckManager.cs - Importer: PreviewImporter
Importing 'GUID: 920c7a6bcbdcb6c4f9efdc8e7b0d450c - Path: Assets/Scripts/Cards/DeckManager.cs - Importer: PreviewImporter' with importer (PreviewImporter)
Imported 'GUID: 920c7a6bcbdcb6c4f9efdc8e7b0d450c' -> (Import Result ID: '0e959202186f839f787fc46568b30f91') in 0.001 seconds [static and dynamic dependencies]. Details - ImportResultOutputID=fc7777b06659fa4a4eacb95880062344 DependenciesID=a6a1c836ca13d0977f834dc74b759901 StaticDependenciesID=5203a7d42f97d6c5497ace0405f497b6 
Number of updated asset objects reloaded before import = 0
Number of asset objects unloaded after import = 0
========================================================================
Received Import Request.
  Time of request: 2026-08-19T16:55:45.5741796Z
  Time since last request: 0.0007521 seconds.
  importAddress: GUID: 920c7a6bcbdcb6c4f9efdc8e7b0d450c - Path: Assets/Scripts/Cards/DeckManager.cs - Importer: PreviewImporter
Importing 'GUID: 920c7a6bcbdcb6c4f9efdc8e7b0d450c - Path: Assets/Scripts/Cards/DeckManager.cs - Importer: PreviewImporter' with importer (PreviewImporter)
Imported 'GUID: 920c7a6bcbdcb6c4f9efdc8e7b0d450c' -> (Import Result ID: '0e959202186f839f787fc46568b30f91') in 0.001 seconds [static and dynamic dependencies]. Details - ImportResultOutputID=fc7777b06659fa4a4eacb95880062344 DependenciesID=a6a1c836ca13d0977f834dc74b759901 StaticDependenciesID=5203a7d42f97d6c5497ace0405f497b6 
Number of updated asset objects reloaded before import = 0
Number of asset objects unloaded after import = 0
========================================================================
Received Import Request.
  Time of request: 2026-08-19T16:55:45.6187495Z
  Time since last request: 0.0051931 seconds.
  importAddress: GUID: 920c7a6bcbdcb6c4f9efdc8e7b0d450c - Path: Assets/Scripts/Cards/DeckManager.cs - Importer: PreviewImporter
Importing 'GUID: 920c7a6bcbdcb6c4f9efdc8e7b0d450c - Path: Assets/Scripts/Cards/DeckManager.cs - Importer: PreviewImporter' with importer (PreviewImporter)
Imported 'GUID: 920c7a6bcbdcb6c4f9efdc8e7b0d450c' -> (Import Result ID: '0e959202186f839f787fc46568b30f91') in 0.001 seconds [static and dynamic dependencies]. Details - ImportResultOutputID=fc7777b06659fa4a4eacb95880062344 DependenciesID=a6a1c836ca13d0977f834dc74b759901 StaticDependenciesID=5203a7d42f97d6c5497ace0405f497b6 
Number of updated asset objects reloaded before import = 0
Number of asset objects unloaded after import = 0
========================================================================
Received Import Request.
  Time of request: 2026-08-19T16:55:45.6573688Z
  Time since last request: 0.006073 seconds.
  importAddress: GUID: 920c7a6bcbdcb6c4f9efdc8e7b0d450c - Path: Assets/Scripts/Cards/DeckManager.cs - Importer: PreviewImporter
Importing 'GUID: 920c7a6bcbdcb6c4f9efdc8e7b0d450c - Path: Assets/Scripts/Cards/DeckManager.cs - Importer: PreviewImporter' with importer (PreviewImporter)
Imported 'GUID: 920c7a6bcbdcb6c4f9efdc8e7b0d450c' -> (Import Result ID: '0e959202186f839f787fc46568b30f91') in 0.001 seconds [static and dynamic dependencies]. Details - ImportResultOutputID=fc7777b06659fa4a4eacb95880062344 DependenciesID=a6a1c836ca13d0977f834dc74b759901 StaticDependenciesID=5203a7d42f97d6c5497ace0405f497b6 
Number of updated asset objects reloaded before import = 0
Number of asset objects unloaded after import = 0
========================================================================
Received Import Request.
  Time of request: 2026-08-19T16:55:45.6916002Z
  Time since last request: 0.0005919 seconds.
  importAddress: GUID: 920c7a6bcbdcb6c4f9efdc8e7b0d450c - Path: Assets/Scripts/Cards/DeckManager.cs - Importer: PreviewImporter
Importing 'GUID: 920c7a6bcbdcb6c4f9efdc8e7b0d450c - Path: Assets/Scripts/Cards/DeckManager.cs - Importer: PreviewImporter' with importer (PreviewImporter)
Imported 'GUID: 920c7a6bcbdcb6c4f9efdc8e7b0d450c' -> (Import Result ID: '0e959202186f839f787fc46568b30f91') in 0.002 seconds [static and dynamic dependencies]. Details - ImportResultOutputID=fc7777b06659fa4a4eacb95880062344 DependenciesID=a6a1c836ca13d0977f834dc74b759901 StaticDependenciesID=5203a7d42f97d6c5497ace0405f497b6 
Number of updated asset objects reloaded before import = 0
Number of asset objects unloaded after import = 0
========================================================================
Received Import Request.
  Time of request: 2026-08-19T16:55:45.7557993Z
  Time since last request: 0.0158654 seconds.
  importAddress: GUID: 920c7a6bcbdcb6c4f9efdc8e7b0d450c - Path: Assets/Scripts/Cards/DeckManager.cs - Importer: PreviewImporter
Importing 'GUID: 920c7a6bcbdcb6c4f9efdc8e7b0d450c - Path: Assets/Scripts/Cards/DeckManager.cs - Importer: PreviewImporter' with importer (PreviewImporter)
Imported 'GUID: 920c7a6bcbdcb6c4f9efdc8e7b0d450c' -> (Import Result ID: '0e959202186f839f787fc46568b30f91') in 0.010 seconds [static and dynamic dependencies]. Details - ImportResultOutputID=fc7777b06659fa4a4eacb95880062344 DependenciesID=a6a1c836ca13d0977f834dc74b759901 StaticDependenciesID=5203a7d42f97d6c5497ace0405f497b6 
Number of updated asset objects reloaded before import = 0
Number of asset objects unloaded after import = 0
========================================================================
Received Import Request.
  Time of request: 2026-08-19T16:55:45.866653Z
  Time since last request: 0.0070997 seconds.
  importAddress: GUID: 920c7a6bcbdcb6c4f9efdc8e7b0d450c - Path: Assets/Scripts/Cards/DeckManager.cs - Importer: PreviewImporter
Importing 'GUID: 920c7a6bcbdcb6c4f9efdc8e7b0d450c - Path: Assets/Scripts/Cards/DeckManager.cs - Importer: PreviewImporter' with importer (PreviewImporter)
Imported 'GUID: 920c7a6bcbdcb6c4f9efdc8e7b0d450c' -> (Import Result ID: '0e959202186f839f787fc46568b30f91') in 0.001 seconds [static and dynamic dependencies]. Details - ImportResultOutputID=fc7777b06659fa4a4eacb95880062344 DependenciesID=a6a1c836ca13d0977f834dc74b759901 StaticDependenciesID=5203a7d42f97d6c5497ace0405f497b6 
Number of updated asset objects reloaded before import = 0
Number of asset objects unloaded after import = 0
========================================================================
Received Import Request.
  Time of request: 2026-08-19T16:55:45.9073087Z
  Time since last request: 0.006476 seconds.
  importAddress: GUID: 920c7a6bcbdcb6c4f9efdc8e7b0d450c - Path: Assets/Scripts/Cards/DeckManager.cs - Importer: PreviewImporter
Importing 'GUID: 920c7a6bcbdcb6c4f9efdc8e7b0d450c - Path: Assets/Scripts/Cards/DeckManager.cs - Importer: PreviewImporter' with importer (PreviewImporter)
Imported 'GUID: 920c7a6bcbdcb6c4f9efdc8e7b0d450c' -> (Import Result ID: '0e959202186f839f787fc46568b30f91') in 0.001 seconds [static and dynamic dependencies]. Details - ImportResultOutputID=fc7777b06659fa4a4eacb95880062344 DependenciesID=a6a1c836ca13d0977f834dc74b759901 StaticDependenciesID=5203a7d42f97d6c5497ace0405f497b6 
Number of updated asset objects reloaded before import = 0
Number of asset objects unloaded after import = 0
========================================================================
Received Import Request.
  Time of request: 2026-08-19T16:55:45.9459427Z
  Time since last request: 0.0049344 seconds.
  importAddress: GUID: 920c7a6bcbdcb6c4f9efdc8e7b0d450c - Path: Assets/Scripts/Cards/DeckManager.cs - Importer: PreviewImporter
Importing 'GUID: 920c7a6bcbdcb6c4f9efdc8e7b0d450c - Path: Assets/Scripts/Cards/DeckManager.cs - Importer: PreviewImporter' with importer (PreviewImporter)
Imported 'GUID: 920c7a6bcbdcb6c4f9efdc8e7b0d450c' -> (Import Result ID: '0e959202186f839f787fc46568b30f91') in 0.001 seconds [static and dynamic dependencies]. Details - ImportResultOutputID=fc7777b06659fa4a4eacb95880062344 DependenciesID=a6a1c836ca13d0977f834dc74b759901 StaticDependenciesID=5203a7d42f97d6c5497ace0405f497b6 
Number of updated asset objects reloaded before import = 0
Number of asset objects unloaded after import = 0
========================================================================
Received Import Request.
  Time of request: 2026-08-19T16:55:46.0293664Z
  Time since last request: 0.0049186 seconds.
  importAddress: GUID: 920c7a6bcbdcb6c4f9efdc8e7b0d450c - Path: Assets/Scripts/Cards/DeckManager.cs - Importer: PreviewImporter
Importing 'GUID: 920c7a6bcbdcb6c4f9efdc8e7b0d450c - Path: Assets/Scripts/Cards/DeckManager.cs - Importer: PreviewImporter' with importer (PreviewImporter)
Imported 'GUID: 920c7a6bcbdcb6c4f9efdc8e7b0d450c' -> (Import Result ID: '0e959202186f839f787fc46568b30f91') in 0.001 seconds [static and dynamic dependencies]. Details - ImportResultOutputID=fc7777b06659fa4a4eacb95880062344 DependenciesID=a6a1c836ca13d0977f834dc74b759901 StaticDependenciesID=5203a7d42f97d6c5497ace0405f497b6 
Number of updated asset objects reloaded before import = 0
Number of asset objects unloaded after import = 0
========================================================================
Received Import Request.
  Time of request: 2026-08-19T16:55:46.0641732Z
  Time since last request: 0.0019336 seconds.
  importAddress: GUID: 920c7a6bcbdcb6c4f9efdc8e7b0d450c - Path: Assets/Scripts/Cards/DeckManager.cs - Importer: PreviewImporter
Importing 'GUID: 920c7a6bcbdcb6c4f9efdc8e7b0d450c - Path: Assets/Scripts/Cards/DeckManager.cs - Importer: PreviewImporter' with importer (PreviewImporter)
Imported 'GUID: 920c7a6bcbdcb6c4f9efdc8e7b0d450c' -> (Import Result ID: '0e959202186f839f787fc46568b30f91') in 0.001 seconds [static and dynamic dependencies]. Details - ImportResultOutputID=fc7777b06659fa4a4eacb95880062344 DependenciesID=a6a1c836ca13d0977f834dc74b759901 StaticDependenciesID=5203a7d42f97d6c5497ace0405f497b6 
Number of updated asset objects reloaded before import = 0
Number of asset objects unloaded after import = 0
========================================================================
Received Import Request.
  Time of request: 2026-08-19T16:55:46.1020264Z
  Time since last request: 0.0029226 seconds.
  importAddress: GUID: 920c7a6bcbdcb6c4f9efdc8e7b0d450c - Path: Assets/Scripts/Cards/DeckManager.cs - Importer: PreviewImporter
Importing 'GUID: 920c7a6bcbdcb6c4f9efdc8e7b0d450c - Path: Assets/Scripts/Cards/DeckManager.cs - Importer: PreviewImporter' with importer (PreviewImporter)
Imported 'GUID: 920c7a6bcbdcb6c4f9efdc8e7b0d450c' -> (Import Result ID: '0e959202186f839f787fc46568b30f91') in 0.001 seconds [static and dynamic dependencies]. Details - ImportResultOutputID=fc7777b06659fa4a4eacb95880062344 DependenciesID=a6a1c836ca13d0977f834dc74b759901 StaticDependenciesID=5203a7d42f97d6c5497ace0405f497b6 
Number of updated asset objects reloaded before import = 0
Number of asset objects unloaded after import = 0
========================================================================
Received Import Request.
  Time of request: 2026-08-19T16:55:46.141156Z
  Time since last request: 0.0056277 seconds.
  importAddress: GUID: 920c7a6bcbdcb6c4f9efdc8e7b0d450c - Path: Assets/Scripts/Cards/DeckManager.cs - Importer: PreviewImporter
Importing 'GUID: 920c7a6bcbdcb6c4f9efdc8e7b0d450c - Path: Assets/Scripts/Cards/DeckManager.cs - Importer: PreviewImporter' with importer (PreviewImporter)
Imported 'GUID: 920c7a6bcbdcb6c4f9efdc8e7b0d450c' -> (Import Result ID: '0e959202186f839f787fc46568b30f91') in 0.001 seconds [static and dynamic dependencies]. Details - ImportResultOutputID=fc7777b06659fa4a4eacb95880062344 DependenciesID=a6a1c836ca13d0977f834dc74b759901 StaticDependenciesID=5203a7d42f97d6c5497ace0405f497b6 
Number of updated asset objects reloaded before import = 0
Number of asset objects unloaded after import = 0
========================================================================
Received Import Request.
  Time of request: 2026-08-19T16:55:46.1790344Z
  Time since last request: 0.0047776 seconds.
  importAddress: GUID: 920c7a6bcbdcb6c4f9efdc8e7b0d450c - Path: Assets/Scripts/Cards/DeckManager.cs - Importer: PreviewImporter
Importing 'GUID: 920c7a6bcbdcb6c4f9efdc8e7b0d450c - Path: Assets/Scripts/Cards/DeckManager.cs - Importer: PreviewImporter' with importer (PreviewImporter)
Imported 'GUID: 920c7a6bcbdcb6c4f9efdc8e7b0d450c' -> (Import Result ID: '0e959202186f839f787fc46568b30f91') in 0.001 seconds [static and dynamic dependencies]. Details - ImportResultOutputID=fc7777b06659fa4a4eacb95880062344 DependenciesID=a6a1c836ca13d0977f834dc74b759901 StaticDependenciesID=5203a7d42f97d6c5497ace0405f497b6 
Number of updated asset objects reloaded before import = 0
Number of asset objects unloaded after import = 0
========================================================================
Received Import Request.
  Time of request: 2026-08-19T16:55:46.2117531Z
  Time since last request: 0.0011149 seconds.
  importAddress: GUID: 920c7a6bcbdcb6c4f9efdc8e7b0d450c - Path: Assets/Scripts/Cards/DeckManager.cs - Importer: PreviewImporter
Importing 'GUID: 920c7a6bcbdcb6c4f9efdc8e7b0d450c - Path: Assets/Scripts/Cards/DeckManager.cs - Importer: PreviewImporter' with importer (PreviewImporter)
Imported 'GUID: 920c7a6bcbdcb6c4f9efdc8e7b0d450c' -> (Import Result ID: '0e959202186f839f787fc46568b30f91') in 0.001 seconds [static and dynamic dependencies]. Details - ImportResultOutputID=fc7777b06659fa4a4eacb95880062344 DependenciesID=a6a1c836ca13d0977f834dc74b759901 StaticDependenciesID=5203a7d42f97d6c5497ace0405f497b6 
Number of updated asset objects reloaded before import = 0
Number of asset objects unloaded after import = 0
========================================================================
Received Import Request.
  Time of request: 2026-08-19T16:55:46.2484324Z
  Time since last request: 0.0036369 seconds.
  importAddress: GUID: 920c7a6bcbdcb6c4f9efdc8e7b0d450c - Path: Assets/Scripts/Cards/DeckManager.cs - Importer: PreviewImporter
Importing 'GUID: 920c7a6bcbdcb6c4f9efdc8e7b0d450c - Path: Assets/Scripts/Cards/DeckManager.cs - Importer: PreviewImporter' with importer (PreviewImporter)
Imported 'GUID: 920c7a6bcbdcb6c4f9efdc8e7b0d450c' -> (Import Result ID: '0e959202186f839f787fc46568b30f91') in 0.001 seconds [static and dynamic dependencies]. Details - ImportResultOutputID=fc7777b06659fa4a4eacb95880062344 DependenciesID=a6a1c836ca13d0977f834dc74b759901 StaticDependenciesID=5203a7d42f97d6c5497ace0405f497b6 
Number of updated asset objects reloaded before import = 0
Number of asset objects unloaded after import = 0
========================================================================
Received Import Request.
  Time of request: 2026-08-19T16:55:46.2832044Z
  Time since last request: 0.0055015 seconds.
  importAddress: GUID: 920c7a6bcbdcb6c4f9efdc8e7b0d450c - Path: Assets/Scripts/Cards/DeckManager.cs - Importer: PreviewImporter
Importing 'GUID: 920c7a6bcbdcb6c4f9efdc8e7b0d450c - Path: Assets/Scripts/Cards/DeckManager.cs - Importer: PreviewImporter' with importer (PreviewImporter)
Imported 'GUID: 920c7a6bcbdcb6c4f9efdc8e7b0d450c' -> (Import Result ID: '0e959202186f839f787fc46568b30f91') in 0.001 seconds [static and dynamic dependencies]. Details - ImportResultOutputID=fc7777b06659fa4a4eacb95880062344 DependenciesID=a6a1c836ca13d0977f834dc74b759901 StaticDependenciesID=5203a7d42f97d6c5497ace0405f497b6 
Number of updated asset objects reloaded before import = 0
Number of asset objects unloaded after import = 0
========================================================================
Received Import Request.
  Time of request: 2026-08-19T16:55:46.3124717Z
  Time since last request: 0.001252 seconds.
  importAddress: GUID: 920c7a6bcbdcb6c4f9efdc8e7b0d450c - Path: Assets/Scripts/Cards/DeckManager.cs - Importer: PreviewImporter
Importing 'GUID: 920c7a6bcbdcb6c4f9efdc8e7b0d450c - Path: Assets/Scripts/Cards/DeckManager.cs - Importer: PreviewImporter' with importer (PreviewImporter)
Imported 'GUID: 920c7a6bcbdcb6c4f9efdc8e7b0d450c' -> (Import Result ID: '0e959202186f839f787fc46568b30f91') in 0.001 seconds [static and dynamic dependencies]. Details - ImportResultOutputID=fc7777b06659fa4a4eacb95880062344 DependenciesID=a6a1c836ca13d0977f834dc74b759901 StaticDependenciesID=5203a7d42f97d6c5497ace0405f497b6 
Number of updated asset objects reloaded before import = 0
Number of asset objects unloaded after import = 0
========================================================================
Received Import Request.
  Time of request: 2026-08-19T16:55:46.351695Z
  Time since last request: 0.00607 seconds.
  importAddress: GUID: 920c7a6bcbdcb6c4f9efdc8e7b0d450c - Path: Assets/Scripts/Cards/DeckManager.cs - Importer: PreviewImporter
Importing 'GUID: 920c7a6bcbdcb6c4f9efdc8e7b0d450c - Path: Assets/Scripts/Cards/DeckManager.cs - Importer: PreviewImporter' with importer (PreviewImporter)
Imported 'GUID: 920c7a6bcbdcb6c4f9efdc8e7b0d450c' -> (Import Result ID: '0e959202186f839f787fc46568b30f91') in 0.001 seconds [static and dynamic dependencies]. Details - ImportResultOutputID=fc7777b06659fa4a4eacb95880062344 DependenciesID=a6a1c836ca13d0977f834dc74b759901 StaticDependenciesID=5203a7d42f97d6c5497ace0405f497b6 
Number of updated asset objects reloaded before import = 0
Number of asset objects unloaded after import = 0
========================================================================
Received Import Request.
  Time of request: 2026-08-19T16:55:46.3887428Z
  Time since last request: 0.0031039 seconds.
  importAddress: GUID: 920c7a6bcbdcb6c4f9efdc8e7b0d450c - Path: Assets/Scripts/Cards/DeckManager.cs - Importer: PreviewImporter
Importing 'GUID: 920c7a6bcbdcb6c4f9efdc8e7b0d450c - Path: Assets/Scripts/Cards/DeckManager.cs - Importer: PreviewImporter' with importer (PreviewImporter)
Imported 'GUID: 920c7a6bcbdcb6c4f9efdc8e7b0d450c' -> (Import Result ID: '0e959202186f839f787fc46568b30f91') in 0.001 seconds [static and dynamic dependencies]. Details - ImportResultOutputID=fc7777b06659fa4a4eacb95880062344 DependenciesID=a6a1c836ca13d0977f834dc74b759901 StaticDependenciesID=5203a7d42f97d6c5497ace0405f497b6 
Number of updated asset objects reloaded before import = 0
Number of asset objects unloaded after import = 0
========================================================================
Received Import Request.
  Time of request: 2026-08-19T16:55:46.4192196Z
  Time since last request: 0.0017918 seconds.
  importAddress: GUID: 920c7a6bcbdcb6c4f9efdc8e7b0d450c - Path: Assets/Scripts/Cards/DeckManager.cs - Importer: PreviewImporter
Importing 'GUID: 920c7a6bcbdcb6c4f9efdc8e7b0d450c - Path: Assets/Scripts/Cards/DeckManager.cs - Importer: PreviewImporter' with importer (PreviewImporter)
Imported 'GUID: 920c7a6bcbdcb6c4f9efdc8e7b0d450c' -> (Import Result ID: '0e959202186f839f787fc46568b30f91') in 0.001 seconds [static and dynamic dependencies]. Details - ImportResultOutputID=fc7777b06659fa4a4eacb95880062344 DependenciesID=a6a1c836ca13d0977f834dc74b759901 StaticDependenciesID=5203a7d42f97d6c5497ace0405f497b6 
Number of updated asset objects reloaded before import = 0
Number of asset objects unloaded after import = 0
========================================================================
Received Import Request.
  Time of request: 2026-08-19T16:55:46.4508823Z
  Time since last request: 0.0042374 seconds.
  importAddress: GUID: 920c7a6bcbdcb6c4f9efdc8e7b0d450c - Path: Assets/Scripts/Cards/DeckManager.cs - Importer: PreviewImporter
Importing 'GUID: 920c7a6bcbdcb6c4f9efdc8e7b0d450c - Path: Assets/Scripts/Cards/DeckManager.cs - Importer: PreviewImporter' with importer (PreviewImporter)
Imported 'GUID: 920c7a6bcbdcb6c4f9efdc8e7b0d450c' -> (Import Result ID: '0e959202186f839f787fc46568b30f91') in 0.001 seconds [static and dynamic dependencies]. Details - ImportResultOutputID=fc7777b06659fa4a4eacb95880062344 DependenciesID=a6a1c836ca13d0977f834dc74b759901 StaticDependenciesID=5203a7d42f97d6c5497ace0405f497b6 
Number of updated asset objects reloaded before import = 0
Number of asset objects unloaded after import = 0
========================================================================
Received Import Request.
  Time of request: 2026-08-19T16:55:46.4826687Z
  Time since last request: 0.002169 seconds.
  importAddress: GUID: 920c7a6bcbdcb6c4f9efdc8e7b0d450c - Path: Assets/Scripts/Cards/DeckManager.cs - Importer: PreviewImporter
Importing 'GUID: 920c7a6bcbdcb6c4f9efdc8e7b0d450c - Path: Assets/Scripts/Cards/DeckManager.cs - Importer: PreviewImporter' with importer (PreviewImporter)
Imported 'GUID: 920c7a6bcbdcb6c4f9efdc8e7b0d450c' -> (Import Result ID: '0e959202186f839f787fc46568b30f91') in 0.001 seconds [static and dynamic dependencies]. Details - ImportResultOutputID=fc7777b06659fa4a4eacb95880062344 DependenciesID=a6a1c836ca13d0977f834dc74b759901 StaticDependenciesID=5203a7d42f97d6c5497ace0405f497b6 
Number of updated asset objects reloaded before import = 0
Number of asset objects unloaded after import = 0
========================================================================
Received Import Request.
  Time of request: 2026-08-19T16:55:46.5151431Z
  Time since last request: 0.0015993 seconds.
  importAddress: GUID: 920c7a6bcbdcb6c4f9efdc8e7b0d450c - Path: Assets/Scripts/Cards/DeckManager.cs - Importer: PreviewImporter
Importing 'GUID: 920c7a6bcbdcb6c4f9efdc8e7b0d450c - Path: Assets/Scripts/Cards/DeckManager.cs - Importer: PreviewImporter' with importer (PreviewImporter)
Imported 'GUID: 920c7a6bcbdcb6c4f9efdc8e7b0d450c' -> (Import Result ID: '0e959202186f839f787fc46568b30f91') in 0.001 seconds [static and dynamic dependencies]. Details - ImportResultOutputID=fc7777b06659fa4a4eacb95880062344 DependenciesID=a6a1c836ca13d0977f834dc74b759901 StaticDependenciesID=5203a7d42f97d6c5497ace0405f497b6 
Number of updated asset objects reloaded before import = 0
Number of asset objects unloaded after import = 0
========================================================================
Received Import Request.
  Time of request: 2026-08-19T16:55:46.5510483Z
  Time since last request: 0.0024674 seconds.
  importAddress: GUID: 920c7a6bcbdcb6c4f9efdc8e7b0d450c - Path: Assets/Scripts/Cards/DeckManager.cs - Importer: PreviewImporter
Importing 'GUID: 920c7a6bcbdcb6c4f9efdc8e7b0d450c - Path: Assets/Scripts/Cards/DeckManager.cs - Importer: PreviewImporter' with importer (PreviewImporter)
Imported 'GUID: 920c7a6bcbdcb6c4f9efdc8e7b0d450c' -> (Import Result ID: '0e959202186f839f787fc46568b30f91') in 0.001 seconds [static and dynamic dependencies]. Details - ImportResultOutputID=fc7777b06659fa4a4eacb95880062344 DependenciesID=a6a1c836ca13d0977f834dc74b759901 StaticDependenciesID=5203a7d42f97d6c5497ace0405f497b6 
Number of updated asset objects reloaded before import = 0
Number of asset objects unloaded after import = 0
========================================================================
Received Import Request.
  Time of request: 2026-08-19T16:55:46.5834477Z
  Time since last request: 0.001273 seconds.
  importAddress: GUID: 920c7a6bcbdcb6c4f9efdc8e7b0d450c - Path: Assets/Scripts/Cards/DeckManager.cs - Importer: PreviewImporter
Importing 'GUID: 920c7a6bcbdcb6c4f9efdc8e7b0d450c - Path: Assets/Scripts/Cards/DeckManager.cs - Importer: PreviewImporter' with importer (PreviewImporter)
Imported 'GUID: 920c7a6bcbdcb6c4f9efdc8e7b0d450c' -> (Import Result ID: '0e959202186f839f787fc46568b30f91') in 0.001 seconds [static and dynamic dependencies]. Details - ImportResultOutputID=fc7777b06659fa4a4eacb95880062344 DependenciesID=a6a1c836ca13d0977f834dc74b759901 StaticDependenciesID=5203a7d42f97d6c5497ace0405f497b6 
Number of updated asset objects reloaded before import = 0
Number of asset objects unloaded after import = 0
========================================================================
Received Import Request.
  Time of request: 2026-08-19T16:55:46.6203312Z
  Time since last request: 0.0038879 seconds.
  importAddress: GUID: 920c7a6bcbdcb6c4f9efdc8e7b0d450c - Path: Assets/Scripts/Cards/DeckManager.cs - Importer: PreviewImporter
Importing 'GUID: 920c7a6bcbdcb6c4f9efdc8e7b0d450c - Path: Assets/Scripts/Cards/DeckManager.cs - Importer: PreviewImporter' with importer (PreviewImporter)
Imported 'GUID: 920c7a6bcbdcb6c4f9efdc8e7b0d450c' -> (Import Result ID: '0e959202186f839f787fc46568b30f91') in 0.001 seconds [static and dynamic dependencies]. Details - ImportResultOutputID=fc7777b06659fa4a4eacb95880062344 DependenciesID=a6a1c836ca13d0977f834dc74b759901 StaticDependenciesID=5203a7d42f97d6c5497ace0405f497b6 
Number of updated asset objects reloaded before import = 0
Number of asset objects unloaded after import = 0
========================================================================
Received Import Request.
  Time of request: 2026-08-19T16:55:46.6523212Z
  Time since last request: 0.0017821 seconds.
  importAddress: GUID: 920c7a6bcbdcb6c4f9efdc8e7b0d450c - Path: Assets/Scripts/Cards/DeckManager.cs - Importer: PreviewImporter
Importing 'GUID: 920c7a6bcbdcb6c4f9efdc8e7b0d450c - Path: Assets/Scripts/Cards/DeckManager.cs - Importer: PreviewImporter' with importer (PreviewImporter)
Imported 'GUID: 920c7a6bcbdcb6c4f9efdc8e7b0d450c' -> (Import Result ID: '0e959202186f839f787fc46568b30f91') in 0.001 seconds [static and dynamic dependencies]. Details - ImportResultOutputID=fc7777b06659fa4a4eacb95880062344 DependenciesID=a6a1c836ca13d0977f834dc74b759901 StaticDependenciesID=5203a7d42f97d6c5497ace0405f497b6 
Number of updated asset objects reloaded before import = 0
Number of asset objects unloaded after import = 0
========================================================================
Received Import Request.
  Time of request: 2026-08-19T16:55:46.6923267Z
  Time since last request: 0.00424 seconds.
  importAddress: GUID: 920c7a6bcbdcb6c4f9efdc8e7b0d450c - Path: Assets/Scripts/Cards/DeckManager.cs - Importer: PreviewImporter
Importing 'GUID: 920c7a6bcbdcb6c4f9efdc8e7b0d450c - Path: Assets/Scripts/Cards/DeckManager.cs - Importer: PreviewImporter' with importer (PreviewImporter)
Imported 'GUID: 920c7a6bcbdcb6c4f9efdc8e7b0d450c' -> (Import Result ID: '0e959202186f839f787fc46568b30f91') in 0.001 seconds [static and dynamic dependencies]. Details - ImportResultOutputID=fc7777b06659fa4a4eacb95880062344 DependenciesID=a6a1c836ca13d0977f834dc74b759901 StaticDependenciesID=5203a7d42f97d6c5497ace0405f497b6 
Number of updated asset objects reloaded before import = 0
Number of asset objects unloaded after import = 0
========================================================================
Received Import Request.
  Time of request: 2026-08-19T16:55:46.7298196Z
  Time since last request: 0.0047551 seconds.
  importAddress: GUID: 920c7a6bcbdcb6c4f9efdc8e7b0d450c - Path: Assets/Scripts/Cards/DeckManager.cs - Importer: PreviewImporter
Importing 'GUID: 920c7a6bcbdcb6c4f9efdc8e7b0d450c - Path: Assets/Scripts/Cards/DeckManager.cs - Importer: PreviewImporter' with importer (PreviewImporter)
Imported 'GUID: 920c7a6bcbdcb6c4f9efdc8e7b0d450c' -> (Import Result ID: '0e959202186f839f787fc46568b30f91') in 0.001 seconds [static and dynamic dependencies]. Details - ImportResultOutputID=fc7777b06659fa4a4eacb95880062344 DependenciesID=a6a1c836ca13d0977f834dc74b759901 StaticDependenciesID=5203a7d42f97d6c5497ace0405f497b6 
Number of updated asset objects reloaded before import = 0
Number of asset objects unloaded after import = 0
========================================================================
Received Import Request.
  Time of request: 2026-08-19T16:55:46.7641175Z
  Time since last request: 0.0009082 seconds.
  importAddress: GUID: 920c7a6bcbdcb6c4f9efdc8e7b0d450c - Path: Assets/Scripts/Cards/DeckManager.cs - Importer: PreviewImporter
Importing 'GUID: 920c7a6bcbdcb6c4f9efdc8e7b0d450c - Path: Assets/Scripts/Cards/DeckManager.cs - Importer: PreviewImporter' with importer (PreviewImporter)
Imported 'GUID: 920c7a6bcbdcb6c4f9efdc8e7b0d450c' -> (Import Result ID: '0e959202186f839f787fc46568b30f91') in 0.001 seconds [static and dynamic dependencies]. Details - ImportResultOutputID=fc7777b06659fa4a4eacb95880062344 DependenciesID=a6a1c836ca13d0977f834dc74b759901 StaticDependenciesID=5203a7d42f97d6c5497ace0405f497b6 
Number of updated asset objects reloaded before import = 0
Number of asset objects unloaded after import = 0
========================================================================
Received Import Request.
  Time of request: 2026-08-19T16:55:46.7912373Z
  Time since last request: 0.0030487 seconds.
  importAddress: GUID: 920c7a6bcbdcb6c4f9efdc8e7b0d450c - Path: Assets/Scripts/Cards/DeckManager.cs - Importer: PreviewImporter
Importing 'GUID: 920c7a6bcbdcb6c4f9efdc8e7b0d450c - Path: Assets/Scripts/Cards/DeckManager.cs - Importer: PreviewImporter' with importer (PreviewImporter)
Imported 'GUID: 920c7a6bcbdcb6c4f9efdc8e7b0d450c' -> (Import Result ID: '0e959202186f839f787fc46568b30f91') in 0.001 seconds [static and dynamic dependencies]. Details - ImportResultOutputID=fc7777b06659fa4a4eacb95880062344 DependenciesID=a6a1c836ca13d0977f834dc74b759901 StaticDependenciesID=5203a7d42f97d6c5497ace0405f497b6 
Number of updated asset objects reloaded before import = 0
Number of asset objects unloaded after import = 0
========================================================================
Received Import Request.
  Time of request: 2026-08-19T16:55:46.8136247Z
  Time since last request: 0.0005173 seconds.
  importAddress: GUID: 920c7a6bcbdcb6c4f9efdc8e7b0d450c - Path: Assets/Scripts/Cards/DeckManager.cs - Importer: PreviewImporter
Importing 'GUID: 920c7a6bcbdcb6c4f9efdc8e7b0d450c - Path: Assets/Scripts/Cards/DeckManager.cs - Importer: PreviewImporter' with importer (PreviewImporter)
Imported 'GUID: 920c7a6bcbdcb6c4f9efdc8e7b0d450c' -> (Import Result ID: '0e959202186f839f787fc46568b30f91') in 0.001 seconds [static and dynamic dependencies]. Details - ImportResultOutputID=fc7777b06659fa4a4eacb95880062344 DependenciesID=a6a1c836ca13d0977f834dc74b759901 StaticDependenciesID=5203a7d42f97d6c5497ace0405f497b6 
Number of updated asset objects reloaded before import = 0
Number of asset objects unloaded after import = 0
========================================================================
Received Import Request.
  Time of request: 2026-08-19T16:55:46.8433902Z
  Time since last request: 0.0020803 seconds.
  importAddress: GUID: 920c7a6bcbdcb6c4f9efdc8e7b0d450c - Path: Assets/Scripts/Cards/DeckManager.cs - Importer: PreviewImporter
Importing 'GUID: 920c7a6bcbdcb6c4f9efdc8e7b0d450c - Path: Assets/Scripts/Cards/DeckManager.cs - Importer: PreviewImporter' with importer (PreviewImporter)
Imported 'GUID: 920c7a6bcbdcb6c4f9efdc8e7b0d450c' -> (Import Result ID: '0e959202186f839f787fc46568b30f91') in 0.001 seconds [static and dynamic dependencies]. Details - ImportResultOutputID=fc7777b06659fa4a4eacb95880062344 DependenciesID=a6a1c836ca13d0977f834dc74b759901 StaticDependenciesID=5203a7d42f97d6c5497ace0405f497b6 
Number of updated asset objects reloaded before import = 0
Number of asset objects unloaded after import = 0
========================================================================
Received Import Request.
  Time of request: 2026-08-19T16:55:46.879633Z
  Time since last request: 0.0041127 seconds.
  importAddress: GUID: 920c7a6bcbdcb6c4f9efdc8e7b0d450c - Path: Assets/Scripts/Cards/DeckManager.cs - Importer: PreviewImporter
Importing 'GUID: 920c7a6bcbdcb6c4f9efdc8e7b0d450c - Path: Assets/Scripts/Cards/DeckManager.cs - Importer: PreviewImporter' with importer (PreviewImporter)
Imported 'GUID: 920c7a6bcbdcb6c4f9efdc8e7b0d450c' -> (Import Result ID: '0e959202186f839f787fc46568b30f91') in 0.001 seconds [static and dynamic dependencies]. Details - ImportResultOutputID=fc7777b06659fa4a4eacb95880062344 DependenciesID=a6a1c836ca13d0977f834dc74b759901 StaticDependenciesID=5203a7d42f97d6c5497ace0405f497b6 
Number of updated asset objects reloaded before import = 0
Number of asset objects unloaded after import = 0
========================================================================
Received Import Request.
  Time of request: 2026-08-19T16:55:46.911524Z
  Time since last request: 0.0012834 seconds.
  importAddress: GUID: 920c7a6bcbdcb6c4f9efdc8e7b0d450c - Path: Assets/Scripts/Cards/DeckManager.cs - Importer: PreviewImporter
Importing 'GUID: 920c7a6bcbdcb6c4f9efdc8e7b0d450c - Path: Assets/Scripts/Cards/DeckManager.cs - Importer: PreviewImporter' with importer (PreviewImporter)
Imported 'GUID: 920c7a6bcbdcb6c4f9efdc8e7b0d450c' -> (Import Result ID: '0e959202186f839f787fc46568b30f91') in 0.001 seconds [static and dynamic dependencies]. Details - ImportResultOutputID=fc7777b06659fa4a4eacb95880062344 DependenciesID=a6a1c836ca13d0977f834dc74b759901 StaticDependenciesID=5203a7d42f97d6c5497ace0405f497b6 
Number of updated asset objects reloaded before import = 0
Number of asset objects unloaded after import = 0
========================================================================
Received Import Request.
  Time of request: 2026-08-19T16:55:46.9406488Z
  Time since last request: 0.0029546 seconds.
  importAddress: GUID: 920c7a6bcbdcb6c4f9efdc8e7b0d450c - Path: Assets/Scripts/Cards/DeckManager.cs - Importer: PreviewImporter
Importing 'GUID: 920c7a6bcbdcb6c4f9efdc8e7b0d450c - Path: Assets/Scripts/Cards/DeckManager.cs - Importer: PreviewImporter' with importer (PreviewImporter)
Imported 'GUID: 920c7a6bcbdcb6c4f9efdc8e7b0d450c' -> (Import Result ID: '0e959202186f839f787fc46568b30f91') in 0.001 seconds [static and dynamic dependencies]. Details - ImportResultOutputID=fc7777b06659fa4a4eacb95880062344 DependenciesID=a6a1c836ca13d0977f834dc74b759901 StaticDependenciesID=5203a7d42f97d6c5497ace0405f497b6 
Number of updated asset objects reloaded before import = 0
Number of asset objects unloaded after import = 0
========================================================================
Received Import Request.
  Time of request: 2026-08-19T16:55:46.9737316Z
  Time since last request: 0.0027502 seconds.
  importAddress: GUID: 920c7a6bcbdcb6c4f9efdc8e7b0d450c - Path: Assets/Scripts/Cards/DeckManager.cs - Importer: PreviewImporter
Importing 'GUID: 920c7a6bcbdcb6c4f9efdc8e7b0d450c - Path: Assets/Scripts/Cards/DeckManager.cs - Importer: PreviewImporter' with importer (PreviewImporter)
Imported 'GUID: 920c7a6bcbdcb6c4f9efdc8e7b0d450c' -> (Import Result ID: '0e959202186f839f787fc46568b30f91') in 0.001 seconds [static and dynamic dependencies]. Details - ImportResultOutputID=fc7777b06659fa4a4eacb95880062344 DependenciesID=a6a1c836ca13d0977f834dc74b759901 StaticDependenciesID=5203a7d42f97d6c5497ace0405f497b6 
Number of updated asset objects reloaded before import = 0
Number of asset objects unloaded after import = 0
========================================================================
Received Import Request.
  Time of request: 2026-08-19T16:55:47.0037963Z
  Time since last request: 0.0026029 seconds.
  importAddress: GUID: 920c7a6bcbdcb6c4f9efdc8e7b0d450c - Path: Assets/Scripts/Cards/DeckManager.cs - Importer: PreviewImporter
Importing 'GUID: 920c7a6bcbdcb6c4f9efdc8e7b0d450c - Path: Assets/Scripts/Cards/DeckManager.cs - Importer: PreviewImporter' with importer (PreviewImporter)
Imported 'GUID: 920c7a6bcbdcb6c4f9efdc8e7b0d450c' -> (Import Result ID: '0e959202186f839f787fc46568b30f91') in 0.001 seconds [static and dynamic dependencies]. Details - ImportResultOutputID=fc7777b06659fa4a4eacb95880062344 DependenciesID=a6a1c836ca13d0977f834dc74b759901 StaticDependenciesID=5203a7d42f97d6c5497ace0405f497b6 
Number of updated asset objects reloaded before import = 0
Number of asset objects unloaded after import = 0
========================================================================
Received Import Request.
  Time of request: 2026-08-19T16:55:47.0328849Z
  Time since last request: 0.0022761 seconds.
  importAddress: GUID: 920c7a6bcbdcb6c4f9efdc8e7b0d450c - Path: Assets/Scripts/Cards/DeckManager.cs - Importer: PreviewImporter
Importing 'GUID: 920c7a6bcbdcb6c4f9efdc8e7b0d450c - Path: Assets/Scripts/Cards/DeckManager.cs - Importer: PreviewImporter' with importer (PreviewImporter)
Imported 'GUID: 920c7a6bcbdcb6c4f9efdc8e7b0d450c' -> (Import Result ID: '0e959202186f839f787fc46568b30f91') in 0.001 seconds [static and dynamic dependencies]. Details - ImportResultOutputID=fc7777b06659fa4a4eacb95880062344 DependenciesID=a6a1c836ca13d0977f834dc74b759901 StaticDependenciesID=5203a7d42f97d6c5497ace0405f497b6 
Number of updated asset objects reloaded before import = 0
Number of asset objects unloaded after import = 0
========================================================================
Received Import Request.
  Time of request: 2026-08-19T16:55:47.0701185Z
  Time since last request: 0.0032596 seconds.
  importAddress: GUID: 920c7a6bcbdcb6c4f9efdc8e7b0d450c - Path: Assets/Scripts/Cards/DeckManager.cs - Importer: PreviewImporter
Importing 'GUID: 920c7a6bcbdcb6c4f9efdc8e7b0d450c - Path: Assets/Scripts/Cards/DeckManager.cs - Importer: PreviewImporter' with importer (PreviewImporter)
Imported 'GUID: 920c7a6bcbdcb6c4f9efdc8e7b0d450c' -> (Import Result ID: '0e959202186f839f787fc46568b30f91') in 0.001 seconds [static and dynamic dependencies]. Details - ImportResultOutputID=fc7777b06659fa4a4eacb95880062344 DependenciesID=a6a1c836ca13d0977f834dc74b759901 StaticDependenciesID=5203a7d42f97d6c5497ace0405f497b6 
Number of updated asset objects reloaded before import = 0
Number of asset objects unloaded after import = 0
========================================================================
Received Import Request.
  Time of request: 2026-08-19T16:55:47.1074566Z
  Time since last request: 0.004581 seconds.
  importAddress: GUID: 920c7a6bcbdcb6c4f9efdc8e7b0d450c - Path: Assets/Scripts/Cards/DeckManager.cs - Importer: PreviewImporter
Importing 'GUID: 920c7a6bcbdcb6c4f9efdc8e7b0d450c - Path: Assets/Scripts/Cards/DeckManager.cs - Importer: PreviewImporter' with importer (PreviewImporter)
Imported 'GUID: 920c7a6bcbdcb6c4f9efdc8e7b0d450c' -> (Import Result ID: '0e959202186f839f787fc46568b30f91') in 0.001 seconds [static and dynamic dependencies]. Details - ImportResultOutputID=fc7777b06659fa4a4eacb95880062344 DependenciesID=a6a1c836ca13d0977f834dc74b759901 StaticDependenciesID=5203a7d42f97d6c5497ace0405f497b6 
Number of updated asset objects reloaded before import = 0
Number of asset objects unloaded after import = 0
========================================================================
Received Import Request.
  Time of request: 2026-08-19T16:55:47.1449701Z
  Time since last request: 0.0048487 seconds.
  importAddress: GUID: 920c7a6bcbdcb6c4f9efdc8e7b0d450c - Path: Assets/Scripts/Cards/DeckManager.cs - Importer: PreviewImporter
Importing 'GUID: 920c7a6bcbdcb6c4f9efdc8e7b0d450c - Path: Assets/Scripts/Cards/DeckManager.cs - Importer: PreviewImporter' with importer (PreviewImporter)
Imported 'GUID: 920c7a6bcbdcb6c4f9efdc8e7b0d450c' -> (Import Result ID: '0e959202186f839f787fc46568b30f91') in 0.001 seconds [static and dynamic dependencies]. Details - ImportResultOutputID=fc7777b06659fa4a4eacb95880062344 DependenciesID=a6a1c836ca13d0977f834dc74b759901 StaticDependenciesID=5203a7d42f97d6c5497ace0405f497b6 
Number of updated asset objects reloaded before import = 0
Number of asset objects unloaded after import = 0
========================================================================
Received Import Request.
  Time of request: 2026-08-19T16:55:47.1768761Z
  Time since last request: 0.00084 seconds.
  importAddress: GUID: 920c7a6bcbdcb6c4f9efdc8e7b0d450c - Path: Assets/Scripts/Cards/DeckManager.cs - Importer: PreviewImporter
Importing 'GUID: 920c7a6bcbdcb6c4f9efdc8e7b0d450c - Path: Assets/Scripts/Cards/DeckManager.cs - Importer: PreviewImporter' with importer (PreviewImporter)
Imported 'GUID: 920c7a6bcbdcb6c4f9efdc8e7b0d450c' -> (Import Result ID: '0e959202186f839f787fc46568b30f91') in 0.001 seconds [static and dynamic dependencies]. Details - ImportResultOutputID=fc7777b06659fa4a4eacb95880062344 DependenciesID=a6a1c836ca13d0977f834dc74b759901 StaticDependenciesID=5203a7d42f97d6c5497ace0405f497b6 
Number of updated asset objects reloaded before import = 0
Number of asset objects unloaded after import = 0
========================================================================
Received Import Request.
  Time of request: 2026-08-19T16:55:47.212839Z
  Time since last request: 0.0049351 seconds.
  importAddress: GUID: 920c7a6bcbdcb6c4f9efdc8e7b0d450c - Path: Assets/Scripts/Cards/DeckManager.cs - Importer: PreviewImporter
Importing 'GUID: 920c7a6bcbdcb6c4f9efdc8e7b0d450c - Path: Assets/Scripts/Cards/DeckManager.cs - Importer: PreviewImporter' with importer (PreviewImporter)
Imported 'GUID: 920c7a6bcbdcb6c4f9efdc8e7b0d450c' -> (Import Result ID: '0e959202186f839f787fc46568b30f91') in 0.001 seconds [static and dynamic dependencies]. Details - ImportResultOutputID=fc7777b06659fa4a4eacb95880062344 DependenciesID=a6a1c836ca13d0977f834dc74b759901 StaticDependenciesID=5203a7d42f97d6c5497ace0405f497b6 
Number of updated asset objects reloaded before import = 0
Number of asset objects unloaded after import = 0
========================================================================
Received Import Request.
  Time of request: 2026-08-19T16:55:47.2464126Z
  Time since last request: 0.0023994 seconds.
  importAddress: GUID: 920c7a6bcbdcb6c4f9efdc8e7b0d450c - Path: Assets/Scripts/Cards/DeckManager.cs - Importer: PreviewImporter
Importing 'GUID: 920c7a6bcbdcb6c4f9efdc8e7b0d450c - Path: Assets/Scripts/Cards/DeckManager.cs - Importer: PreviewImporter' with importer (PreviewImporter)
Imported 'GUID: 920c7a6bcbdcb6c4f9efdc8e7b0d450c' -> (Import Result ID: '0e959202186f839f787fc46568b30f91') in 0.001 seconds [static and dynamic dependencies]. Details - ImportResultOutputID=fc7777b06659fa4a4eacb95880062344 DependenciesID=a6a1c836ca13d0977f834dc74b759901 StaticDependenciesID=5203a7d42f97d6c5497ace0405f497b6 
Number of updated asset objects reloaded before import = 0
Number of asset objects unloaded after import = 0
========================================================================
Received Import Request.
  Time of request: 2026-08-19T16:55:47.2801861Z
  Time since last request: 0.0018899 seconds.
  importAddress: GUID: 920c7a6bcbdcb6c4f9efdc8e7b0d450c - Path: Assets/Scripts/Cards/DeckManager.cs - Importer: PreviewImporter
Importing 'GUID: 920c7a6bcbdcb6c4f9efdc8e7b0d450c - Path: Assets/Scripts/Cards/DeckManager.cs - Importer: PreviewImporter' with importer (PreviewImporter)
Imported 'GUID: 920c7a6bcbdcb6c4f9efdc8e7b0d450c' -> (Import Result ID: '0e959202186f839f787fc46568b30f91') in 0.001 seconds [static and dynamic dependencies]. Details - ImportResultOutputID=fc7777b06659fa4a4eacb95880062344 DependenciesID=a6a1c836ca13d0977f834dc74b759901 StaticDependenciesID=5203a7d42f97d6c5497ace0405f497b6 
Number of updated asset objects reloaded before import = 0
Number of asset objects unloaded after import = 0
========================================================================
Received Import Request.
  Time of request: 2026-08-19T16:55:47.3116133Z
  Time since last request: 0.0013585 seconds.
  importAddress: GUID: 920c7a6bcbdcb6c4f9efdc8e7b0d450c - Path: Assets/Scripts/Cards/DeckManager.cs - Importer: PreviewImporter
Importing 'GUID: 920c7a6bcbdcb6c4f9efdc8e7b0d450c - Path: Assets/Scripts/Cards/DeckManager.cs - Importer: PreviewImporter' with importer (PreviewImporter)
Imported 'GUID: 920c7a6bcbdcb6c4f9efdc8e7b0d450c' -> (Import Result ID: '0e959202186f839f787fc46568b30f91') in 0.001 seconds [static and dynamic dependencies]. Details - ImportResultOutputID=fc7777b06659fa4a4eacb95880062344 DependenciesID=a6a1c836ca13d0977f834dc74b759901 StaticDependenciesID=5203a7d42f97d6c5497ace0405f497b6 
Number of updated asset objects reloaded before import = 0
Number of asset objects unloaded after import = 0
========================================================================
Received Import Request.
  Time of request: 2026-08-19T16:55:47.3460061Z
  Time since last request: 0.0042157 seconds.
  importAddress: GUID: 920c7a6bcbdcb6c4f9efdc8e7b0d450c - Path: Assets/Scripts/Cards/DeckManager.cs - Importer: PreviewImporter
Importing 'GUID: 920c7a6bcbdcb6c4f9efdc8e7b0d450c - Path: Assets/Scripts/Cards/DeckManager.cs - Importer: PreviewImporter' with importer (PreviewImporter)
Imported 'GUID: 920c7a6bcbdcb6c4f9efdc8e7b0d450c' -> (Import Result ID: '0e959202186f839f787fc46568b30f91') in 0.001 seconds [static and dynamic dependencies]. Details - ImportResultOutputID=fc7777b06659fa4a4eacb95880062344 DependenciesID=a6a1c836ca13d0977f834dc74b759901 StaticDependenciesID=5203a7d42f97d6c5497ace0405f497b6 
Number of updated asset objects reloaded before import = 0
Number of asset objects unloaded after import = 0
========================================================================
Received Import Request.
  Time of request: 2026-08-19T16:55:47.3738258Z
  Time since last request: 0.0005545 seconds.
  importAddress: GUID: 920c7a6bcbdcb6c4f9efdc8e7b0d450c - Path: Assets/Scripts/Cards/DeckManager.cs - Importer: PreviewImporter
Importing 'GUID: 920c7a6bcbdcb6c4f9efdc8e7b0d450c - Path: Assets/Scripts/Cards/DeckManager.cs - Importer: PreviewImporter' with importer (PreviewImporter)
Imported 'GUID: 920c7a6bcbdcb6c4f9efdc8e7b0d450c' -> (Import Result ID: '0e959202186f839f787fc46568b30f91') in 0.001 seconds [static and dynamic dependencies]. Details - ImportResultOutputID=fc7777b06659fa4a4eacb95880062344 DependenciesID=a6a1c836ca13d0977f834dc74b759901 StaticDependenciesID=5203a7d42f97d6c5497ace0405f497b6 
Number of updated asset objects reloaded before import = 0
Number of asset objects unloaded after import = 0
========================================================================
Received Import Request.
  Time of request: 2026-08-19T16:55:47.405894Z
  Time since last request: 0.0051587 seconds.
  importAddress: GUID: 920c7a6bcbdcb6c4f9efdc8e7b0d450c - Path: Assets/Scripts/Cards/DeckManager.cs - Importer: PreviewImporter
Importing 'GUID: 920c7a6bcbdcb6c4f9efdc8e7b0d450c - Path: Assets/Scripts/Cards/DeckManager.cs - Importer: PreviewImporter' with importer (PreviewImporter)
Imported 'GUID: 920c7a6bcbdcb6c4f9efdc8e7b0d450c' -> (Import Result ID: '0e959202186f839f787fc46568b30f91') in 0.001 seconds [static and dynamic dependencies]. Details - ImportResultOutputID=fc7777b06659fa4a4eacb95880062344 DependenciesID=a6a1c836ca13d0977f834dc74b759901 StaticDependenciesID=5203a7d42f97d6c5497ace0405f497b6 
Number of updated asset objects reloaded before import = 0
Number of asset objects unloaded after import = 0
========================================================================
Received Import Request.
  Time of request: 2026-08-19T16:55:47.4364008Z
  Time since last request: 0.0048545 seconds.
  importAddress: GUID: 920c7a6bcbdcb6c4f9efdc8e7b0d450c - Path: Assets/Scripts/Cards/DeckManager.cs - Importer: PreviewImporter
Importing 'GUID: 920c7a6bcbdcb6c4f9efdc8e7b0d450c - Path: Assets/Scripts/Cards/DeckManager.cs - Importer: PreviewImporter' with importer (PreviewImporter)
Imported 'GUID: 920c7a6bcbdcb6c4f9efdc8e7b0d450c' -> (Import Result ID: '0e959202186f839f787fc46568b30f91') in 0.001 seconds [static and dynamic dependencies]. Details - ImportResultOutputID=fc7777b06659fa4a4eacb95880062344 DependenciesID=a6a1c836ca13d0977f834dc74b759901 StaticDependenciesID=5203a7d42f97d6c5497ace0405f497b6 
Number of updated asset objects reloaded before import = 0
Number of asset objects unloaded after import = 0
========================================================================
Received Import Request.
  Time of request: 2026-08-19T16:55:47.4679519Z
  Time since last request: 0.0013622 seconds.
  importAddress: GUID: 920c7a6bcbdcb6c4f9efdc8e7b0d450c - Path: Assets/Scripts/Cards/DeckManager.cs - Importer: PreviewImporter
Importing 'GUID: 920c7a6bcbdcb6c4f9efdc8e7b0d450c - Path: Assets/Scripts/Cards/DeckManager.cs - Importer: PreviewImporter' with importer (PreviewImporter)
Imported 'GUID: 920c7a6bcbdcb6c4f9efdc8e7b0d450c' -> (Import Result ID: '0e959202186f839f787fc46568b30f91') in 0.001 seconds [static and dynamic dependencies]. Details - ImportResultOutputID=fc7777b06659fa4a4eacb95880062344 DependenciesID=a6a1c836ca13d0977f834dc74b759901 StaticDependenciesID=5203a7d42f97d6c5497ace0405f497b6 
Number of updated asset objects reloaded before import = 0
Number of asset objects unloaded after import = 0
========================================================================
Received Import Request.
  Time of request: 2026-08-19T16:55:47.5015177Z
  Time since last request: 0.0029382 seconds.
  importAddress: GUID: 920c7a6bcbdcb6c4f9efdc8e7b0d450c - Path: Assets/Scripts/Cards/DeckManager.cs - Importer: PreviewImporter
Importing 'GUID: 920c7a6bcbdcb6c4f9efdc8e7b0d450c - Path: Assets/Scripts/Cards/DeckManager.cs - Importer: PreviewImporter' with importer (PreviewImporter)
Imported 'GUID: 920c7a6bcbdcb6c4f9efdc8e7b0d450c' -> (Import Result ID: '0e959202186f839f787fc46568b30f91') in 0.001 seconds [static and dynamic dependencies]. Details - ImportResultOutputID=fc7777b06659fa4a4eacb95880062344 DependenciesID=a6a1c836ca13d0977f834dc74b759901 StaticDependenciesID=5203a7d42f97d6c5497ace0405f497b6 
Number of updated asset objects reloaded before import = 0
Number of asset objects unloaded after import = 0
========================================================================
Received Import Request.
  Time of request: 2026-08-19T16:55:47.5328976Z
  Time since last request: 0.0016257 seconds.
  importAddress: GUID: 920c7a6bcbdcb6c4f9efdc8e7b0d450c - Path: Assets/Scripts/Cards/DeckManager.cs - Importer: PreviewImporter
Importing 'GUID: 920c7a6bcbdcb6c4f9efdc8e7b0d450c - Path: Assets/Scripts/Cards/DeckManager.cs - Importer: PreviewImporter' with importer (PreviewImporter)
Imported 'GUID: 920c7a6bcbdcb6c4f9efdc8e7b0d450c' -> (Import Result ID: '0e959202186f839f787fc46568b30f91') in 0.001 seconds [static and dynamic dependencies]. Details - ImportResultOutputID=fc7777b06659fa4a4eacb95880062344 DependenciesID=a6a1c836ca13d0977f834dc74b759901 StaticDependenciesID=5203a7d42f97d6c5497ace0405f497b6 
Number of updated asset objects reloaded before import = 0
Number of asset objects unloaded after import = 0
========================================================================
Received Import Request.
  Time of request: 2026-08-19T16:55:47.5720277Z
  Time since last request: 0.0079064 seconds.
  importAddress: GUID: 920c7a6bcbdcb6c4f9efdc8e7b0d450c - Path: Assets/Scripts/Cards/DeckManager.cs - Importer: PreviewImporter
Importing 'GUID: 920c7a6bcbdcb6c4f9efdc8e7b0d450c - Path: Assets/Scripts/Cards/DeckManager.cs - Importer: PreviewImporter' with importer (PreviewImporter)
Imported 'GUID: 920c7a6bcbdcb6c4f9efdc8e7b0d450c' -> (Import Result ID: '0e959202186f839f787fc46568b30f91') in 0.001 seconds [static and dynamic dependencies]. Details - ImportResultOutputID=fc7777b06659fa4a4eacb95880062344 DependenciesID=a6a1c836ca13d0977f834dc74b759901 StaticDependenciesID=5203a7d42f97d6c5497ace0405f497b6 
Number of updated asset objects reloaded before import = 0
Number of asset objects unloaded after import = 0
========================================================================
Received Import Request.
  Time of request: 2026-08-19T16:55:47.6070503Z
  Time since last request: 0.0005994 seconds.
  importAddress: GUID: 920c7a6bcbdcb6c4f9efdc8e7b0d450c - Path: Assets/Scripts/Cards/DeckManager.cs - Importer: PreviewImporter
Importing 'GUID: 920c7a6bcbdcb6c4f9efdc8e7b0d450c - Path: Assets/Scripts/Cards/DeckManager.cs - Importer: PreviewImporter' with importer (PreviewImporter)
Imported 'GUID: 920c7a6bcbdcb6c4f9efdc8e7b0d450c' -> (Import Result ID: '0e959202186f839f787fc46568b30f91') in 0.002 seconds [static and dynamic dependencies]. Details - ImportResultOutputID=fc7777b06659fa4a4eacb95880062344 DependenciesID=a6a1c836ca13d0977f834dc74b759901 StaticDependenciesID=5203a7d42f97d6c5497ace0405f497b6 
Number of updated asset objects reloaded before import = 0
Number of asset objects unloaded after import = 0
========================================================================
Received Import Request.
  Time of request: 2026-08-19T16:55:47.639869Z
  Time since last request: 0.0026806 seconds.
  importAddress: GUID: 920c7a6bcbdcb6c4f9efdc8e7b0d450c - Path: Assets/Scripts/Cards/DeckManager.cs - Importer: PreviewImporter
Importing 'GUID: 920c7a6bcbdcb6c4f9efdc8e7b0d450c - Path: Assets/Scripts/Cards/DeckManager.cs - Importer: PreviewImporter' with importer (PreviewImporter)
Imported 'GUID: 920c7a6bcbdcb6c4f9efdc8e7b0d450c' -> (Import Result ID: '0e959202186f839f787fc46568b30f91') in 0.001 seconds [static and dynamic dependencies]. Details - ImportResultOutputID=fc7777b06659fa4a4eacb95880062344 DependenciesID=a6a1c836ca13d0977f834dc74b759901 StaticDependenciesID=5203a7d42f97d6c5497ace0405f497b6 
Number of updated asset objects reloaded before import = 0
Number of asset objects unloaded after import = 0
========================================================================
Received Import Request.
  Time of request: 2026-08-19T16:55:47.676387Z
  Time since last request: 0.0044179 seconds.
  importAddress: GUID: 920c7a6bcbdcb6c4f9efdc8e7b0d450c - Path: Assets/Scripts/Cards/DeckManager.cs - Importer: PreviewImporter
Importing 'GUID: 920c7a6bcbdcb6c4f9efdc8e7b0d450c - Path: Assets/Scripts/Cards/DeckManager.cs - Importer: PreviewImporter' with importer (PreviewImporter)
Imported 'GUID: 920c7a6bcbdcb6c4f9efdc8e7b0d450c' -> (Import Result ID: '0e959202186f839f787fc46568b30f91') in 0.001 seconds [static and dynamic dependencies]. Details - ImportResultOutputID=fc7777b06659fa4a4eacb95880062344 DependenciesID=a6a1c836ca13d0977f834dc74b759901 StaticDependenciesID=5203a7d42f97d6c5497ace0405f497b6 
Number of updated asset objects reloaded before import = 0
Number of asset objects unloaded after import = 0
========================================================================
Received Import Request.
  Time of request: 2026-08-19T16:55:47.7137209Z
  Time since last request: 0.0070074 seconds.
  importAddress: GUID: 920c7a6bcbdcb6c4f9efdc8e7b0d450c - Path: Assets/Scripts/Cards/DeckManager.cs - Importer: PreviewImporter
Importing 'GUID: 920c7a6bcbdcb6c4f9efdc8e7b0d450c - Path: Assets/Scripts/Cards/DeckManager.cs - Importer: PreviewImporter' with importer (PreviewImporter)
Imported 'GUID: 920c7a6bcbdcb6c4f9efdc8e7b0d450c' -> (Import Result ID: '0e959202186f839f787fc46568b30f91') in 0.001 seconds [static and dynamic dependencies]. Details - ImportResultOutputID=fc7777b06659fa4a4eacb95880062344 DependenciesID=a6a1c836ca13d0977f834dc74b759901 StaticDependenciesID=5203a7d42f97d6c5497ace0405f497b6 
Number of updated asset objects reloaded before import = 0
Number of asset objects unloaded after import = 0
========================================================================
Received Import Request.
  Time of request: 2026-08-19T16:55:47.7505578Z
  Time since last request: 0.0053988 seconds.
  importAddress: GUID: 920c7a6bcbdcb6c4f9efdc8e7b0d450c - Path: Assets/Scripts/Cards/DeckManager.cs - Importer: PreviewImporter
Importing 'GUID: 920c7a6bcbdcb6c4f9efdc8e7b0d450c - Path: Assets/Scripts/Cards/DeckManager.cs - Importer: PreviewImporter' with importer (PreviewImporter)
Imported 'GUID: 920c7a6bcbdcb6c4f9efdc8e7b0d450c' -> (Import Result ID: '0e959202186f839f787fc46568b30f91') in 0.001 seconds [static and dynamic dependencies]. Details - ImportResultOutputID=fc7777b06659fa4a4eacb95880062344 DependenciesID=a6a1c836ca13d0977f834dc74b759901 StaticDependenciesID=5203a7d42f97d6c5497ace0405f497b6 
Number of updated asset objects reloaded before import = 0
Number of asset objects unloaded after import = 0
========================================================================
Received Import Request.
  Time of request: 2026-08-19T16:55:47.7873241Z
  Time since last request: 0.0051034 seconds.
  importAddress: GUID: 920c7a6bcbdcb6c4f9efdc8e7b0d450c - Path: Assets/Scripts/Cards/DeckManager.cs - Importer: PreviewImporter
Importing 'GUID: 920c7a6bcbdcb6c4f9efdc8e7b0d450c - Path: Assets/Scripts/Cards/DeckManager.cs - Importer: PreviewImporter' with importer (PreviewImporter)
Imported 'GUID: 920c7a6bcbdcb6c4f9efdc8e7b0d450c' -> (Import Result ID: '0e959202186f839f787fc46568b30f91') in 0.001 seconds [static and dynamic dependencies]. Details - ImportResultOutputID=fc7777b06659fa4a4eacb95880062344 DependenciesID=a6a1c836ca13d0977f834dc74b759901 StaticDependenciesID=5203a7d42f97d6c5497ace0405f497b6 
Number of updated asset objects reloaded before import = 0
Number of asset objects unloaded after import = 0
========================================================================
Received Import Request.
  Time of request: 2026-08-19T16:55:47.8206781Z
  Time since last request: 0.001995 seconds.
  importAddress: GUID: 920c7a6bcbdcb6c4f9efdc8e7b0d450c - Path: Assets/Scripts/Cards/DeckManager.cs - Importer: PreviewImporter
Importing 'GUID: 920c7a6bcbdcb6c4f9efdc8e7b0d450c - Path: Assets/Scripts/Cards/DeckManager.cs - Importer: PreviewImporter' with importer (PreviewImporter)
Imported 'GUID: 920c7a6bcbdcb6c4f9efdc8e7b0d450c' -> (Import Result ID: '0e959202186f839f787fc46568b30f91') in 0.001 seconds [static and dynamic dependencies]. Details - ImportResultOutputID=fc7777b06659fa4a4eacb95880062344 DependenciesID=a6a1c836ca13d0977f834dc74b759901 StaticDependenciesID=5203a7d42f97d6c5497ace0405f497b6 
Number of updated asset objects reloaded before import = 0
Number of asset objects unloaded after import = 0
========================================================================
Received Import Request.
  Time of request: 2026-08-19T16:55:47.8568818Z
  Time since last request: 0.0053784 seconds.
  importAddress: GUID: 920c7a6bcbdcb6c4f9efdc8e7b0d450c - Path: Assets/Scripts/Cards/DeckManager.cs - Importer: PreviewImporter
Importing 'GUID: 920c7a6bcbdcb6c4f9efdc8e7b0d450c - Path: Assets/Scripts/Cards/DeckManager.cs - Importer: PreviewImporter' with importer (PreviewImporter)
Imported 'GUID: 920c7a6bcbdcb6c4f9efdc8e7b0d450c' -> (Import Result ID: '0e959202186f839f787fc46568b30f91') in 0.001 seconds [static and dynamic dependencies]. Details - ImportResultOutputID=fc7777b06659fa4a4eacb95880062344 DependenciesID=a6a1c836ca13d0977f834dc74b759901 StaticDependenciesID=5203a7d42f97d6c5497ace0405f497b6 
Number of updated asset objects reloaded before import = 0
Number of asset objects unloaded after import = 0
========================================================================
Received Import Request.
  Time of request: 2026-08-19T16:55:47.8921154Z
  Time since last request: 0.0030854 seconds.
  importAddress: GUID: 920c7a6bcbdcb6c4f9efdc8e7b0d450c - Path: Assets/Scripts/Cards/DeckManager.cs - Importer: PreviewImporter
Importing 'GUID: 920c7a6bcbdcb6c4f9efdc8e7b0d450c - Path: Assets/Scripts/Cards/DeckManager.cs - Importer: PreviewImporter' with importer (PreviewImporter)
Imported 'GUID: 920c7a6bcbdcb6c4f9efdc8e7b0d450c' -> (Import Result ID: '0e959202186f839f787fc46568b30f91') in 0.001 seconds [static and dynamic dependencies]. Details - ImportResultOutputID=fc7777b06659fa4a4eacb95880062344 DependenciesID=a6a1c836ca13d0977f834dc74b759901 StaticDependenciesID=5203a7d42f97d6c5497ace0405f497b6 
Number of updated asset objects reloaded before import = 0
Number of asset objects unloaded after import = 0
========================================================================
Received Import Request.
  Time of request: 2026-08-19T16:55:47.921417Z
  Time since last request: 0.0028868 seconds.
  importAddress: GUID: 920c7a6bcbdcb6c4f9efdc8e7b0d450c - Path: Assets/Scripts/Cards/DeckManager.cs - Importer: PreviewImporter
Importing 'GUID: 920c7a6bcbdcb6c4f9efdc8e7b0d450c - Path: Assets/Scripts/Cards/DeckManager.cs - Importer: PreviewImporter' with importer (PreviewImporter)
Imported 'GUID: 920c7a6bcbdcb6c4f9efdc8e7b0d450c' -> (Import Result ID: '0e959202186f839f787fc46568b30f91') in 0.001 seconds [static and dynamic dependencies]. Details - ImportResultOutputID=fc7777b06659fa4a4eacb95880062344 DependenciesID=a6a1c836ca13d0977f834dc74b759901 StaticDependenciesID=5203a7d42f97d6c5497ace0405f497b6 
Number of updated asset objects reloaded before import = 0
Number of asset objects unloaded after import = 0
========================================================================
Received Import Request.
  Time of request: 2026-08-19T16:55:47.9557849Z
  Time since last request: 0.0021942 seconds.
  importAddress: GUID: 920c7a6bcbdcb6c4f9efdc8e7b0d450c - Path: Assets/Scripts/Cards/DeckManager.cs - Importer: PreviewImporter
Importing 'GUID: 920c7a6bcbdcb6c4f9efdc8e7b0d450c - Path: Assets/Scripts/Cards/DeckManager.cs - Importer: PreviewImporter' with importer (PreviewImporter)
Imported 'GUID: 920c7a6bcbdcb6c4f9efdc8e7b0d450c' -> (Import Result ID: '0e959202186f839f787fc46568b30f91') in 0.001 seconds [static and dynamic dependencies]. Details - ImportResultOutputID=fc7777b06659fa4a4eacb95880062344 DependenciesID=a6a1c836ca13d0977f834dc74b759901 StaticDependenciesID=5203a7d42f97d6c5497ace0405f497b6 
Number of updated asset objects reloaded before import = 0
Number of asset objects unloaded after import = 0
========================================================================
Received Import Request.
  Time of request: 2026-08-19T16:55:47.9860563Z
  Time since last request: 0.0007179 seconds.
  importAddress: GUID: 920c7a6bcbdcb6c4f9efdc8e7b0d450c - Path: Assets/Scripts/Cards/DeckManager.cs - Importer: PreviewImporter
Importing 'GUID: 920c7a6bcbdcb6c4f9efdc8e7b0d450c - Path: Assets/Scripts/Cards/DeckManager.cs - Importer: PreviewImporter' with importer (PreviewImporter)
Imported 'GUID: 920c7a6bcbdcb6c4f9efdc8e7b0d450c' -> (Import Result ID: '0e959202186f839f787fc46568b30f91') in 0.001 seconds [static and dynamic dependencies]. Details - ImportResultOutputID=fc7777b06659fa4a4eacb95880062344 DependenciesID=a6a1c836ca13d0977f834dc74b759901 StaticDependenciesID=5203a7d42f97d6c5497ace0405f497b6 
Number of updated asset objects reloaded before import = 0
Number of asset objects unloaded after import = 0
========================================================================
Received Import Request.
  Time of request: 2026-08-19T16:55:48.018186Z
  Time since last request: 0.0015967 seconds.
  importAddress: GUID: 920c7a6bcbdcb6c4f9efdc8e7b0d450c - Path: Assets/Scripts/Cards/DeckManager.cs - Importer: PreviewImporter
Importing 'GUID: 920c7a6bcbdcb6c4f9efdc8e7b0d450c - Path: Assets/Scripts/Cards/DeckManager.cs - Importer: PreviewImporter' with importer (PreviewImporter)
Imported 'GUID: 920c7a6bcbdcb6c4f9efdc8e7b0d450c' -> (Import Result ID: '0e959202186f839f787fc46568b30f91') in 0.001 seconds [static and dynamic dependencies]. Details - ImportResultOutputID=fc7777b06659fa4a4eacb95880062344 DependenciesID=a6a1c836ca13d0977f834dc74b759901 StaticDependenciesID=5203a7d42f97d6c5497ace0405f497b6 
Number of updated asset objects reloaded before import = 0
Number of asset objects unloaded after import = 0
========================================================================
Received Import Request.
  Time of request: 2026-08-19T16:55:48.0515105Z
  Time since last request: 0.0048498 seconds.
  importAddress: GUID: 920c7a6bcbdcb6c4f9efdc8e7b0d450c - Path: Assets/Scripts/Cards/DeckManager.cs - Importer: PreviewImporter
Importing 'GUID: 920c7a6bcbdcb6c4f9efdc8e7b0d450c - Path: Assets/Scripts/Cards/DeckManager.cs - Importer: PreviewImporter' with importer (PreviewImporter)
Imported 'GUID: 920c7a6bcbdcb6c4f9efdc8e7b0d450c' -> (Import Result ID: '0e959202186f839f787fc46568b30f91') in 0.001 seconds [static and dynamic dependencies]. Details - ImportResultOutputID=fc7777b06659fa4a4eacb95880062344 DependenciesID=a6a1c836ca13d0977f834dc74b759901 StaticDependenciesID=5203a7d42f97d6c5497ace0405f497b6 
Number of updated asset objects reloaded before import = 0
Number of asset objects unloaded after import = 0
========================================================================
Received Import Request.
  Time of request: 2026-08-19T16:55:48.0840587Z
  Time since last request: 0.0013593 seconds.
  importAddress: GUID: 920c7a6bcbdcb6c4f9efdc8e7b0d450c - Path: Assets/Scripts/Cards/DeckManager.cs - Importer: PreviewImporter
Importing 'GUID: 920c7a6bcbdcb6c4f9efdc8e7b0d450c - Path: Assets/Scripts/Cards/DeckManager.cs - Importer: PreviewImporter' with importer (PreviewImporter)
Imported 'GUID: 920c7a6bcbdcb6c4f9efdc8e7b0d450c' -> (Import Result ID: '0e959202186f839f787fc46568b30f91') in 0.001 seconds [static and dynamic dependencies]. Details - ImportResultOutputID=fc7777b06659fa4a4eacb95880062344 DependenciesID=a6a1c836ca13d0977f834dc74b759901 StaticDependenciesID=5203a7d42f97d6c5497ace0405f497b6 
Number of updated asset objects reloaded before import = 0
Number of asset objects unloaded after import = 0
========================================================================
Received Import Request.
  Time of request: 2026-08-19T16:55:48.1167534Z
  Time since last request: 0.0029237 seconds.
  importAddress: GUID: 920c7a6bcbdcb6c4f9efdc8e7b0d450c - Path: Assets/Scripts/Cards/DeckManager.cs - Importer: PreviewImporter
Importing 'GUID: 920c7a6bcbdcb6c4f9efdc8e7b0d450c - Path: Assets/Scripts/Cards/DeckManager.cs - Importer: PreviewImporter' with importer (PreviewImporter)
Imported 'GUID: 920c7a6bcbdcb6c4f9efdc8e7b0d450c' -> (Import Result ID: '0e959202186f839f787fc46568b30f91') in 0.001 seconds [static and dynamic dependencies]. Details - ImportResultOutputID=fc7777b06659fa4a4eacb95880062344 DependenciesID=a6a1c836ca13d0977f834dc74b759901 StaticDependenciesID=5203a7d42f97d6c5497ace0405f497b6 
Number of updated asset objects reloaded before import = 0
Number of asset objects unloaded after import = 0
========================================================================
Received Import Request.
  Time of request: 2026-08-19T16:55:48.1518588Z
  Time since last request: 0.0048673 seconds.
  importAddress: GUID: 920c7a6bcbdcb6c4f9efdc8e7b0d450c - Path: Assets/Scripts/Cards/DeckManager.cs - Importer: PreviewImporter
Importing 'GUID: 920c7a6bcbdcb6c4f9efdc8e7b0d450c - Path: Assets/Scripts/Cards/DeckManager.cs - Importer: PreviewImporter' with importer (PreviewImporter)
Imported 'GUID: 920c7a6bcbdcb6c4f9efdc8e7b0d450c' -> (Import Result ID: '0e959202186f839f787fc46568b30f91') in 0.001 seconds [static and dynamic dependencies]. Details - ImportResultOutputID=fc7777b06659fa4a4eacb95880062344 DependenciesID=a6a1c836ca13d0977f834dc74b759901 StaticDependenciesID=5203a7d42f97d6c5497ace0405f497b6 
Number of updated asset objects reloaded before import = 0
Number of asset objects unloaded after import = 0
========================================================================
Received Import Request.
  Time of request: 2026-08-19T16:55:48.1890482Z
  Time since last request: 0.0057223 seconds.
  importAddress: GUID: 920c7a6bcbdcb6c4f9efdc8e7b0d450c - Path: Assets/Scripts/Cards/DeckManager.cs - Importer: PreviewImporter
Importing 'GUID: 920c7a6bcbdcb6c4f9efdc8e7b0d450c - Path: Assets/Scripts/Cards/DeckManager.cs - Importer: PreviewImporter' with importer (PreviewImporter)
Imported 'GUID: 920c7a6bcbdcb6c4f9efdc8e7b0d450c' -> (Import Result ID: '0e959202186f839f787fc46568b30f91') in 0.001 seconds [static and dynamic dependencies]. Details - ImportResultOutputID=fc7777b06659fa4a4eacb95880062344 DependenciesID=a6a1c836ca13d0977f834dc74b759901 StaticDependenciesID=5203a7d42f97d6c5497ace0405f497b6 
Number of updated asset objects reloaded before import = 0
Number of asset objects unloaded after import = 0
========================================================================
Received Import Request.
  Time of request: 2026-08-19T16:55:48.2165978Z
  Time since last request: 0.0010395 seconds.
  importAddress: GUID: 920c7a6bcbdcb6c4f9efdc8e7b0d450c - Path: Assets/Scripts/Cards/DeckManager.cs - Importer: PreviewImporter
Importing 'GUID: 920c7a6bcbdcb6c4f9efdc8e7b0d450c - Path: Assets/Scripts/Cards/DeckManager.cs - Importer: PreviewImporter' with importer (PreviewImporter)
Imported 'GUID: 920c7a6bcbdcb6c4f9efdc8e7b0d450c' -> (Import Result ID: '0e959202186f839f787fc46568b30f91') in 0.001 seconds [static and dynamic dependencies]. Details - ImportResultOutputID=fc7777b06659fa4a4eacb95880062344 DependenciesID=a6a1c836ca13d0977f834dc74b759901 StaticDependenciesID=5203a7d42f97d6c5497ace0405f497b6 
Number of updated asset objects reloaded before import = 0
Number of asset objects unloaded after import = 0
========================================================================
Received Import Request.
  Time of request: 2026-08-19T16:55:48.2432152Z
  Time since last request: 0.002685 seconds.
  importAddress: GUID: 920c7a6bcbdcb6c4f9efdc8e7b0d450c - Path: Assets/Scripts/Cards/DeckManager.cs - Importer: PreviewImporter
Importing 'GUID: 920c7a6bcbdcb6c4f9efdc8e7b0d450c - Path: Assets/Scripts/Cards/DeckManager.cs - Importer: PreviewImporter' with importer (PreviewImporter)
Imported 'GUID: 920c7a6bcbdcb6c4f9efdc8e7b0d450c' -> (Import Result ID: '0e959202186f839f787fc46568b30f91') in 0.001 seconds [static and dynamic dependencies]. Details - ImportResultOutputID=fc7777b06659fa4a4eacb95880062344 DependenciesID=a6a1c836ca13d0977f834dc74b759901 StaticDependenciesID=5203a7d42f97d6c5497ace0405f497b6 
Number of updated asset objects reloaded before import = 0
Number of asset objects unloaded after import = 0
========================================================================
Received Import Request.
  Time of request: 2026-08-19T16:55:48.2726356Z
  Time since last request: 0.0028566 seconds.
  importAddress: GUID: 920c7a6bcbdcb6c4f9efdc8e7b0d450c - Path: Assets/Scripts/Cards/DeckManager.cs - Importer: PreviewImporter
Importing 'GUID: 920c7a6bcbdcb6c4f9efdc8e7b0d450c - Path: Assets/Scripts/Cards/DeckManager.cs - Importer: PreviewImporter' with importer (PreviewImporter)
Imported 'GUID: 920c7a6bcbdcb6c4f9efdc8e7b0d450c' -> (Import Result ID: '0e959202186f839f787fc46568b30f91') in 0.001 seconds [static and dynamic dependencies]. Details - ImportResultOutputID=fc7777b06659fa4a4eacb95880062344 DependenciesID=a6a1c836ca13d0977f834dc74b759901 StaticDependenciesID=5203a7d42f97d6c5497ace0405f497b6 
Number of updated asset objects reloaded before import = 0
Number of asset objects unloaded after import = 0
========================================================================
Received Import Request.
  Time of request: 2026-08-19T16:55:48.3055432Z
  Time since last request: 0.0009455 seconds.
  importAddress: GUID: 920c7a6bcbdcb6c4f9efdc8e7b0d450c - Path: Assets/Scripts/Cards/DeckManager.cs - Importer: PreviewImporter
Importing 'GUID: 920c7a6bcbdcb6c4f9efdc8e7b0d450c - Path: Assets/Scripts/Cards/DeckManager.cs - Importer: PreviewImporter' with importer (PreviewImporter)
Imported 'GUID: 920c7a6bcbdcb6c4f9efdc8e7b0d450c' -> (Import Result ID: '0e959202186f839f787fc46568b30f91') in 0.001 seconds [static and dynamic dependencies]. Details - ImportResultOutputID=fc7777b06659fa4a4eacb95880062344 DependenciesID=a6a1c836ca13d0977f834dc74b759901 StaticDependenciesID=5203a7d42f97d6c5497ace0405f497b6 
Number of updated asset objects reloaded before import = 0
Number of asset objects unloaded after import = 0
========================================================================
Received Import Request.
  Time of request: 2026-08-19T16:55:48.3405277Z
  Time since last request: 0.0025689 seconds.
  importAddress: GUID: 920c7a6bcbdcb6c4f9efdc8e7b0d450c - Path: Assets/Scripts/Cards/DeckManager.cs - Importer: PreviewImporter
Importing 'GUID: 920c7a6bcbdcb6c4f9efdc8e7b0d450c - Path: Assets/Scripts/Cards/DeckManager.cs - Importer: PreviewImporter' with importer (PreviewImporter)
Imported 'GUID: 920c7a6bcbdcb6c4f9efdc8e7b0d450c' -> (Import Result ID: '0e959202186f839f787fc46568b30f91') in 0.001 seconds [static and dynamic dependencies]. Details - ImportResultOutputID=fc7777b06659fa4a4eacb95880062344 DependenciesID=a6a1c836ca13d0977f834dc74b759901 StaticDependenciesID=5203a7d42f97d6c5497ace0405f497b6 
Number of updated asset objects reloaded before import = 0
Number of asset objects unloaded after import = 0
========================================================================
Received Import Request.
  Time of request: 2026-08-19T16:55:48.3708638Z
  Time since last request: 0.004816 seconds.
  importAddress: GUID: 920c7a6bcbdcb6c4f9efdc8e7b0d450c - Path: Assets/Scripts/Cards/DeckManager.cs - Importer: PreviewImporter
Importing 'GUID: 920c7a6bcbdcb6c4f9efdc8e7b0d450c - Path: Assets/Scripts/Cards/DeckManager.cs - Importer: PreviewImporter' with importer (PreviewImporter)
Imported 'GUID: 920c7a6bcbdcb6c4f9efdc8e7b0d450c' -> (Import Result ID: '0e959202186f839f787fc46568b30f91') in 0.001 seconds [static and dynamic dependencies]. Details - ImportResultOutputID=fc7777b06659fa4a4eacb95880062344 DependenciesID=a6a1c836ca13d0977f834dc74b759901 StaticDependenciesID=5203a7d42f97d6c5497ace0405f497b6 
Number of updated asset objects reloaded before import = 0
Number of asset objects unloaded after import = 0
========================================================================
Received Import Request.
  Time of request: 2026-08-19T16:55:48.4048515Z
  Time since last request: 0.003389 seconds.
  importAddress: GUID: 920c7a6bcbdcb6c4f9efdc8e7b0d450c - Path: Assets/Scripts/Cards/DeckManager.cs - Importer: PreviewImporter
Importing 'GUID: 920c7a6bcbdcb6c4f9efdc8e7b0d450c - Path: Assets/Scripts/Cards/DeckManager.cs - Importer: PreviewImporter' with importer (PreviewImporter)
Imported 'GUID: 920c7a6bcbdcb6c4f9efdc8e7b0d450c' -> (Import Result ID: '0e959202186f839f787fc46568b30f91') in 0.001 seconds [static and dynamic dependencies]. Details - ImportResultOutputID=fc7777b06659fa4a4eacb95880062344 DependenciesID=a6a1c836ca13d0977f834dc74b759901 StaticDependenciesID=5203a7d42f97d6c5497ace0405f497b6 
Number of updated asset objects reloaded before import = 0
Number of asset objects unloaded after import = 0
========================================================================
Received Import Request.
  Time of request: 2026-08-19T16:55:48.4384989Z
  Time since last request: 0.001725 seconds.
  importAddress: GUID: 920c7a6bcbdcb6c4f9efdc8e7b0d450c - Path: Assets/Scripts/Cards/DeckManager.cs - Importer: PreviewImporter
Importing 'GUID: 920c7a6bcbdcb6c4f9efdc8e7b0d450c - Path: Assets/Scripts/Cards/DeckManager.cs - Importer: PreviewImporter' with importer (PreviewImporter)
Imported 'GUID: 920c7a6bcbdcb6c4f9efdc8e7b0d450c' -> (Import Result ID: '0e959202186f839f787fc46568b30f91') in 0.001 seconds [static and dynamic dependencies]. Details - ImportResultOutputID=fc7777b06659fa4a4eacb95880062344 DependenciesID=a6a1c836ca13d0977f834dc74b759901 StaticDependenciesID=5203a7d42f97d6c5497ace0405f497b6 
Number of updated asset objects reloaded before import = 0
Number of asset objects unloaded after import = 0
========================================================================
Received Import Request.
  Time of request: 2026-08-19T16:55:48.4664041Z
  Time since last request: 0.00172 seconds.
  importAddress: GUID: 920c7a6bcbdcb6c4f9efdc8e7b0d450c - Path: Assets/Scripts/Cards/DeckManager.cs - Importer: PreviewImporter
Importing 'GUID: 920c7a6bcbdcb6c4f9efdc8e7b0d450c - Path: Assets/Scripts/Cards/DeckManager.cs - Importer: PreviewImporter' with importer (PreviewImporter)
Imported 'GUID: 920c7a6bcbdcb6c4f9efdc8e7b0d450c' -> (Import Result ID: '0e959202186f839f787fc46568b30f91') in 0.001 seconds [static and dynamic dependencies]. Details - ImportResultOutputID=fc7777b06659fa4a4eacb95880062344 DependenciesID=a6a1c836ca13d0977f834dc74b759901 StaticDependenciesID=5203a7d42f97d6c5497ace0405f497b6 
Number of updated asset objects reloaded before import = 0
Number of asset objects unloaded after import = 0
========================================================================
Received Import Request.
  Time of request: 2026-08-19T16:55:48.4954444Z
  Time since last request: 0.0021538 seconds.
  importAddress: GUID: 920c7a6bcbdcb6c4f9efdc8e7b0d450c - Path: Assets/Scripts/Cards/DeckManager.cs - Importer: PreviewImporter
Importing 'GUID: 920c7a6bcbdcb6c4f9efdc8e7b0d450c - Path: Assets/Scripts/Cards/DeckManager.cs - Importer: PreviewImporter' with importer (PreviewImporter)
Imported 'GUID: 920c7a6bcbdcb6c4f9efdc8e7b0d450c' -> (Import Result ID: '0e959202186f839f787fc46568b30f91') in 0.001 seconds [static and dynamic dependencies]. Details - ImportResultOutputID=fc7777b06659fa4a4eacb95880062344 DependenciesID=a6a1c836ca13d0977f834dc74b759901 StaticDependenciesID=5203a7d42f97d6c5497ace0405f497b6 
Number of updated asset objects reloaded before import = 0
Number of asset objects unloaded after import = 0
========================================================================
Received Import Request.
  Time of request: 2026-08-19T16:55:48.5264739Z
  Time since last request: 0.0040394 seconds.
  importAddress: GUID: 920c7a6bcbdcb6c4f9efdc8e7b0d450c - Path: Assets/Scripts/Cards/DeckManager.cs - Importer: PreviewImporter
Importing 'GUID: 920c7a6bcbdcb6c4f9efdc8e7b0d450c - Path: Assets/Scripts/Cards/DeckManager.cs - Importer: PreviewImporter' with importer (PreviewImporter)
Imported 'GUID: 920c7a6bcbdcb6c4f9efdc8e7b0d450c' -> (Import Result ID: '0e959202186f839f787fc46568b30f91') in 0.001 seconds [static and dynamic dependencies]. Details - ImportResultOutputID=fc7777b06659fa4a4eacb95880062344 DependenciesID=a6a1c836ca13d0977f834dc74b759901 StaticDependenciesID=5203a7d42f97d6c5497ace0405f497b6 
Number of updated asset objects reloaded before import = 0
Number of asset objects unloaded after import = 0
========================================================================
Received Import Request.
  Time of request: 2026-08-19T16:55:48.5551854Z
  Time since last request: 0.0013036 seconds.
  importAddress: GUID: 920c7a6bcbdcb6c4f9efdc8e7b0d450c - Path: Assets/Scripts/Cards/DeckManager.cs - Importer: PreviewImporter
Importing 'GUID: 920c7a6bcbdcb6c4f9efdc8e7b0d450c - Path: Assets/Scripts/Cards/DeckManager.cs - Importer: PreviewImporter' with importer (PreviewImporter)
Imported 'GUID: 920c7a6bcbdcb6c4f9efdc8e7b0d450c' -> (Import Result ID: '0e959202186f839f787fc46568b30f91') in 0.001 seconds [static and dynamic dependencies]. Details - ImportResultOutputID=fc7777b06659fa4a4eacb95880062344 DependenciesID=a6a1c836ca13d0977f834dc74b759901 StaticDependenciesID=5203a7d42f97d6c5497ace0405f497b6 
Number of updated asset objects reloaded before import = 0
Number of asset objects unloaded after import = 0
========================================================================
Received Import Request.
  Time of request: 2026-08-19T16:55:48.5881059Z
  Time since last request: 0.0022717 seconds.
  importAddress: GUID: 920c7a6bcbdcb6c4f9efdc8e7b0d450c - Path: Assets/Scripts/Cards/DeckManager.cs - Importer: PreviewImporter
Importing 'GUID: 920c7a6bcbdcb6c4f9efdc8e7b0d450c - Path: Assets/Scripts/Cards/DeckManager.cs - Importer: PreviewImporter' with importer (PreviewImporter)
Imported 'GUID: 920c7a6bcbdcb6c4f9efdc8e7b0d450c' -> (Import Result ID: '0e959202186f839f787fc46568b30f91') in 0.001 seconds [static and dynamic dependencies]. Details - ImportResultOutputID=fc7777b06659fa4a4eacb95880062344 DependenciesID=a6a1c836ca13d0977f834dc74b759901 StaticDependenciesID=5203a7d42f97d6c5497ace0405f497b6 
Number of updated asset objects reloaded before import = 0
Number of asset objects unloaded after import = 0
========================================================================
Received Import Request.
  Time of request: 2026-08-19T16:55:48.6153876Z
  Time since last request: 0.0016987 seconds.
  importAddress: GUID: 920c7a6bcbdcb6c4f9efdc8e7b0d450c - Path: Assets/Scripts/Cards/DeckManager.cs - Importer: PreviewImporter
Importing 'GUID: 920c7a6bcbdcb6c4f9efdc8e7b0d450c - Path: Assets/Scripts/Cards/DeckManager.cs - Importer: PreviewImporter' with importer (PreviewImporter)
Imported 'GUID: 920c7a6bcbdcb6c4f9efdc8e7b0d450c' -> (Import Result ID: '0e959202186f839f787fc46568b30f91') in 0.001 seconds [static and dynamic dependencies]. Details - ImportResultOutputID=fc7777b06659fa4a4eacb95880062344 DependenciesID=a6a1c836ca13d0977f834dc74b759901 StaticDependenciesID=5203a7d42f97d6c5497ace0405f497b6 
Number of updated asset objects reloaded before import = 0
Number of asset objects unloaded after import = 0
========================================================================
Received Import Request.
  Time of request: 2026-08-19T16:55:48.641413Z
  Time since last request: 0.0005464 seconds.
  importAddress: GUID: 920c7a6bcbdcb6c4f9efdc8e7b0d450c - Path: Assets/Scripts/Cards/DeckManager.cs - Importer: PreviewImporter
Importing 'GUID: 920c7a6bcbdcb6c4f9efdc8e7b0d450c - Path: Assets/Scripts/Cards/DeckManager.cs - Importer: PreviewImporter' with importer (PreviewImporter)
Imported 'GUID: 920c7a6bcbdcb6c4f9efdc8e7b0d450c' -> (Import Result ID: '0e959202186f839f787fc46568b30f91') in 0.001 seconds [static and dynamic dependencies]. Details - ImportResultOutputID=fc7777b06659fa4a4eacb95880062344 DependenciesID=a6a1c836ca13d0977f834dc74b759901 StaticDependenciesID=5203a7d42f97d6c5497ace0405f497b6 
Number of updated asset objects reloaded before import = 0
Number of asset objects unloaded after import = 0
========================================================================
Received Import Request.
  Time of request: 2026-08-19T16:55:48.6804035Z
  Time since last request: 0.0031188 seconds.
  importAddress: GUID: 920c7a6bcbdcb6c4f9efdc8e7b0d450c - Path: Assets/Scripts/Cards/DeckManager.cs - Importer: PreviewImporter
Importing 'GUID: 920c7a6bcbdcb6c4f9efdc8e7b0d450c - Path: Assets/Scripts/Cards/DeckManager.cs - Importer: PreviewImporter' with importer (PreviewImporter)
Imported 'GUID: 920c7a6bcbdcb6c4f9efdc8e7b0d450c' -> (Import Result ID: '0e959202186f839f787fc46568b30f91') in 0.001 seconds [static and dynamic dependencies]. Details - ImportResultOutputID=fc7777b06659fa4a4eacb95880062344 DependenciesID=a6a1c836ca13d0977f834dc74b759901 StaticDependenciesID=5203a7d42f97d6c5497ace0405f497b6 
Number of updated asset objects reloaded before import = 0
Number of asset objects unloaded after import = 0
========================================================================
Received Import Request.
  Time of request: 2026-08-19T16:55:48.7133364Z
  Time since last request: 0.004367 seconds.
  importAddress: GUID: 920c7a6bcbdcb6c4f9efdc8e7b0d450c - Path: Assets/Scripts/Cards/DeckManager.cs - Importer: PreviewImporter
Importing 'GUID: 920c7a6bcbdcb6c4f9efdc8e7b0d450c - Path: Assets/Scripts/Cards/DeckManager.cs - Importer: PreviewImporter' with importer (PreviewImporter)
Imported 'GUID: 920c7a6bcbdcb6c4f9efdc8e7b0d450c' -> (Import Result ID: '0e959202186f839f787fc46568b30f91') in 0.001 seconds [static and dynamic dependencies]. Details - ImportResultOutputID=fc7777b06659fa4a4eacb95880062344 DependenciesID=a6a1c836ca13d0977f834dc74b759901 StaticDependenciesID=5203a7d42f97d6c5497ace0405f497b6 
Number of updated asset objects reloaded before import = 0
Number of asset objects unloaded after import = 0
========================================================================
Received Import Request.
  Time of request: 2026-08-19T16:55:48.7499067Z
  Time since last request: 0.0056905 seconds.
  importAddress: GUID: 920c7a6bcbdcb6c4f9efdc8e7b0d450c - Path: Assets/Scripts/Cards/DeckManager.cs - Importer: PreviewImporter
Importing 'GUID: 920c7a6bcbdcb6c4f9efdc8e7b0d450c - Path: Assets/Scripts/Cards/DeckManager.cs - Importer: PreviewImporter' with importer (PreviewImporter)
Imported 'GUID: 920c7a6bcbdcb6c4f9efdc8e7b0d450c' -> (Import Result ID: '0e959202186f839f787fc46568b30f91') in 0.001 seconds [static and dynamic dependencies]. Details - ImportResultOutputID=fc7777b06659fa4a4eacb95880062344 DependenciesID=a6a1c836ca13d0977f834dc74b759901 StaticDependenciesID=5203a7d42f97d6c5497ace0405f497b6 
Number of updated asset objects reloaded before import = 0
Number of asset objects unloaded after import = 0
========================================================================
Received Import Request.
  Time of request: 2026-08-19T16:55:48.7848704Z
  Time since last request: 0.001136 seconds.
  importAddress: GUID: 920c7a6bcbdcb6c4f9efdc8e7b0d450c - Path: Assets/Scripts/Cards/DeckManager.cs - Importer: PreviewImporter
Importing 'GUID: 920c7a6bcbdcb6c4f9efdc8e7b0d450c - Path: Assets/Scripts/Cards/DeckManager.cs - Importer: PreviewImporter' with importer (PreviewImporter)
Imported 'GUID: 920c7a6bcbdcb6c4f9efdc8e7b0d450c' -> (Import Result ID: '0e959202186f839f787fc46568b30f91') in 0.001 seconds [static and dynamic dependencies]. Details - ImportResultOutputID=fc7777b06659fa4a4eacb95880062344 DependenciesID=a6a1c836ca13d0977f834dc74b759901 StaticDependenciesID=5203a7d42f97d6c5497ace0405f497b6 
Number of updated asset objects reloaded before import = 0
Number of asset objects unloaded after import = 0
========================================================================
Received Import Request.
  Time of request: 2026-08-19T16:55:48.8130675Z
  Time since last request: 0.0019434 seconds.
  importAddress: GUID: 920c7a6bcbdcb6c4f9efdc8e7b0d450c - Path: Assets/Scripts/Cards/DeckManager.cs - Importer: PreviewImporter
Importing 'GUID: 920c7a6bcbdcb6c4f9efdc8e7b0d450c - Path: Assets/Scripts/Cards/DeckManager.cs - Importer: PreviewImporter' with importer (PreviewImporter)
Imported 'GUID: 920c7a6bcbdcb6c4f9efdc8e7b0d450c' -> (Import Result ID: '0e959202186f839f787fc46568b30f91') in 0.001 seconds [static and dynamic dependencies]. Details - ImportResultOutputID=fc7777b06659fa4a4eacb95880062344 DependenciesID=a6a1c836ca13d0977f834dc74b759901 StaticDependenciesID=5203a7d42f97d6c5497ace0405f497b6 
Number of updated asset objects reloaded before import = 0
Number of asset objects unloaded after import = 0
========================================================================
Received Import Request.
  Time of request: 2026-08-19T16:55:48.847187Z
  Time since last request: 0.0051992 seconds.
  importAddress: GUID: 920c7a6bcbdcb6c4f9efdc8e7b0d450c - Path: Assets/Scripts/Cards/DeckManager.cs - Importer: PreviewImporter
Importing 'GUID: 920c7a6bcbdcb6c4f9efdc8e7b0d450c - Path: Assets/Scripts/Cards/DeckManager.cs - Importer: PreviewImporter' with importer (PreviewImporter)
Imported 'GUID: 920c7a6bcbdcb6c4f9efdc8e7b0d450c' -> (Import Result ID: '0e959202186f839f787fc46568b30f91') in 0.001 seconds [static and dynamic dependencies]. Details - ImportResultOutputID=fc7777b06659fa4a4eacb95880062344 DependenciesID=a6a1c836ca13d0977f834dc74b759901 StaticDependenciesID=5203a7d42f97d6c5497ace0405f497b6 
Number of updated asset objects reloaded before import = 0
Number of asset objects unloaded after import = 0
========================================================================
Received Import Request.
  Time of request: 2026-08-19T16:55:48.8805617Z
  Time since last request: 0.0047729 seconds.
  importAddress: GUID: 920c7a6bcbdcb6c4f9efdc8e7b0d450c - Path: Assets/Scripts/Cards/DeckManager.cs - Importer: PreviewImporter
Importing 'GUID: 920c7a6bcbdcb6c4f9efdc8e7b0d450c - Path: Assets/Scripts/Cards/DeckManager.cs - Importer: PreviewImporter' with importer (PreviewImporter)
Imported 'GUID: 920c7a6bcbdcb6c4f9efdc8e7b0d450c' -> (Import Result ID: '0e959202186f839f787fc46568b30f91') in 0.001 seconds [static and dynamic dependencies]. Details - ImportResultOutputID=fc7777b06659fa4a4eacb95880062344 DependenciesID=a6a1c836ca13d0977f834dc74b759901 StaticDependenciesID=5203a7d42f97d6c5497ace0405f497b6 
Number of updated asset objects reloaded before import = 0
Number of asset objects unloaded after import = 0
========================================================================
Received Import Request.
  Time of request: 2026-08-19T16:55:48.9123514Z
  Time since last request: 0.0029261 seconds.
  importAddress: GUID: 920c7a6bcbdcb6c4f9efdc8e7b0d450c - Path: Assets/Scripts/Cards/DeckManager.cs - Importer: PreviewImporter
Importing 'GUID: 920c7a6bcbdcb6c4f9efdc8e7b0d450c - Path: Assets/Scripts/Cards/DeckManager.cs - Importer: PreviewImporter' with importer (PreviewImporter)
Imported 'GUID: 920c7a6bcbdcb6c4f9efdc8e7b0d450c' -> (Import Result ID: '0e959202186f839f787fc46568b30f91') in 0.001 seconds [static and dynamic dependencies]. Details - ImportResultOutputID=fc7777b06659fa4a4eacb95880062344 DependenciesID=a6a1c836ca13d0977f834dc74b759901 StaticDependenciesID=5203a7d42f97d6c5497ace0405f497b6 
Number of updated asset objects reloaded before import = 0
Number of asset objects unloaded after import = 0
========================================================================
Received Import Request.
  Time of request: 2026-08-19T16:55:48.9402184Z
  Time since last request: 0.0026145 seconds.
  importAddress: GUID: 920c7a6bcbdcb6c4f9efdc8e7b0d450c - Path: Assets/Scripts/Cards/DeckManager.cs - Importer: PreviewImporter
Importing 'GUID: 920c7a6bcbdcb6c4f9efdc8e7b0d450c - Path: Assets/Scripts/Cards/DeckManager.cs - Importer: PreviewImporter' with importer (PreviewImporter)
Imported 'GUID: 920c7a6bcbdcb6c4f9efdc8e7b0d450c' -> (Import Result ID: '0e959202186f839f787fc46568b30f91') in 0.001 seconds [static and dynamic dependencies]. Details - ImportResultOutputID=fc7777b06659fa4a4eacb95880062344 DependenciesID=a6a1c836ca13d0977f834dc74b759901 StaticDependenciesID=5203a7d42f97d6c5497ace0405f497b6 
Number of updated asset objects reloaded before import = 0
Number of asset objects unloaded after import = 0
========================================================================
Received Import Request.
  Time of request: 2026-08-19T16:55:48.9707968Z
  Time since last request: 0.0005617 seconds.
  importAddress: GUID: 920c7a6bcbdcb6c4f9efdc8e7b0d450c - Path: Assets/Scripts/Cards/DeckManager.cs - Importer: PreviewImporter
Importing 'GUID: 920c7a6bcbdcb6c4f9efdc8e7b0d450c - Path: Assets/Scripts/Cards/DeckManager.cs - Importer: PreviewImporter' with importer (PreviewImporter)
Imported 'GUID: 920c7a6bcbdcb6c4f9efdc8e7b0d450c' -> (Import Result ID: '0e959202186f839f787fc46568b30f91') in 0.001 seconds [static and dynamic dependencies]. Details - ImportResultOutputID=fc7777b06659fa4a4eacb95880062344 DependenciesID=a6a1c836ca13d0977f834dc74b759901 StaticDependenciesID=5203a7d42f97d6c5497ace0405f497b6 
Number of updated asset objects reloaded before import = 0
Number of asset objects unloaded after import = 0
========================================================================
Received Import Request.
  Time of request: 2026-08-19T16:55:49.0711154Z
  Time since last request: 0.0037695 seconds.
  importAddress: GUID: 920c7a6bcbdcb6c4f9efdc8e7b0d450c - Path: Assets/Scripts/Cards/DeckManager.cs - Importer: PreviewImporter
Importing 'GUID: 920c7a6bcbdcb6c4f9efdc8e7b0d450c - Path: Assets/Scripts/Cards/DeckManager.cs - Importer: PreviewImporter' with importer (PreviewImporter)
Imported 'GUID: 920c7a6bcbdcb6c4f9efdc8e7b0d450c' -> (Import Result ID: '0e959202186f839f787fc46568b30f91') in 0.001 seconds [static and dynamic dependencies]. Details - ImportResultOutputID=fc7777b06659fa4a4eacb95880062344 DependenciesID=a6a1c836ca13d0977f834dc74b759901 StaticDependenciesID=5203a7d42f97d6c5497ace0405f497b6 
Number of updated asset objects reloaded before import = 0
Number of asset objects unloaded after import = 0
========================================================================
Received Import Request.
  Time of request: 2026-08-19T16:55:49.1058767Z
  Time since last request: 0.0042588 seconds.
  importAddress: GUID: 920c7a6bcbdcb6c4f9efdc8e7b0d450c - Path: Assets/Scripts/Cards/DeckManager.cs - Importer: PreviewImporter
Importing 'GUID: 920c7a6bcbdcb6c4f9efdc8e7b0d450c - Path: Assets/Scripts/Cards/DeckManager.cs - Importer: PreviewImporter' with importer (PreviewImporter)
Imported 'GUID: 920c7a6bcbdcb6c4f9efdc8e7b0d450c' -> (Import Result ID: '0e959202186f839f787fc46568b30f91') in 0.001 seconds [static and dynamic dependencies]. Details - ImportResultOutputID=fc7777b06659fa4a4eacb95880062344 DependenciesID=a6a1c836ca13d0977f834dc74b759901 StaticDependenciesID=5203a7d42f97d6c5497ace0405f497b6 
Number of updated asset objects reloaded before import = 0
Number of asset objects unloaded after import = 0
========================================================================
Received Import Request.
  Time of request: 2026-08-19T16:55:49.13461Z
  Time since last request: 0.0032417 seconds.
  importAddress: GUID: 920c7a6bcbdcb6c4f9efdc8e7b0d450c - Path: Assets/Scripts/Cards/DeckManager.cs - Importer: PreviewImporter
Importing 'GUID: 920c7a6bcbdcb6c4f9efdc8e7b0d450c - Path: Assets/Scripts/Cards/DeckManager.cs - Importer: PreviewImporter' with importer (PreviewImporter)
Imported 'GUID: 920c7a6bcbdcb6c4f9efdc8e7b0d450c' -> (Import Result ID: '0e959202186f839f787fc46568b30f91') in 0.001 seconds [static and dynamic dependencies]. Details - ImportResultOutputID=fc7777b06659fa4a4eacb95880062344 DependenciesID=a6a1c836ca13d0977f834dc74b759901 StaticDependenciesID=5203a7d42f97d6c5497ace0405f497b6 
Number of updated asset objects reloaded before import = 0
Number of asset objects unloaded after import = 0
========================================================================
Received Import Request.
  Time of request: 2026-08-19T16:55:49.1653135Z
  Time since last request: 0.0047861 seconds.
  importAddress: GUID: 920c7a6bcbdcb6c4f9efdc8e7b0d450c - Path: Assets/Scripts/Cards/DeckManager.cs - Importer: PreviewImporter
Importing 'GUID: 920c7a6bcbdcb6c4f9efdc8e7b0d450c - Path: Assets/Scripts/Cards/DeckManager.cs - Importer: PreviewImporter' with importer (PreviewImporter)
Imported 'GUID: 920c7a6bcbdcb6c4f9efdc8e7b0d450c' -> (Import Result ID: '0e959202186f839f787fc46568b30f91') in 0.001 seconds [static and dynamic dependencies]. Details - ImportResultOutputID=fc7777b06659fa4a4eacb95880062344 DependenciesID=a6a1c836ca13d0977f834dc74b759901 StaticDependenciesID=5203a7d42f97d6c5497ace0405f497b6 
Number of updated asset objects reloaded before import = 0
Number of asset objects unloaded after import = 0
========================================================================
Received Import Request.
  Time of request: 2026-08-19T16:55:49.193452Z
  Time since last request: 0.001142 seconds.
  importAddress: GUID: 920c7a6bcbdcb6c4f9efdc8e7b0d450c - Path: Assets/Scripts/Cards/DeckManager.cs - Importer: PreviewImporter
Importing 'GUID: 920c7a6bcbdcb6c4f9efdc8e7b0d450c - Path: Assets/Scripts/Cards/DeckManager.cs - Importer: PreviewImporter' with importer (PreviewImporter)
Imported 'GUID: 920c7a6bcbdcb6c4f9efdc8e7b0d450c' -> (Import Result ID: '0e959202186f839f787fc46568b30f91') in 0.001 seconds [static and dynamic dependencies]. Details - ImportResultOutputID=fc7777b06659fa4a4eacb95880062344 DependenciesID=a6a1c836ca13d0977f834dc74b759901 StaticDependenciesID=5203a7d42f97d6c5497ace0405f497b6 
Number of updated asset objects reloaded before import = 0
Number of asset objects unloaded after import = 0
========================================================================
Received Import Request.
  Time of request: 2026-08-19T16:55:49.2243823Z
  Time since last request: 0.0022807 seconds.
  importAddress: GUID: 920c7a6bcbdcb6c4f9efdc8e7b0d450c - Path: Assets/Scripts/Cards/DeckManager.cs - Importer: PreviewImporter
Importing 'GUID: 920c7a6bcbdcb6c4f9efdc8e7b0d450c - Path: Assets/Scripts/Cards/DeckManager.cs - Importer: PreviewImporter' with importer (PreviewImporter)
Imported 'GUID: 920c7a6bcbdcb6c4f9efdc8e7b0d450c' -> (Import Result ID: '0e959202186f839f787fc46568b30f91') in 0.001 seconds [static and dynamic dependencies]. Details - ImportResultOutputID=fc7777b06659fa4a4eacb95880062344 DependenciesID=a6a1c836ca13d0977f834dc74b759901 StaticDependenciesID=5203a7d42f97d6c5497ace0405f497b6 
Number of updated asset objects reloaded before import = 0
Number of asset objects unloaded after import = 0
========================================================================
Received Import Request.
  Time of request: 2026-08-19T16:55:49.2596158Z
  Time since last request: 0.0056961 seconds.
  importAddress: GUID: 920c7a6bcbdcb6c4f9efdc8e7b0d450c - Path: Assets/Scripts/Cards/DeckManager.cs - Importer: PreviewImporter
Importing 'GUID: 920c7a6bcbdcb6c4f9efdc8e7b0d450c - Path: Assets/Scripts/Cards/DeckManager.cs - Importer: PreviewImporter' with importer (PreviewImporter)
Imported 'GUID: 920c7a6bcbdcb6c4f9efdc8e7b0d450c' -> (Import Result ID: '0e959202186f839f787fc46568b30f91') in 0.001 seconds [static and dynamic dependencies]. Details - ImportResultOutputID=fc7777b06659fa4a4eacb95880062344 DependenciesID=a6a1c836ca13d0977f834dc74b759901 StaticDependenciesID=5203a7d42f97d6c5497ace0405f497b6 
Number of updated asset objects reloaded before import = 0
Number of asset objects unloaded after import = 0
========================================================================
Received Import Request.
  Time of request: 2026-08-19T16:55:49.2875077Z
  Time since last request: 0.002182 seconds.
  importAddress: GUID: 920c7a6bcbdcb6c4f9efdc8e7b0d450c - Path: Assets/Scripts/Cards/DeckManager.cs - Importer: PreviewImporter
Importing 'GUID: 920c7a6bcbdcb6c4f9efdc8e7b0d450c - Path: Assets/Scripts/Cards/DeckManager.cs - Importer: PreviewImporter' with importer (PreviewImporter)
Imported 'GUID: 920c7a6bcbdcb6c4f9efdc8e7b0d450c' -> (Import Result ID: '0e959202186f839f787fc46568b30f91') in 0.001 seconds [static and dynamic dependencies]. Details - ImportResultOutputID=fc7777b06659fa4a4eacb95880062344 DependenciesID=a6a1c836ca13d0977f834dc74b759901 StaticDependenciesID=5203a7d42f97d6c5497ace0405f497b6 
Number of updated asset objects reloaded before import = 0
Number of asset objects unloaded after import = 0
========================================================================
Received Import Request.
  Time of request: 2026-08-19T16:55:49.3156612Z
  Time since last request: 0.0009164 seconds.
  importAddress: GUID: 920c7a6bcbdcb6c4f9efdc8e7b0d450c - Path: Assets/Scripts/Cards/DeckManager.cs - Importer: PreviewImporter
Importing 'GUID: 920c7a6bcbdcb6c4f9efdc8e7b0d450c - Path: Assets/Scripts/Cards/DeckManager.cs - Importer: PreviewImporter' with importer (PreviewImporter)
Imported 'GUID: 920c7a6bcbdcb6c4f9efdc8e7b0d450c' -> (Import Result ID: '0e959202186f839f787fc46568b30f91') in 0.001 seconds [static and dynamic dependencies]. Details - ImportResultOutputID=fc7777b06659fa4a4eacb95880062344 DependenciesID=a6a1c836ca13d0977f834dc74b759901 StaticDependenciesID=5203a7d42f97d6c5497ace0405f497b6 
Number of updated asset objects reloaded before import = 0
Number of asset objects unloaded after import = 0
========================================================================
Received Import Request.
  Time of request: 2026-08-19T16:55:49.3470771Z
  Time since last request: 0.0037715 seconds.
  importAddress: GUID: 920c7a6bcbdcb6c4f9efdc8e7b0d450c - Path: Assets/Scripts/Cards/DeckManager.cs - Importer: PreviewImporter
Importing 'GUID: 920c7a6bcbdcb6c4f9efdc8e7b0d450c - Path: Assets/Scripts/Cards/DeckManager.cs - Importer: PreviewImporter' with importer (PreviewImporter)
Imported 'GUID: 920c7a6bcbdcb6c4f9efdc8e7b0d450c' -> (Import Result ID: '0e959202186f839f787fc46568b30f91') in 0.001 seconds [static and dynamic dependencies]. Details - ImportResultOutputID=fc7777b06659fa4a4eacb95880062344 DependenciesID=a6a1c836ca13d0977f834dc74b759901 StaticDependenciesID=5203a7d42f97d6c5497ace0405f497b6 
Number of updated asset objects reloaded before import = 0
Number of asset objects unloaded after import = 0
========================================================================
Received Import Request.
  Time of request: 2026-08-19T16:55:49.3807468Z
  Time since last request: 0.0019356 seconds.
  importAddress: GUID: 920c7a6bcbdcb6c4f9efdc8e7b0d450c - Path: Assets/Scripts/Cards/DeckManager.cs - Importer: PreviewImporter
Importing 'GUID: 920c7a6bcbdcb6c4f9efdc8e7b0d450c - Path: Assets/Scripts/Cards/DeckManager.cs - Importer: PreviewImporter' with importer (PreviewImporter)
Imported 'GUID: 920c7a6bcbdcb6c4f9efdc8e7b0d450c' -> (Import Result ID: '0e959202186f839f787fc46568b30f91') in 0.001 seconds [static and dynamic dependencies]. Details - ImportResultOutputID=fc7777b06659fa4a4eacb95880062344 DependenciesID=a6a1c836ca13d0977f834dc74b759901 StaticDependenciesID=5203a7d42f97d6c5497ace0405f497b6 
Number of updated asset objects reloaded before import = 0
Number of asset objects unloaded after import = 0
========================================================================
Received Import Request.
  Time of request: 2026-08-19T16:55:49.4160206Z
  Time since last request: 0.0031864 seconds.
  importAddress: GUID: 920c7a6bcbdcb6c4f9efdc8e7b0d450c - Path: Assets/Scripts/Cards/DeckManager.cs - Importer: PreviewImporter
Importing 'GUID: 920c7a6bcbdcb6c4f9efdc8e7b0d450c - Path: Assets/Scripts/Cards/DeckManager.cs - Importer: PreviewImporter' with importer (PreviewImporter)
Imported 'GUID: 920c7a6bcbdcb6c4f9efdc8e7b0d450c' -> (Import Result ID: '0e959202186f839f787fc46568b30f91') in 0.001 seconds [static and dynamic dependencies]. Details - ImportResultOutputID=fc7777b06659fa4a4eacb95880062344 DependenciesID=a6a1c836ca13d0977f834dc74b759901 StaticDependenciesID=5203a7d42f97d6c5497ace0405f497b6 
Number of updated asset objects reloaded before import = 0
Number of asset objects unloaded after import = 0
========================================================================
Received Import Request.
  Time of request: 2026-08-19T16:55:49.4515278Z
  Time since last request: 0.0039508 seconds.
  importAddress: GUID: 920c7a6bcbdcb6c4f9efdc8e7b0d450c - Path: Assets/Scripts/Cards/DeckManager.cs - Importer: PreviewImporter
Importing 'GUID: 920c7a6bcbdcb6c4f9efdc8e7b0d450c - Path: Assets/Scripts/Cards/DeckManager.cs - Importer: PreviewImporter' with importer (PreviewImporter)
Imported 'GUID: 920c7a6bcbdcb6c4f9efdc8e7b0d450c' -> (Import Result ID: '0e959202186f839f787fc46568b30f91') in 0.001 seconds [static and dynamic dependencies]. Details - ImportResultOutputID=fc7777b06659fa4a4eacb95880062344 DependenciesID=a6a1c836ca13d0977f834dc74b759901 StaticDependenciesID=5203a7d42f97d6c5497ace0405f497b6 
Number of updated asset objects reloaded before import = 0
Number of asset objects unloaded after import = 0
========================================================================
Received Import Request.
  Time of request: 2026-08-19T16:55:49.4863658Z
  Time since last request: 0.0038719 seconds.
  importAddress: GUID: 920c7a6bcbdcb6c4f9efdc8e7b0d450c - Path: Assets/Scripts/Cards/DeckManager.cs - Importer: PreviewImporter
Importing 'GUID: 920c7a6bcbdcb6c4f9efdc8e7b0d450c - Path: Assets/Scripts/Cards/DeckManager.cs - Importer: PreviewImporter' with importer (PreviewImporter)
Imported 'GUID: 920c7a6bcbdcb6c4f9efdc8e7b0d450c' -> (Import Result ID: '0e959202186f839f787fc46568b30f91') in 0.001 seconds [static and dynamic dependencies]. Details - ImportResultOutputID=fc7777b06659fa4a4eacb95880062344 DependenciesID=a6a1c836ca13d0977f834dc74b759901 StaticDependenciesID=5203a7d42f97d6c5497ace0405f497b6 
Number of updated asset objects reloaded before import = 0
Number of asset objects unloaded after import = 0
========================================================================
Received Import Request.
  Time of request: 2026-08-19T16:55:49.5200505Z
  Time since last request: 0.0038438 seconds.
  importAddress: GUID: 920c7a6bcbdcb6c4f9efdc8e7b0d450c - Path: Assets/Scripts/Cards/DeckManager.cs - Importer: PreviewImporter
Importing 'GUID: 920c7a6bcbdcb6c4f9efdc8e7b0d450c - Path: Assets/Scripts/Cards/DeckManager.cs - Importer: PreviewImporter' with importer (PreviewImporter)
Imported 'GUID: 920c7a6bcbdcb6c4f9efdc8e7b0d450c' -> (Import Result ID: '0e959202186f839f787fc46568b30f91') in 0.001 seconds [static and dynamic dependencies]. Details - ImportResultOutputID=fc7777b06659fa4a4eacb95880062344 DependenciesID=a6a1c836ca13d0977f834dc74b759901 StaticDependenciesID=5203a7d42f97d6c5497ace0405f497b6 
Number of updated asset objects reloaded before import = 0
Number of asset objects unloaded after import = 0
========================================================================
Received Import Request.
  Time of request: 2026-08-19T16:55:49.5528561Z
  Time since last request: 0.0023478 seconds.
  importAddress: GUID: 920c7a6bcbdcb6c4f9efdc8e7b0d450c - Path: Assets/Scripts/Cards/DeckManager.cs - Importer: PreviewImporter
Importing 'GUID: 920c7a6bcbdcb6c4f9efdc8e7b0d450c - Path: Assets/Scripts/Cards/DeckManager.cs - Importer: PreviewImporter' with importer (PreviewImporter)
Imported 'GUID: 920c7a6bcbdcb6c4f9efdc8e7b0d450c' -> (Import Result ID: '0e959202186f839f787fc46568b30f91') in 0.001 seconds [static and dynamic dependencies]. Details - ImportResultOutputID=fc7777b06659fa4a4eacb95880062344 DependenciesID=a6a1c836ca13d0977f834dc74b759901 StaticDependenciesID=5203a7d42f97d6c5497ace0405f497b6 
Number of updated asset objects reloaded before import = 0
Number of asset objects unloaded after import = 0
========================================================================
Received Import Request.
  Time of request: 2026-08-19T16:55:49.5863048Z
  Time since last request: 0.0062805 seconds.
  importAddress: GUID: 920c7a6bcbdcb6c4f9efdc8e7b0d450c - Path: Assets/Scripts/Cards/DeckManager.cs - Importer: PreviewImporter
Importing 'GUID: 920c7a6bcbdcb6c4f9efdc8e7b0d450c - Path: Assets/Scripts/Cards/DeckManager.cs - Importer: PreviewImporter' with importer (PreviewImporter)
Imported 'GUID: 920c7a6bcbdcb6c4f9efdc8e7b0d450c' -> (Import Result ID: '0e959202186f839f787fc46568b30f91') in 0.001 seconds [static and dynamic dependencies]. Details - ImportResultOutputID=fc7777b06659fa4a4eacb95880062344 DependenciesID=a6a1c836ca13d0977f834dc74b759901 StaticDependenciesID=5203a7d42f97d6c5497ace0405f497b6 
Number of updated asset objects reloaded before import = 0
Number of asset objects unloaded after import = 0
========================================================================
Received Import Request.
  Time of request: 2026-08-19T16:55:49.6207044Z
  Time since last request: 0.0056707 seconds.
  importAddress: GUID: 920c7a6bcbdcb6c4f9efdc8e7b0d450c - Path: Assets/Scripts/Cards/DeckManager.cs - Importer: PreviewImporter
Importing 'GUID: 920c7a6bcbdcb6c4f9efdc8e7b0d450c - Path: Assets/Scripts/Cards/DeckManager.cs - Importer: PreviewImporter' with importer (PreviewImporter)
Imported 'GUID: 920c7a6bcbdcb6c4f9efdc8e7b0d450c' -> (Import Result ID: '0e959202186f839f787fc46568b30f91') in 0.001 seconds [static and dynamic dependencies]. Details - ImportResultOutputID=fc7777b06659fa4a4eacb95880062344 DependenciesID=a6a1c836ca13d0977f834dc74b759901 StaticDependenciesID=5203a7d42f97d6c5497ace0405f497b6 
Number of updated asset objects reloaded before import = 0
Number of asset objects unloaded after import = 0
========================================================================
Received Import Request.
  Time of request: 2026-08-19T16:55:49.6555186Z
  Time since last request: 0.0055408 seconds.
  importAddress: GUID: 920c7a6bcbdcb6c4f9efdc8e7b0d450c - Path: Assets/Scripts/Cards/DeckManager.cs - Importer: PreviewImporter
Importing 'GUID: 920c7a6bcbdcb6c4f9efdc8e7b0d450c - Path: Assets/Scripts/Cards/DeckManager.cs - Importer: PreviewImporter' with importer (PreviewImporter)
Imported 'GUID: 920c7a6bcbdcb6c4f9efdc8e7b0d450c' -> (Import Result ID: '0e959202186f839f787fc46568b30f91') in 0.001 seconds [static and dynamic dependencies]. Details - ImportResultOutputID=fc7777b06659fa4a4eacb95880062344 DependenciesID=a6a1c836ca13d0977f834dc74b759901 StaticDependenciesID=5203a7d42f97d6c5497ace0405f497b6 
Number of updated asset objects reloaded before import = 0
Number of asset objects unloaded after import = 0
========================================================================
Received Import Request.
  Time of request: 2026-08-19T16:55:49.6933812Z
  Time since last request: 0.0032326 seconds.
  importAddress: GUID: 920c7a6bcbdcb6c4f9efdc8e7b0d450c - Path: Assets/Scripts/Cards/DeckManager.cs - Importer: PreviewImporter
Importing 'GUID: 920c7a6bcbdcb6c4f9efdc8e7b0d450c - Path: Assets/Scripts/Cards/DeckManager.cs - Importer: PreviewImporter' with importer (PreviewImporter)
Imported 'GUID: 920c7a6bcbdcb6c4f9efdc8e7b0d450c' -> (Import Result ID: '0e959202186f839f787fc46568b30f91') in 0.001 seconds [static and dynamic dependencies]. Details - ImportResultOutputID=fc7777b06659fa4a4eacb95880062344 DependenciesID=a6a1c836ca13d0977f834dc74b759901 StaticDependenciesID=5203a7d42f97d6c5497ace0405f497b6 
Number of updated asset objects reloaded before import = 0
Number of asset objects unloaded after import = 0
========================================================================
Received Import Request.
  Time of request: 2026-08-19T16:55:49.731576Z
  Time since last request: 0.0039226 seconds.
  importAddress: GUID: 920c7a6bcbdcb6c4f9efdc8e7b0d450c - Path: Assets/Scripts/Cards/DeckManager.cs - Importer: PreviewImporter
Importing 'GUID: 920c7a6bcbdcb6c4f9efdc8e7b0d450c - Path: Assets/Scripts/Cards/DeckManager.cs - Importer: PreviewImporter' with importer (PreviewImporter)
Imported 'GUID: 920c7a6bcbdcb6c4f9efdc8e7b0d450c' -> (Import Result ID: '0e959202186f839f787fc46568b30f91') in 0.001 seconds [static and dynamic dependencies]. Details - ImportResultOutputID=fc7777b06659fa4a4eacb95880062344 DependenciesID=a6a1c836ca13d0977f834dc74b759901 StaticDependenciesID=5203a7d42f97d6c5497ace0405f497b6 
Number of updated asset objects reloaded before import = 0
Number of asset objects unloaded after import = 0
========================================================================
Received Import Request.
  Time of request: 2026-08-19T16:55:49.7629373Z
  Time since last request: 0.0017877 seconds.
  importAddress: GUID: 920c7a6bcbdcb6c4f9efdc8e7b0d450c - Path: Assets/Scripts/Cards/DeckManager.cs - Importer: PreviewImporter
Importing 'GUID: 920c7a6bcbdcb6c4f9efdc8e7b0d450c - Path: Assets/Scripts/Cards/DeckManager.cs - Importer: PreviewImporter' with importer (PreviewImporter)
Imported 'GUID: 920c7a6bcbdcb6c4f9efdc8e7b0d450c' -> (Import Result ID: '0e959202186f839f787fc46568b30f91') in 0.001 seconds [static and dynamic dependencies]. Details - ImportResultOutputID=fc7777b06659fa4a4eacb95880062344 DependenciesID=a6a1c836ca13d0977f834dc74b759901 StaticDependenciesID=5203a7d42f97d6c5497ace0405f497b6 
Number of updated asset objects reloaded before import = 0
Number of asset objects unloaded after import = 0
========================================================================
Received Import Request.
  Time of request: 2026-08-19T16:55:49.7938604Z
  Time since last request: 0.0027806 seconds.
  importAddress: GUID: 920c7a6bcbdcb6c4f9efdc8e7b0d450c - Path: Assets/Scripts/Cards/DeckManager.cs - Importer: PreviewImporter
Importing 'GUID: 920c7a6bcbdcb6c4f9efdc8e7b0d450c - Path: Assets/Scripts/Cards/DeckManager.cs - Importer: PreviewImporter' with importer (PreviewImporter)
Imported 'GUID: 920c7a6bcbdcb6c4f9efdc8e7b0d450c' -> (Import Result ID: '0e959202186f839f787fc46568b30f91') in 0.001 seconds [static and dynamic dependencies]. Details - ImportResultOutputID=fc7777b06659fa4a4eacb95880062344 DependenciesID=a6a1c836ca13d0977f834dc74b759901 StaticDependenciesID=5203a7d42f97d6c5497ace0405f497b6 
Number of updated asset objects reloaded before import = 0
Number of asset objects unloaded after import = 0
========================================================================
Received Import Request.
  Time of request: 2026-08-19T16:55:49.8263543Z
  Time since last request: 0.0014305 seconds.
  importAddress: GUID: 920c7a6bcbdcb6c4f9efdc8e7b0d450c - Path: Assets/Scripts/Cards/DeckManager.cs - Importer: PreviewImporter
Importing 'GUID: 920c7a6bcbdcb6c4f9efdc8e7b0d450c - Path: Assets/Scripts/Cards/DeckManager.cs - Importer: PreviewImporter' with importer (PreviewImporter)
Imported 'GUID: 920c7a6bcbdcb6c4f9efdc8e7b0d450c' -> (Import Result ID: '0e959202186f839f787fc46568b30f91') in 0.001 seconds [static and dynamic dependencies]. Details - ImportResultOutputID=fc7777b06659fa4a4eacb95880062344 DependenciesID=a6a1c836ca13d0977f834dc74b759901 StaticDependenciesID=5203a7d42f97d6c5497ace0405f497b6 
Number of updated asset objects reloaded before import = 0
Number of asset objects unloaded after import = 0
========================================================================
Received Import Request.
  Time of request: 2026-08-19T16:55:49.856117Z
  Time since last request: 0.0007391 seconds.
  importAddress: GUID: 920c7a6bcbdcb6c4f9efdc8e7b0d450c - Path: Assets/Scripts/Cards/DeckManager.cs - Importer: PreviewImporter
Importing 'GUID: 920c7a6bcbdcb6c4f9efdc8e7b0d450c - Path: Assets/Scripts/Cards/DeckManager.cs - Importer: PreviewImporter' with importer (PreviewImporter)
Imported 'GUID: 920c7a6bcbdcb6c4f9efdc8e7b0d450c' -> (Import Result ID: '0e959202186f839f787fc46568b30f91') in 0.001 seconds [static and dynamic dependencies]. Details - ImportResultOutputID=fc7777b06659fa4a4eacb95880062344 DependenciesID=a6a1c836ca13d0977f834dc74b759901 StaticDependenciesID=5203a7d42f97d6c5497ace0405f497b6 
Number of updated asset objects reloaded before import = 0
Number of asset objects unloaded after import = 0
========================================================================
Received Import Request.
  Time of request: 2026-08-19T16:55:49.8856762Z
  Time since last request: 0.0040692 seconds.
  importAddress: GUID: 920c7a6bcbdcb6c4f9efdc8e7b0d450c - Path: Assets/Scripts/Cards/DeckManager.cs - Importer: PreviewImporter
Importing 'GUID: 920c7a6bcbdcb6c4f9efdc8e7b0d450c - Path: Assets/Scripts/Cards/DeckManager.cs - Importer: PreviewImporter' with importer (PreviewImporter)
Imported 'GUID: 920c7a6bcbdcb6c4f9efdc8e7b0d450c' -> (Import Result ID: '0e959202186f839f787fc46568b30f91') in 0.001 seconds [static and dynamic dependencies]. Details - ImportResultOutputID=fc7777b06659fa4a4eacb95880062344 DependenciesID=a6a1c836ca13d0977f834dc74b759901 StaticDependenciesID=5203a7d42f97d6c5497ace0405f497b6 
Number of updated asset objects reloaded before import = 0
Number of asset objects unloaded after import = 0
========================================================================
Received Import Request.
  Time of request: 2026-08-19T16:55:49.9144951Z
  Time since last request: 0.0021242 seconds.
  importAddress: GUID: 920c7a6bcbdcb6c4f9efdc8e7b0d450c - Path: Assets/Scripts/Cards/DeckManager.cs - Importer: PreviewImporter
Importing 'GUID: 920c7a6bcbdcb6c4f9efdc8e7b0d450c - Path: Assets/Scripts/Cards/DeckManager.cs - Importer: PreviewImporter' with importer (PreviewImporter)
Imported 'GUID: 920c7a6bcbdcb6c4f9efdc8e7b0d450c' -> (Import Result ID: '0e959202186f839f787fc46568b30f91') in 0.001 seconds [static and dynamic dependencies]. Details - ImportResultOutputID=fc7777b06659fa4a4eacb95880062344 DependenciesID=a6a1c836ca13d0977f834dc74b759901 StaticDependenciesID=5203a7d42f97d6c5497ace0405f497b6 
Number of updated asset objects reloaded before import = 0
Number of asset objects unloaded after import = 0
========================================================================
Received Import Request.
  Time of request: 2026-08-19T16:55:49.9403908Z
  Time since last request: 0.0011938 seconds.
  importAddress: GUID: 920c7a6bcbdcb6c4f9efdc8e7b0d450c - Path: Assets/Scripts/Cards/DeckManager.cs - Importer: PreviewImporter
Importing 'GUID: 920c7a6bcbdcb6c4f9efdc8e7b0d450c - Path: Assets/Scripts/Cards/DeckManager.cs - Importer: PreviewImporter' with importer (PreviewImporter)
Imported 'GUID: 920c7a6bcbdcb6c4f9efdc8e7b0d450c' -> (Import Result ID: '0e959202186f839f787fc46568b30f91') in 0.001 seconds [static and dynamic dependencies]. Details - ImportResultOutputID=fc7777b06659fa4a4eacb95880062344 DependenciesID=a6a1c836ca13d0977f834dc74b759901 StaticDependenciesID=5203a7d42f97d6c5497ace0405f497b6 
Number of updated asset objects reloaded before import = 0
Number of asset objects unloaded after import = 0
========================================================================
Received Import Request.
  Time of request: 2026-08-19T16:55:49.9740023Z
  Time since last request: 0.000643 seconds.
  importAddress: GUID: 920c7a6bcbdcb6c4f9efdc8e7b0d450c - Path: Assets/Scripts/Cards/DeckManager.cs - Importer: PreviewImporter
Importing 'GUID: 920c7a6bcbdcb6c4f9efdc8e7b0d450c - Path: Assets/Scripts/Cards/DeckManager.cs - Importer: PreviewImporter' with importer (PreviewImporter)
Imported 'GUID: 920c7a6bcbdcb6c4f9efdc8e7b0d450c' -> (Import Result ID: '0e959202186f839f787fc46568b30f91') in 0.001 seconds [static and dynamic dependencies]. Details - ImportResultOutputID=fc7777b06659fa4a4eacb95880062344 DependenciesID=a6a1c836ca13d0977f834dc74b759901 StaticDependenciesID=5203a7d42f97d6c5497ace0405f497b6 
Number of updated asset objects reloaded before import = 0
Number of asset objects unloaded after import = 0
========================================================================
Received Import Request.
  Time of request: 2026-08-19T16:55:50.0043866Z
  Time since last request: 0.0012014 seconds.
  importAddress: GUID: 920c7a6bcbdcb6c4f9efdc8e7b0d450c - Path: Assets/Scripts/Cards/DeckManager.cs - Importer: PreviewImporter
Importing 'GUID: 920c7a6bcbdcb6c4f9efdc8e7b0d450c - Path: Assets/Scripts/Cards/DeckManager.cs - Importer: PreviewImporter' with importer (PreviewImporter)
Imported 'GUID: 920c7a6bcbdcb6c4f9efdc8e7b0d450c' -> (Import Result ID: '0e959202186f839f787fc46568b30f91') in 0.001 seconds [static and dynamic dependencies]. Details - ImportResultOutputID=fc7777b06659fa4a4eacb95880062344 DependenciesID=a6a1c836ca13d0977f834dc74b759901 StaticDependenciesID=5203a7d42f97d6c5497ace0405f497b6 
Number of updated asset objects reloaded before import = 0
Number of asset objects unloaded after import = 0
========================================================================
Received Import Request.
  Time of request: 2026-08-19T16:55:50.0368223Z
  Time since last request: 0.0014544 seconds.
  importAddress: GUID: 920c7a6bcbdcb6c4f9efdc8e7b0d450c - Path: Assets/Scripts/Cards/DeckManager.cs - Importer: PreviewImporter
Importing 'GUID: 920c7a6bcbdcb6c4f9efdc8e7b0d450c - Path: Assets/Scripts/Cards/DeckManager.cs - Importer: PreviewImporter' with importer (PreviewImporter)
Imported 'GUID: 920c7a6bcbdcb6c4f9efdc8e7b0d450c' -> (Import Result ID: '0e959202186f839f787fc46568b30f91') in 0.001 seconds [static and dynamic dependencies]. Details - ImportResultOutputID=fc7777b06659fa4a4eacb95880062344 DependenciesID=a6a1c836ca13d0977f834dc74b759901 StaticDependenciesID=5203a7d42f97d6c5497ace0405f497b6 
Number of updated asset objects reloaded before import = 0
Number of asset objects unloaded after import = 0
========================================================================
Received Import Request.
  Time of request: 2026-08-19T16:55:50.0685681Z
  Time since last request: 0.0026618 seconds.
  importAddress: GUID: 920c7a6bcbdcb6c4f9efdc8e7b0d450c - Path: Assets/Scripts/Cards/DeckManager.cs - Importer: PreviewImporter
Importing 'GUID: 920c7a6bcbdcb6c4f9efdc8e7b0d450c - Path: Assets/Scripts/Cards/DeckManager.cs - Importer: PreviewImporter' with importer (PreviewImporter)
Imported 'GUID: 920c7a6bcbdcb6c4f9efdc8e7b0d450c' -> (Import Result ID: '0e959202186f839f787fc46568b30f91') in 0.001 seconds [static and dynamic dependencies]. Details - ImportResultOutputID=fc7777b06659fa4a4eacb95880062344 DependenciesID=a6a1c836ca13d0977f834dc74b759901 StaticDependenciesID=5203a7d42f97d6c5497ace0405f497b6 
Number of updated asset objects reloaded before import = 0
Number of asset objects unloaded after import = 0
========================================================================
Received Import Request.
  Time of request: 2026-08-19T16:55:50.1018654Z
  Time since last request: 0.0007351 seconds.
  importAddress: GUID: 920c7a6bcbdcb6c4f9efdc8e7b0d450c - Path: Assets/Scripts/Cards/DeckManager.cs - Importer: PreviewImporter
Importing 'GUID: 920c7a6bcbdcb6c4f9efdc8e7b0d450c - Path: Assets/Scripts/Cards/DeckManager.cs - Importer: PreviewImporter' with importer (PreviewImporter)
Imported 'GUID: 920c7a6bcbdcb6c4f9efdc8e7b0d450c' -> (Import Result ID: '0e959202186f839f787fc46568b30f91') in 0.001 seconds [static and dynamic dependencies]. Details - ImportResultOutputID=fc7777b06659fa4a4eacb95880062344 DependenciesID=a6a1c836ca13d0977f834dc74b759901 StaticDependenciesID=5203a7d42f97d6c5497ace0405f497b6 
Number of updated asset objects reloaded before import = 0
Number of asset objects unloaded after import = 0
========================================================================
Received Import Request.
  Time of request: 2026-08-19T16:55:50.1355273Z
  Time since last request: 0.0056427 seconds.
  importAddress: GUID: 920c7a6bcbdcb6c4f9efdc8e7b0d450c - Path: Assets/Scripts/Cards/DeckManager.cs - Importer: PreviewImporter
Importing 'GUID: 920c7a6bcbdcb6c4f9efdc8e7b0d450c - Path: Assets/Scripts/Cards/DeckManager.cs - Importer: PreviewImporter' with importer (PreviewImporter)
Imported 'GUID: 920c7a6bcbdcb6c4f9efdc8e7b0d450c' -> (Import Result ID: '0e959202186f839f787fc46568b30f91') in 0.001 seconds [static and dynamic dependencies]. Details - ImportResultOutputID=fc7777b06659fa4a4eacb95880062344 DependenciesID=a6a1c836ca13d0977f834dc74b759901 StaticDependenciesID=5203a7d42f97d6c5497ace0405f497b6 
Number of updated asset objects reloaded before import = 0
Number of asset objects unloaded after import = 0
========================================================================
Received Import Request.
  Time of request: 2026-08-19T16:55:50.1684031Z
  Time since last request: 0.0021426 seconds.
  importAddress: GUID: 920c7a6bcbdcb6c4f9efdc8e7b0d450c - Path: Assets/Scripts/Cards/DeckManager.cs - Importer: PreviewImporter
Importing 'GUID: 920c7a6bcbdcb6c4f9efdc8e7b0d450c - Path: Assets/Scripts/Cards/DeckManager.cs - Importer: PreviewImporter' with importer (PreviewImporter)
Imported 'GUID: 920c7a6bcbdcb6c4f9efdc8e7b0d450c' -> (Import Result ID: '0e959202186f839f787fc46568b30f91') in 0.001 seconds [static and dynamic dependencies]. Details - ImportResultOutputID=fc7777b06659fa4a4eacb95880062344 DependenciesID=a6a1c836ca13d0977f834dc74b759901 StaticDependenciesID=5203a7d42f97d6c5497ace0405f497b6 
Number of updated asset objects reloaded before import = 0
Number of asset objects unloaded after import = 0
========================================================================
Received Import Request.
  Time of request: 2026-08-19T16:55:50.1980818Z
  Time since last request: 0.0027847 seconds.
  importAddress: GUID: 920c7a6bcbdcb6c4f9efdc8e7b0d450c - Path: Assets/Scripts/Cards/DeckManager.cs - Importer: PreviewImporter
Importing 'GUID: 920c7a6bcbdcb6c4f9efdc8e7b0d450c - Path: Assets/Scripts/Cards/DeckManager.cs - Importer: PreviewImporter' with importer (PreviewImporter)
Imported 'GUID: 920c7a6bcbdcb6c4f9efdc8e7b0d450c' -> (Import Result ID: '0e959202186f839f787fc46568b30f91') in 0.001 seconds [static and dynamic dependencies]. Details - ImportResultOutputID=fc7777b06659fa4a4eacb95880062344 DependenciesID=a6a1c836ca13d0977f834dc74b759901 StaticDependenciesID=5203a7d42f97d6c5497ace0405f497b6 
Number of updated asset objects reloaded before import = 0
Number of asset objects unloaded after import = 0
========================================================================
Received Import Request.
  Time of request: 2026-08-19T16:55:50.2232062Z
  Time since last request: 0.0005612 seconds.
  importAddress: GUID: 920c7a6bcbdcb6c4f9efdc8e7b0d450c - Path: Assets/Scripts/Cards/DeckManager.cs - Importer: PreviewImporter
Importing 'GUID: 920c7a6bcbdcb6c4f9efdc8e7b0d450c - Path: Assets/Scripts/Cards/DeckManager.cs - Importer: PreviewImporter' with importer (PreviewImporter)
Imported 'GUID: 920c7a6bcbdcb6c4f9efdc8e7b0d450c' -> (Import Result ID: '0e959202186f839f787fc46568b30f91') in 0.001 seconds [static and dynamic dependencies]. Details - ImportResultOutputID=fc7777b06659fa4a4eacb95880062344 DependenciesID=a6a1c836ca13d0977f834dc74b759901 StaticDependenciesID=5203a7d42f97d6c5497ace0405f497b6 
Number of updated asset objects reloaded before import = 0
Number of asset objects unloaded after import = 0
========================================================================
Received Import Request.
  Time of request: 2026-08-19T16:55:50.2559057Z
  Time since last request: 0.0030364 seconds.
  importAddress: GUID: 920c7a6bcbdcb6c4f9efdc8e7b0d450c - Path: Assets/Scripts/Cards/DeckManager.cs - Importer: PreviewImporter
Importing 'GUID: 920c7a6bcbdcb6c4f9efdc8e7b0d450c - Path: Assets/Scripts/Cards/DeckManager.cs - Importer: PreviewImporter' with importer (PreviewImporter)
Imported 'GUID: 920c7a6bcbdcb6c4f9efdc8e7b0d450c' -> (Import Result ID: '0e959202186f839f787fc46568b30f91') in 0.001 seconds [static and dynamic dependencies]. Details - ImportResultOutputID=fc7777b06659fa4a4eacb95880062344 DependenciesID=a6a1c836ca13d0977f834dc74b759901 StaticDependenciesID=5203a7d42f97d6c5497ace0405f497b6 
Number of updated asset objects reloaded before import = 0
Number of asset objects unloaded after import = 0
========================================================================
Received Import Request.
  Time of request: 2026-08-19T16:55:50.2898449Z
  Time since last request: 0.0029114 seconds.
  importAddress: GUID: 920c7a6bcbdcb6c4f9efdc8e7b0d450c - Path: Assets/Scripts/Cards/DeckManager.cs - Importer: PreviewImporter
Importing 'GUID: 920c7a6bcbdcb6c4f9efdc8e7b0d450c - Path: Assets/Scripts/Cards/DeckManager.cs - Importer: PreviewImporter' with importer (PreviewImporter)
Imported 'GUID: 920c7a6bcbdcb6c4f9efdc8e7b0d450c' -> (Import Result ID: '0e959202186f839f787fc46568b30f91') in 0.001 seconds [static and dynamic dependencies]. Details - ImportResultOutputID=fc7777b06659fa4a4eacb95880062344 DependenciesID=a6a1c836ca13d0977f834dc74b759901 StaticDependenciesID=5203a7d42f97d6c5497ace0405f497b6 
Number of updated asset objects reloaded before import = 0
Number of asset objects unloaded after import = 0
========================================================================
Received Import Request.
  Time of request: 2026-08-19T16:55:50.3227936Z
  Time since last request: 0.0040182 seconds.
  importAddress: GUID: 920c7a6bcbdcb6c4f9efdc8e7b0d450c - Path: Assets/Scripts/Cards/DeckManager.cs - Importer: PreviewImporter
Importing 'GUID: 920c7a6bcbdcb6c4f9efdc8e7b0d450c - Path: Assets/Scripts/Cards/DeckManager.cs - Importer: PreviewImporter' with importer (PreviewImporter)
Imported 'GUID: 920c7a6bcbdcb6c4f9efdc8e7b0d450c' -> (Import Result ID: '0e959202186f839f787fc46568b30f91') in 0.001 seconds [static and dynamic dependencies]. Details - ImportResultOutputID=fc7777b06659fa4a4eacb95880062344 DependenciesID=a6a1c836ca13d0977f834dc74b759901 StaticDependenciesID=5203a7d42f97d6c5497ace0405f497b6 
Number of updated asset objects reloaded before import = 0
Number of asset objects unloaded after import = 0
========================================================================
Received Import Request.
  Time of request: 2026-08-19T16:55:50.3535134Z
  Time since last request: 0.0032732 seconds.
  importAddress: GUID: 920c7a6bcbdcb6c4f9efdc8e7b0d450c - Path: Assets/Scripts/Cards/DeckManager.cs - Importer: PreviewImporter
Importing 'GUID: 920c7a6bcbdcb6c4f9efdc8e7b0d450c - Path: Assets/Scripts/Cards/DeckManager.cs - Importer: PreviewImporter' with importer (PreviewImporter)
Imported 'GUID: 920c7a6bcbdcb6c4f9efdc8e7b0d450c' -> (Import Result ID: '0e959202186f839f787fc46568b30f91') in 0.001 seconds [static and dynamic dependencies]. Details - ImportResultOutputID=fc7777b06659fa4a4eacb95880062344 DependenciesID=a6a1c836ca13d0977f834dc74b759901 StaticDependenciesID=5203a7d42f97d6c5497ace0405f497b6 
Number of updated asset objects reloaded before import = 0
Number of asset objects unloaded after import = 0
========================================================================
Received Import Request.
  Time of request: 2026-08-19T16:55:50.3881677Z
  Time since last request: 0.004469 seconds.
  importAddress: GUID: 920c7a6bcbdcb6c4f9efdc8e7b0d450c - Path: Assets/Scripts/Cards/DeckManager.cs - Importer: PreviewImporter
Importing 'GUID: 920c7a6bcbdcb6c4f9efdc8e7b0d450c - Path: Assets/Scripts/Cards/DeckManager.cs - Importer: PreviewImporter' with importer (PreviewImporter)
Imported 'GUID: 920c7a6bcbdcb6c4f9efdc8e7b0d450c' -> (Import Result ID: '0e959202186f839f787fc46568b30f91') in 0.001 seconds [static and dynamic dependencies]. Details - ImportResultOutputID=fc7777b06659fa4a4eacb95880062344 DependenciesID=a6a1c836ca13d0977f834dc74b759901 StaticDependenciesID=5203a7d42f97d6c5497ace0405f497b6 
Number of updated asset objects reloaded before import = 0
Number of asset objects unloaded after import = 0
========================================================================
Received Import Request.
  Time of request: 2026-08-19T16:55:50.4187428Z
  Time since last request: 0.0021718 seconds.
  importAddress: GUID: 920c7a6bcbdcb6c4f9efdc8e7b0d450c - Path: Assets/Scripts/Cards/DeckManager.cs - Importer: PreviewImporter
Importing 'GUID: 920c7a6bcbdcb6c4f9efdc8e7b0d450c - Path: Assets/Scripts/Cards/DeckManager.cs - Importer: PreviewImporter' with importer (PreviewImporter)
Imported 'GUID: 920c7a6bcbdcb6c4f9efdc8e7b0d450c' -> (Import Result ID: '0e959202186f839f787fc46568b30f91') in 0.001 seconds [static and dynamic dependencies]. Details - ImportResultOutputID=fc7777b06659fa4a4eacb95880062344 DependenciesID=a6a1c836ca13d0977f834dc74b759901 StaticDependenciesID=5203a7d42f97d6c5497ace0405f497b6 
Number of updated asset objects reloaded before import = 0
Number of asset objects unloaded after import = 0
========================================================================
Received Import Request.
  Time of request: 2026-08-19T16:55:50.4584913Z
  Time since last request: 0.0057912 seconds.
  importAddress: GUID: 920c7a6bcbdcb6c4f9efdc8e7b0d450c - Path: Assets/Scripts/Cards/DeckManager.cs - Importer: PreviewImporter
Importing 'GUID: 920c7a6bcbdcb6c4f9efdc8e7b0d450c - Path: Assets/Scripts/Cards/DeckManager.cs - Importer: PreviewImporter' with importer (PreviewImporter)
Imported 'GUID: 920c7a6bcbdcb6c4f9efdc8e7b0d450c' -> (Import Result ID: '0e959202186f839f787fc46568b30f91') in 0.001 seconds [static and dynamic dependencies]. Details - ImportResultOutputID=fc7777b06659fa4a4eacb95880062344 DependenciesID=a6a1c836ca13d0977f834dc74b759901 StaticDependenciesID=5203a7d42f97d6c5497ace0405f497b6 
Number of updated asset objects reloaded before import = 0
Number of asset objects unloaded after import = 0
========================================================================
Received Import Request.
  Time of request: 2026-08-19T16:55:50.4868479Z
  Time since last request: 0.0016258 seconds.
  importAddress: GUID: 920c7a6bcbdcb6c4f9efdc8e7b0d450c - Path: Assets/Scripts/Cards/DeckManager.cs - Importer: PreviewImporter
Importing 'GUID: 920c7a6bcbdcb6c4f9efdc8e7b0d450c - Path: Assets/Scripts/Cards/DeckManager.cs - Importer: PreviewImporter' with importer (PreviewImporter)
Imported 'GUID: 920c7a6bcbdcb6c4f9efdc8e7b0d450c' -> (Import Result ID: '0e959202186f839f787fc46568b30f91') in 0.001 seconds [static and dynamic dependencies]. Details - ImportResultOutputID=fc7777b06659fa4a4eacb95880062344 DependenciesID=a6a1c836ca13d0977f834dc74b759901 StaticDependenciesID=5203a7d42f97d6c5497ace0405f497b6 
Number of updated asset objects reloaded before import = 0
Number of asset objects unloaded after import = 0
========================================================================
Received Import Request.
  Time of request: 2026-08-19T16:55:50.5197823Z
  Time since last request: 0.0062277 seconds.
  importAddress: GUID: 920c7a6bcbdcb6c4f9efdc8e7b0d450c - Path: Assets/Scripts/Cards/DeckManager.cs - Importer: PreviewImporter
Importing 'GUID: 920c7a6bcbdcb6c4f9efdc8e7b0d450c - Path: Assets/Scripts/Cards/DeckManager.cs - Importer: PreviewImporter' with importer (PreviewImporter)
Imported 'GUID: 920c7a6bcbdcb6c4f9efdc8e7b0d450c' -> (Import Result ID: '0e959202186f839f787fc46568b30f91') in 0.001 seconds [static and dynamic dependencies]. Details - ImportResultOutputID=fc7777b06659fa4a4eacb95880062344 DependenciesID=a6a1c836ca13d0977f834dc74b759901 StaticDependenciesID=5203a7d42f97d6c5497ace0405f497b6 
Number of updated asset objects reloaded before import = 0
Number of asset objects unloaded after import = 0
========================================================================
Received Import Request.
  Time of request: 2026-08-19T16:55:50.5516364Z
  Time since last request: 0.003455 seconds.
  importAddress: GUID: 920c7a6bcbdcb6c4f9efdc8e7b0d450c - Path: Assets/Scripts/Cards/DeckManager.cs - Importer: PreviewImporter
Importing 'GUID: 920c7a6bcbdcb6c4f9efdc8e7b0d450c - Path: Assets/Scripts/Cards/DeckManager.cs - Importer: PreviewImporter' with importer (PreviewImporter)
Imported 'GUID: 920c7a6bcbdcb6c4f9efdc8e7b0d450c' -> (Import Result ID: '0e959202186f839f787fc46568b30f91') in 0.001 seconds [static and dynamic dependencies]. Details - ImportResultOutputID=fc7777b06659fa4a4eacb95880062344 DependenciesID=a6a1c836ca13d0977f834dc74b759901 StaticDependenciesID=5203a7d42f97d6c5497ace0405f497b6 
Number of updated asset objects reloaded before import = 0
Number of asset objects unloaded after import = 0
========================================================================
Received Import Request.
  Time of request: 2026-08-19T16:55:50.5776759Z
  Time since last request: 0.0035826 seconds.
  importAddress: GUID: 920c7a6bcbdcb6c4f9efdc8e7b0d450c - Path: Assets/Scripts/Cards/DeckManager.cs - Importer: PreviewImporter
Importing 'GUID: 920c7a6bcbdcb6c4f9efdc8e7b0d450c - Path: Assets/Scripts/Cards/DeckManager.cs - Importer: PreviewImporter' with importer (PreviewImporter)
Imported 'GUID: 920c7a6bcbdcb6c4f9efdc8e7b0d450c' -> (Import Result ID: '0e959202186f839f787fc46568b30f91') in 0.001 seconds [static and dynamic dependencies]. Details - ImportResultOutputID=fc7777b06659fa4a4eacb95880062344 DependenciesID=a6a1c836ca13d0977f834dc74b759901 StaticDependenciesID=5203a7d42f97d6c5497ace0405f497b6 
Number of updated asset objects reloaded before import = 0
Number of asset objects unloaded after import = 0
========================================================================
Received Import Request.
  Time of request: 2026-08-19T16:55:50.6079489Z
  Time since last request: 0.0051287 seconds.
  importAddress: GUID: 920c7a6bcbdcb6c4f9efdc8e7b0d450c - Path: Assets/Scripts/Cards/DeckManager.cs - Importer: PreviewImporter
Importing 'GUID: 920c7a6bcbdcb6c4f9efdc8e7b0d450c - Path: Assets/Scripts/Cards/DeckManager.cs - Importer: PreviewImporter' with importer (PreviewImporter)
Imported 'GUID: 920c7a6bcbdcb6c4f9efdc8e7b0d450c' -> (Import Result ID: '0e959202186f839f787fc46568b30f91') in 0.001 seconds [static and dynamic dependencies]. Details - ImportResultOutputID=fc7777b06659fa4a4eacb95880062344 DependenciesID=a6a1c836ca13d0977f834dc74b759901 StaticDependenciesID=5203a7d42f97d6c5497ace0405f497b6 
Number of updated asset objects reloaded before import = 0
Number of asset objects unloaded after import = 0
========================================================================
Received Import Request.
  Time of request: 2026-08-19T16:55:50.6321575Z
  Time since last request: 0.0015522 seconds.
  importAddress: GUID: 920c7a6bcbdcb6c4f9efdc8e7b0d450c - Path: Assets/Scripts/Cards/DeckManager.cs - Importer: PreviewImporter
Importing 'GUID: 920c7a6bcbdcb6c4f9efdc8e7b0d450c - Path: Assets/Scripts/Cards/DeckManager.cs - Importer: PreviewImporter' with importer (PreviewImporter)
Imported 'GUID: 920c7a6bcbdcb6c4f9efdc8e7b0d450c' -> (Import Result ID: '0e959202186f839f787fc46568b30f91') in 0.001 seconds [static and dynamic dependencies]. Details - ImportResultOutputID=fc7777b06659fa4a4eacb95880062344 DependenciesID=a6a1c836ca13d0977f834dc74b759901 StaticDependenciesID=5203a7d42f97d6c5497ace0405f497b6 
Number of updated asset objects reloaded before import = 0
Number of asset objects unloaded after import = 0
========================================================================
Received Import Request.
  Time of request: 2026-08-19T16:55:50.6661542Z
  Time since last request: 0.0046975 seconds.
  importAddress: GUID: 920c7a6bcbdcb6c4f9efdc8e7b0d450c - Path: Assets/Scripts/Cards/DeckManager.cs - Importer: PreviewImporter
Importing 'GUID: 920c7a6bcbdcb6c4f9efdc8e7b0d450c - Path: Assets/Scripts/Cards/DeckManager.cs - Importer: PreviewImporter' with importer (PreviewImporter)
Imported 'GUID: 920c7a6bcbdcb6c4f9efdc8e7b0d450c' -> (Import Result ID: '0e959202186f839f787fc46568b30f91') in 0.001 seconds [static and dynamic dependencies]. Details - ImportResultOutputID=fc7777b06659fa4a4eacb95880062344 DependenciesID=a6a1c836ca13d0977f834dc74b759901 StaticDependenciesID=5203a7d42f97d6c5497ace0405f497b6 
Number of updated asset objects reloaded before import = 0
Number of asset objects unloaded after import = 0
========================================================================
Received Import Request.
  Time of request: 2026-08-19T16:55:50.6929858Z
  Time since last request: 0.0005409 seconds.
  importAddress: GUID: 920c7a6bcbdcb6c4f9efdc8e7b0d450c - Path: Assets/Scripts/Cards/DeckManager.cs - Importer: PreviewImporter
Importing 'GUID: 920c7a6bcbdcb6c4f9efdc8e7b0d450c - Path: Assets/Scripts/Cards/DeckManager.cs - Importer: PreviewImporter' with importer (PreviewImporter)
Imported 'GUID: 920c7a6bcbdcb6c4f9efdc8e7b0d450c' -> (Import Result ID: '0e959202186f839f787fc46568b30f91') in 0.001 seconds [static and dynamic dependencies]. Details - ImportResultOutputID=fc7777b06659fa4a4eacb95880062344 DependenciesID=a6a1c836ca13d0977f834dc74b759901 StaticDependenciesID=5203a7d42f97d6c5497ace0405f497b6 
Number of updated asset objects reloaded before import = 0
Number of asset objects unloaded after import = 0
========================================================================
Received Import Request.
  Time of request: 2026-08-19T16:55:50.7182638Z
  Time since last request: 0.0008861 seconds.
  importAddress: GUID: 920c7a6bcbdcb6c4f9efdc8e7b0d450c - Path: Assets/Scripts/Cards/DeckManager.cs - Importer: PreviewImporter
Importing 'GUID: 920c7a6bcbdcb6c4f9efdc8e7b0d450c - Path: Assets/Scripts/Cards/DeckManager.cs - Importer: PreviewImporter' with importer (PreviewImporter)
Imported 'GUID: 920c7a6bcbdcb6c4f9efdc8e7b0d450c' -> (Import Result ID: '0e959202186f839f787fc46568b30f91') in 0.001 seconds [static and dynamic dependencies]. Details - ImportResultOutputID=fc7777b06659fa4a4eacb95880062344 DependenciesID=a6a1c836ca13d0977f834dc74b759901 StaticDependenciesID=5203a7d42f97d6c5497ace0405f497b6 
Number of updated asset objects reloaded before import = 0
Number of asset objects unloaded after import = 0
========================================================================
Received Import Request.
  Time of request: 2026-08-19T16:55:50.7474889Z
  Time since last request: 0.003486 seconds.
  importAddress: GUID: 920c7a6bcbdcb6c4f9efdc8e7b0d450c - Path: Assets/Scripts/Cards/DeckManager.cs - Importer: PreviewImporter
Importing 'GUID: 920c7a6bcbdcb6c4f9efdc8e7b0d450c - Path: Assets/Scripts/Cards/DeckManager.cs - Importer: PreviewImporter' with importer (PreviewImporter)
Imported 'GUID: 920c7a6bcbdcb6c4f9efdc8e7b0d450c' -> (Import Result ID: '0e959202186f839f787fc46568b30f91') in 0.001 seconds [static and dynamic dependencies]. Details - ImportResultOutputID=fc7777b06659fa4a4eacb95880062344 DependenciesID=a6a1c836ca13d0977f834dc74b759901 StaticDependenciesID=5203a7d42f97d6c5497ace0405f497b6 
Number of updated asset objects reloaded before import = 0
Number of asset objects unloaded after import = 0
========================================================================
Received Import Request.
  Time of request: 2026-08-19T16:55:50.7748729Z
  Time since last request: 0.0038345 seconds.
  importAddress: GUID: 920c7a6bcbdcb6c4f9efdc8e7b0d450c - Path: Assets/Scripts/Cards/DeckManager.cs - Importer: PreviewImporter
Importing 'GUID: 920c7a6bcbdcb6c4f9efdc8e7b0d450c - Path: Assets/Scripts/Cards/DeckManager.cs - Importer: PreviewImporter' with importer (PreviewImporter)
Imported 'GUID: 920c7a6bcbdcb6c4f9efdc8e7b0d450c' -> (Import Result ID: '0e959202186f839f787fc46568b30f91') in 0.001 seconds [static and dynamic dependencies]. Details - ImportResultOutputID=fc7777b06659fa4a4eacb95880062344 DependenciesID=a6a1c836ca13d0977f834dc74b759901 StaticDependenciesID=5203a7d42f97d6c5497ace0405f497b6 
Number of updated asset objects reloaded before import = 0
Number of asset objects unloaded after import = 0
========================================================================
Received Import Request.
  Time of request: 2026-08-19T16:55:50.8067107Z
  Time since last request: 0.0006795 seconds.
  importAddress: GUID: 920c7a6bcbdcb6c4f9efdc8e7b0d450c - Path: Assets/Scripts/Cards/DeckManager.cs - Importer: PreviewImporter
Importing 'GUID: 920c7a6bcbdcb6c4f9efdc8e7b0d450c - Path: Assets/Scripts/Cards/DeckManager.cs - Importer: PreviewImporter' with importer (PreviewImporter)
Imported 'GUID: 920c7a6bcbdcb6c4f9efdc8e7b0d450c' -> (Import Result ID: '0e959202186f839f787fc46568b30f91') in 0.001 seconds [static and dynamic dependencies]. Details - ImportResultOutputID=fc7777b06659fa4a4eacb95880062344 DependenciesID=a6a1c836ca13d0977f834dc74b759901 StaticDependenciesID=5203a7d42f97d6c5497ace0405f497b6 
Number of updated asset objects reloaded before import = 0
Number of asset objects unloaded after import = 0
========================================================================
Received Import Request.
  Time of request: 2026-08-19T16:55:50.8361999Z
  Time since last request: 0.0018846 seconds.
  importAddress: GUID: 920c7a6bcbdcb6c4f9efdc8e7b0d450c - Path: Assets/Scripts/Cards/DeckManager.cs - Importer: PreviewImporter
Importing 'GUID: 920c7a6bcbdcb6c4f9efdc8e7b0d450c - Path: Assets/Scripts/Cards/DeckManager.cs - Importer: PreviewImporter' with importer (PreviewImporter)
Imported 'GUID: 920c7a6bcbdcb6c4f9efdc8e7b0d450c' -> (Import Result ID: '0e959202186f839f787fc46568b30f91') in 0.001 seconds [static and dynamic dependencies]. Details - ImportResultOutputID=fc7777b06659fa4a4eacb95880062344 DependenciesID=a6a1c836ca13d0977f834dc74b759901 StaticDependenciesID=5203a7d42f97d6c5497ace0405f497b6 
Number of updated asset objects reloaded before import = 0
Number of asset objects unloaded after import = 0
========================================================================
Received Import Request.
  Time of request: 2026-08-19T16:55:50.8686337Z
  Time since last request: 0.0041881 seconds.
  importAddress: GUID: 920c7a6bcbdcb6c4f9efdc8e7b0d450c - Path: Assets/Scripts/Cards/DeckManager.cs - Importer: PreviewImporter
Importing 'GUID: 920c7a6bcbdcb6c4f9efdc8e7b0d450c - Path: Assets/Scripts/Cards/DeckManager.cs - Importer: PreviewImporter' with importer (PreviewImporter)
Imported 'GUID: 920c7a6bcbdcb6c4f9efdc8e7b0d450c' -> (Import Result ID: '0e959202186f839f787fc46568b30f91') in 0.001 seconds [static and dynamic dependencies]. Details - ImportResultOutputID=fc7777b06659fa4a4eacb95880062344 DependenciesID=a6a1c836ca13d0977f834dc74b759901 StaticDependenciesID=5203a7d42f97d6c5497ace0405f497b6 
Number of updated asset objects reloaded before import = 0
Number of asset objects unloaded after import = 0
========================================================================
Received Import Request.
  Time of request: 2026-08-19T16:55:50.8998067Z
  Time since last request: 0.0036287 seconds.
  importAddress: GUID: 920c7a6bcbdcb6c4f9efdc8e7b0d450c - Path: Assets/Scripts/Cards/DeckManager.cs - Importer: PreviewImporter
Importing 'GUID: 920c7a6bcbdcb6c4f9efdc8e7b0d450c - Path: Assets/Scripts/Cards/DeckManager.cs - Importer: PreviewImporter' with importer (PreviewImporter)
Imported 'GUID: 920c7a6bcbdcb6c4f9efdc8e7b0d450c' -> (Import Result ID: '0e959202186f839f787fc46568b30f91') in 0.001 seconds [static and dynamic dependencies]. Details - ImportResultOutputID=fc7777b06659fa4a4eacb95880062344 DependenciesID=a6a1c836ca13d0977f834dc74b759901 StaticDependenciesID=5203a7d42f97d6c5497ace0405f497b6 
Number of updated asset objects reloaded before import = 0
Number of asset objects unloaded after import = 0
========================================================================
Received Import Request.
  Time of request: 2026-08-19T16:55:50.9313507Z
  Time since last request: 0.0034416 seconds.
  importAddress: GUID: 920c7a6bcbdcb6c4f9efdc8e7b0d450c - Path: Assets/Scripts/Cards/DeckManager.cs - Importer: PreviewImporter
Importing 'GUID: 920c7a6bcbdcb6c4f9efdc8e7b0d450c - Path: Assets/Scripts/Cards/DeckManager.cs - Importer: PreviewImporter' with importer (PreviewImporter)
Imported 'GUID: 920c7a6bcbdcb6c4f9efdc8e7b0d450c' -> (Import Result ID: '0e959202186f839f787fc46568b30f91') in 0.001 seconds [static and dynamic dependencies]. Details - ImportResultOutputID=fc7777b06659fa4a4eacb95880062344 DependenciesID=a6a1c836ca13d0977f834dc74b759901 StaticDependenciesID=5203a7d42f97d6c5497ace0405f497b6 
Number of updated asset objects reloaded before import = 0
Number of asset objects unloaded after import = 0
========================================================================
Received Import Request.
  Time of request: 2026-08-19T16:55:50.9539562Z
  Time since last request: 0.0007637 seconds.
  importAddress: GUID: 920c7a6bcbdcb6c4f9efdc8e7b0d450c - Path: Assets/Scripts/Cards/DeckManager.cs - Importer: PreviewImporter
Importing 'GUID: 920c7a6bcbdcb6c4f9efdc8e7b0d450c - Path: Assets/Scripts/Cards/DeckManager.cs - Importer: PreviewImporter' with importer (PreviewImporter)
Imported 'GUID: 920c7a6bcbdcb6c4f9efdc8e7b0d450c' -> (Import Result ID: '0e959202186f839f787fc46568b30f91') in 0.001 seconds [static and dynamic dependencies]. Details - ImportResultOutputID=fc7777b06659fa4a4eacb95880062344 DependenciesID=a6a1c836ca13d0977f834dc74b759901 StaticDependenciesID=5203a7d42f97d6c5497ace0405f497b6 
Number of updated asset objects reloaded before import = 0
Number of asset objects unloaded after import = 0
========================================================================
Received Import Request.
  Time of request: 2026-08-19T16:55:50.9835167Z
  Time since last request: 0.0048819 seconds.
  importAddress: GUID: 920c7a6bcbdcb6c4f9efdc8e7b0d450c - Path: Assets/Scripts/Cards/DeckManager.cs - Importer: PreviewImporter
Importing 'GUID: 920c7a6bcbdcb6c4f9efdc8e7b0d450c - Path: Assets/Scripts/Cards/DeckManager.cs - Importer: PreviewImporter' with importer (PreviewImporter)
Imported 'GUID: 920c7a6bcbdcb6c4f9efdc8e7b0d450c' -> (Import Result ID: '0e959202186f839f787fc46568b30f91') in 0.001 seconds [static and dynamic dependencies]. Details - ImportResultOutputID=fc7777b06659fa4a4eacb95880062344 DependenciesID=a6a1c836ca13d0977f834dc74b759901 StaticDependenciesID=5203a7d42f97d6c5497ace0405f497b6 
Number of updated asset objects reloaded before import = 0
Number of asset objects unloaded after import = 0
========================================================================
Received Import Request.
  Time of request: 2026-08-19T16:55:51.0172731Z
  Time since last request: 0.0023268 seconds.
  importAddress: GUID: 920c7a6bcbdcb6c4f9efdc8e7b0d450c - Path: Assets/Scripts/Cards/DeckManager.cs - Importer: PreviewImporter
Importing 'GUID: 920c7a6bcbdcb6c4f9efdc8e7b0d450c - Path: Assets/Scripts/Cards/DeckManager.cs - Importer: PreviewImporter' with importer (PreviewImporter)
Imported 'GUID: 920c7a6bcbdcb6c4f9efdc8e7b0d450c' -> (Import Result ID: '0e959202186f839f787fc46568b30f91') in 0.001 seconds [static and dynamic dependencies]. Details - ImportResultOutputID=fc7777b06659fa4a4eacb95880062344 DependenciesID=a6a1c836ca13d0977f834dc74b759901 StaticDependenciesID=5203a7d42f97d6c5497ace0405f497b6 
Number of updated asset objects reloaded before import = 0
Number of asset objects unloaded after import = 0
========================================================================
Received Import Request.
  Time of request: 2026-08-19T16:55:51.0462869Z
  Time since last request: 0.0009322 seconds.
  importAddress: GUID: 920c7a6bcbdcb6c4f9efdc8e7b0d450c - Path: Assets/Scripts/Cards/DeckManager.cs - Importer: PreviewImporter
Importing 'GUID: 920c7a6bcbdcb6c4f9efdc8e7b0d450c - Path: Assets/Scripts/Cards/DeckManager.cs - Importer: PreviewImporter' with importer (PreviewImporter)
Imported 'GUID: 920c7a6bcbdcb6c4f9efdc8e7b0d450c' -> (Import Result ID: '0e959202186f839f787fc46568b30f91') in 0.001 seconds [static and dynamic dependencies]. Details - ImportResultOutputID=fc7777b06659fa4a4eacb95880062344 DependenciesID=a6a1c836ca13d0977f834dc74b759901 StaticDependenciesID=5203a7d42f97d6c5497ace0405f497b6 
Number of updated asset objects reloaded before import = 0
Number of asset objects unloaded after import = 0
========================================================================
Received Import Request.
  Time of request: 2026-08-19T16:55:51.0743003Z
  Time since last request: 0.0005403 seconds.
  importAddress: GUID: 920c7a6bcbdcb6c4f9efdc8e7b0d450c - Path: Assets/Scripts/Cards/DeckManager.cs - Importer: PreviewImporter
Importing 'GUID: 920c7a6bcbdcb6c4f9efdc8e7b0d450c - Path: Assets/Scripts/Cards/DeckManager.cs - Importer: PreviewImporter' with importer (PreviewImporter)
Imported 'GUID: 920c7a6bcbdcb6c4f9efdc8e7b0d450c' -> (Import Result ID: '0e959202186f839f787fc46568b30f91') in 0.001 seconds [static and dynamic dependencies]. Details - ImportResultOutputID=fc7777b06659fa4a4eacb95880062344 DependenciesID=a6a1c836ca13d0977f834dc74b759901 StaticDependenciesID=5203a7d42f97d6c5497ace0405f497b6 
Number of updated asset objects reloaded before import = 0
Number of asset objects unloaded after import = 0
========================================================================
Received Import Request.
  Time of request: 2026-08-19T16:55:51.1088534Z
  Time since last request: 0.003262 seconds.
  importAddress: GUID: 920c7a6bcbdcb6c4f9efdc8e7b0d450c - Path: Assets/Scripts/Cards/DeckManager.cs - Importer: PreviewImporter
Importing 'GUID: 920c7a6bcbdcb6c4f9efdc8e7b0d450c - Path: Assets/Scripts/Cards/DeckManager.cs - Importer: PreviewImporter' with importer (PreviewImporter)
Imported 'GUID: 920c7a6bcbdcb6c4f9efdc8e7b0d450c' -> (Import Result ID: '0e959202186f839f787fc46568b30f91') in 0.001 seconds [static and dynamic dependencies]. Details - ImportResultOutputID=fc7777b06659fa4a4eacb95880062344 DependenciesID=a6a1c836ca13d0977f834dc74b759901 StaticDependenciesID=5203a7d42f97d6c5497ace0405f497b6 
Number of updated asset objects reloaded before import = 0
Number of asset objects unloaded after import = 0
========================================================================
Received Import Request.
  Time of request: 2026-08-19T16:55:51.1463022Z
  Time since last request: 0.0065863 seconds.
  importAddress: GUID: 920c7a6bcbdcb6c4f9efdc8e7b0d450c - Path: Assets/Scripts/Cards/DeckManager.cs - Importer: PreviewImporter
Importing 'GUID: 920c7a6bcbdcb6c4f9efdc8e7b0d450c - Path: Assets/Scripts/Cards/DeckManager.cs - Importer: PreviewImporter' with importer (PreviewImporter)
Imported 'GUID: 920c7a6bcbdcb6c4f9efdc8e7b0d450c' -> (Import Result ID: '0e959202186f839f787fc46568b30f91') in 0.001 seconds [static and dynamic dependencies]. Details - ImportResultOutputID=fc7777b06659fa4a4eacb95880062344 DependenciesID=a6a1c836ca13d0977f834dc74b759901 StaticDependenciesID=5203a7d42f97d6c5497ace0405f497b6 
Number of updated asset objects reloaded before import = 0
Number of asset objects unloaded after import = 0
========================================================================
Received Import Request.
  Time of request: 2026-08-19T16:55:51.1769408Z
  Time since last request: 0.0027898 seconds.
  importAddress: GUID: 920c7a6bcbdcb6c4f9efdc8e7b0d450c - Path: Assets/Scripts/Cards/DeckManager.cs - Importer: PreviewImporter
Importing 'GUID: 920c7a6bcbdcb6c4f9efdc8e7b0d450c - Path: Assets/Scripts/Cards/DeckManager.cs - Importer: PreviewImporter' with importer (PreviewImporter)
Imported 'GUID: 920c7a6bcbdcb6c4f9efdc8e7b0d450c' -> (Import Result ID: '0e959202186f839f787fc46568b30f91') in 0.001 seconds [static and dynamic dependencies]. Details - ImportResultOutputID=fc7777b06659fa4a4eacb95880062344 DependenciesID=a6a1c836ca13d0977f834dc74b759901 StaticDependenciesID=5203a7d42f97d6c5497ace0405f497b6 
Number of updated asset objects reloaded before import = 0
Number of asset objects unloaded after import = 0
========================================================================
Received Import Request.
  Time of request: 2026-08-19T16:55:51.2038871Z
  Time since last request: 0.0005082 seconds.
  importAddress: GUID: 920c7a6bcbdcb6c4f9efdc8e7b0d450c - Path: Assets/Scripts/Cards/DeckManager.cs - Importer: PreviewImporter
Importing 'GUID: 920c7a6bcbdcb6c4f9efdc8e7b0d450c - Path: Assets/Scripts/Cards/DeckManager.cs - Importer: PreviewImporter' with importer (PreviewImporter)
Imported 'GUID: 920c7a6bcbdcb6c4f9efdc8e7b0d450c' -> (Import Result ID: '0e959202186f839f787fc46568b30f91') in 0.001 seconds [static and dynamic dependencies]. Details - ImportResultOutputID=fc7777b06659fa4a4eacb95880062344 DependenciesID=a6a1c836ca13d0977f834dc74b759901 StaticDependenciesID=5203a7d42f97d6c5497ace0405f497b6 
Number of updated asset objects reloaded before import = 0
Number of asset objects unloaded after import = 0
========================================================================
Received Import Request.
  Time of request: 2026-08-19T16:55:51.2358776Z
  Time since last request: 0.0008879 seconds.
  importAddress: GUID: 920c7a6bcbdcb6c4f9efdc8e7b0d450c - Path: Assets/Scripts/Cards/DeckManager.cs - Importer: PreviewImporter
Importing 'GUID: 920c7a6bcbdcb6c4f9efdc8e7b0d450c - Path: Assets/Scripts/Cards/DeckManager.cs - Importer: PreviewImporter' with importer (PreviewImporter)
Imported 'GUID: 920c7a6bcbdcb6c4f9efdc8e7b0d450c' -> (Import Result ID: '0e959202186f839f787fc46568b30f91') in 0.001 seconds [static and dynamic dependencies]. Details - ImportResultOutputID=fc7777b06659fa4a4eacb95880062344 DependenciesID=a6a1c836ca13d0977f834dc74b759901 StaticDependenciesID=5203a7d42f97d6c5497ace0405f497b6 
Number of updated asset objects reloaded before import = 0
Number of asset objects unloaded after import = 0
========================================================================
Received Import Request.
  Time of request: 2026-08-19T16:55:51.2650229Z
  Time since last request: 0.0030784 seconds.
  importAddress: GUID: 920c7a6bcbdcb6c4f9efdc8e7b0d450c - Path: Assets/Scripts/Cards/DeckManager.cs - Importer: PreviewImporter
Importing 'GUID: 920c7a6bcbdcb6c4f9efdc8e7b0d450c - Path: Assets/Scripts/Cards/DeckManager.cs - Importer: PreviewImporter' with importer (PreviewImporter)
Imported 'GUID: 920c7a6bcbdcb6c4f9efdc8e7b0d450c' -> (Import Result ID: '0e959202186f839f787fc46568b30f91') in 0.001 seconds [static and dynamic dependencies]. Details - ImportResultOutputID=fc7777b06659fa4a4eacb95880062344 DependenciesID=a6a1c836ca13d0977f834dc74b759901 StaticDependenciesID=5203a7d42f97d6c5497ace0405f497b6 
Number of updated asset objects reloaded before import = 0
Number of asset objects unloaded after import = 0
========================================================================
Received Import Request.
  Time of request: 2026-08-19T16:55:51.294064Z
  Time since last request: 0.0039254 seconds.
  importAddress: GUID: 920c7a6bcbdcb6c4f9efdc8e7b0d450c - Path: Assets/Scripts/Cards/DeckManager.cs - Importer: PreviewImporter
Importing 'GUID: 920c7a6bcbdcb6c4f9efdc8e7b0d450c - Path: Assets/Scripts/Cards/DeckManager.cs - Importer: PreviewImporter' with importer (PreviewImporter)
Imported 'GUID: 920c7a6bcbdcb6c4f9efdc8e7b0d450c' -> (Import Result ID: '0e959202186f839f787fc46568b30f91') in 0.001 seconds [static and dynamic dependencies]. Details - ImportResultOutputID=fc7777b06659fa4a4eacb95880062344 DependenciesID=a6a1c836ca13d0977f834dc74b759901 StaticDependenciesID=5203a7d42f97d6c5497ace0405f497b6 
Number of updated asset objects reloaded before import = 0
Number of asset objects unloaded after import = 0
========================================================================
Received Import Request.
  Time of request: 2026-08-19T16:55:51.3283092Z
  Time since last request: 0.0050928 seconds.
  importAddress: GUID: 920c7a6bcbdcb6c4f9efdc8e7b0d450c - Path: Assets/Scripts/Cards/DeckManager.cs - Importer: PreviewImporter
Importing 'GUID: 920c7a6bcbdcb6c4f9efdc8e7b0d450c - Path: Assets/Scripts/Cards/DeckManager.cs - Importer: PreviewImporter' with importer (PreviewImporter)
Imported 'GUID: 920c7a6bcbdcb6c4f9efdc8e7b0d450c' -> (Import Result ID: '0e959202186f839f787fc46568b30f91') in 0.001 seconds [static and dynamic dependencies]. Details - ImportResultOutputID=fc7777b06659fa4a4eacb95880062344 DependenciesID=a6a1c836ca13d0977f834dc74b759901 StaticDependenciesID=5203a7d42f97d6c5497ace0405f497b6 
Number of updated asset objects reloaded before import = 0
Number of asset objects unloaded after import = 0
========================================================================
Received Import Request.
  Time of request: 2026-08-19T16:55:51.3561372Z
  Time since last request: 0.0039827 seconds.
  importAddress: GUID: 920c7a6bcbdcb6c4f9efdc8e7b0d450c - Path: Assets/Scripts/Cards/DeckManager.cs - Importer: PreviewImporter
Importing 'GUID: 920c7a6bcbdcb6c4f9efdc8e7b0d450c - Path: Assets/Scripts/Cards/DeckManager.cs - Importer: PreviewImporter' with importer (PreviewImporter)
Imported 'GUID: 920c7a6bcbdcb6c4f9efdc8e7b0d450c' -> (Import Result ID: '0e959202186f839f787fc46568b30f91') in 0.001 seconds [static and dynamic dependencies]. Details - ImportResultOutputID=fc7777b06659fa4a4eacb95880062344 DependenciesID=a6a1c836ca13d0977f834dc74b759901 StaticDependenciesID=5203a7d42f97d6c5497ace0405f497b6 
Number of updated asset objects reloaded before import = 0
Number of asset objects unloaded after import = 0
========================================================================
Received Import Request.
  Time of request: 2026-08-19T16:55:51.3909487Z
  Time since last request: 0.0049808 seconds.
  importAddress: GUID: 920c7a6bcbdcb6c4f9efdc8e7b0d450c - Path: Assets/Scripts/Cards/DeckManager.cs - Importer: PreviewImporter
Importing 'GUID: 920c7a6bcbdcb6c4f9efdc8e7b0d450c - Path: Assets/Scripts/Cards/DeckManager.cs - Importer: PreviewImporter' with importer (PreviewImporter)
Imported 'GUID: 920c7a6bcbdcb6c4f9efdc8e7b0d450c' -> (Import Result ID: '0e959202186f839f787fc46568b30f91') in 0.001 seconds [static and dynamic dependencies]. Details - ImportResultOutputID=fc7777b06659fa4a4eacb95880062344 DependenciesID=a6a1c836ca13d0977f834dc74b759901 StaticDependenciesID=5203a7d42f97d6c5497ace0405f497b6 
Number of updated asset objects reloaded before import = 0
Number of asset objects unloaded after import = 0
========================================================================
Received Import Request.
  Time of request: 2026-08-19T16:55:51.4200656Z
  Time since last request: 0.0044806 seconds.
  importAddress: GUID: 920c7a6bcbdcb6c4f9efdc8e7b0d450c - Path: Assets/Scripts/Cards/DeckManager.cs - Importer: PreviewImporter
Importing 'GUID: 920c7a6bcbdcb6c4f9efdc8e7b0d450c - Path: Assets/Scripts/Cards/DeckManager.cs - Importer: PreviewImporter' with importer (PreviewImporter)
Imported 'GUID: 920c7a6bcbdcb6c4f9efdc8e7b0d450c' -> (Import Result ID: '0e959202186f839f787fc46568b30f91') in 0.001 seconds [static and dynamic dependencies]. Details - ImportResultOutputID=fc7777b06659fa4a4eacb95880062344 DependenciesID=a6a1c836ca13d0977f834dc74b759901 StaticDependenciesID=5203a7d42f97d6c5497ace0405f497b6 
Number of updated asset objects reloaded before import = 0
Number of asset objects unloaded after import = 0
========================================================================
Received Import Request.
  Time of request: 2026-08-19T16:55:51.4508204Z
  Time since last request: 0.0009099 seconds.
  importAddress: GUID: 920c7a6bcbdcb6c4f9efdc8e7b0d450c - Path: Assets/Scripts/Cards/DeckManager.cs - Importer: PreviewImporter
Importing 'GUID: 920c7a6bcbdcb6c4f9efdc8e7b0d450c - Path: Assets/Scripts/Cards/DeckManager.cs - Importer: PreviewImporter' with importer (PreviewImporter)
Imported 'GUID: 920c7a6bcbdcb6c4f9efdc8e7b0d450c' -> (Import Result ID: '0e959202186f839f787fc46568b30f91') in 0.001 seconds [static and dynamic dependencies]. Details - ImportResultOutputID=fc7777b06659fa4a4eacb95880062344 DependenciesID=a6a1c836ca13d0977f834dc74b759901 StaticDependenciesID=5203a7d42f97d6c5497ace0405f497b6 
Number of updated asset objects reloaded before import = 0
Number of asset objects unloaded after import = 0
========================================================================
Received Import Request.
  Time of request: 2026-08-19T16:55:51.4798235Z
  Time since last request: 0.0006322 seconds.
  importAddress: GUID: 920c7a6bcbdcb6c4f9efdc8e7b0d450c - Path: Assets/Scripts/Cards/DeckManager.cs - Importer: PreviewImporter
Importing 'GUID: 920c7a6bcbdcb6c4f9efdc8e7b0d450c - Path: Assets/Scripts/Cards/DeckManager.cs - Importer: PreviewImporter' with importer (PreviewImporter)
Imported 'GUID: 920c7a6bcbdcb6c4f9efdc8e7b0d450c' -> (Import Result ID: '0e959202186f839f787fc46568b30f91') in 0.001 seconds [static and dynamic dependencies]. Details - ImportResultOutputID=fc7777b06659fa4a4eacb95880062344 DependenciesID=a6a1c836ca13d0977f834dc74b759901 StaticDependenciesID=5203a7d42f97d6c5497ace0405f497b6 
Number of updated asset objects reloaded before import = 0
Number of asset objects unloaded after import = 0
========================================================================
Received Import Request.
  Time of request: 2026-08-19T16:55:51.5136006Z
  Time since last request: 0.0026448 seconds.
  importAddress: GUID: 920c7a6bcbdcb6c4f9efdc8e7b0d450c - Path: Assets/Scripts/Cards/DeckManager.cs - Importer: PreviewImporter
Importing 'GUID: 920c7a6bcbdcb6c4f9efdc8e7b0d450c - Path: Assets/Scripts/Cards/DeckManager.cs - Importer: PreviewImporter' with importer (PreviewImporter)
Imported 'GUID: 920c7a6bcbdcb6c4f9efdc8e7b0d450c' -> (Import Result ID: '0e959202186f839f787fc46568b30f91') in 0.001 seconds [static and dynamic dependencies]. Details - ImportResultOutputID=fc7777b06659fa4a4eacb95880062344 DependenciesID=a6a1c836ca13d0977f834dc74b759901 StaticDependenciesID=5203a7d42f97d6c5497ace0405f497b6 
Number of updated asset objects reloaded before import = 0
Number of asset objects unloaded after import = 0
========================================================================
Received Import Request.
  Time of request: 2026-08-19T16:55:51.5468151Z
  Time since last request: 0.0009902 seconds.
  importAddress: GUID: 920c7a6bcbdcb6c4f9efdc8e7b0d450c - Path: Assets/Scripts/Cards/DeckManager.cs - Importer: PreviewImporter
Importing 'GUID: 920c7a6bcbdcb6c4f9efdc8e7b0d450c - Path: Assets/Scripts/Cards/DeckManager.cs - Importer: PreviewImporter' with importer (PreviewImporter)
Imported 'GUID: 920c7a6bcbdcb6c4f9efdc8e7b0d450c' -> (Import Result ID: '0e959202186f839f787fc46568b30f91') in 0.001 seconds [static and dynamic dependencies]. Details - ImportResultOutputID=fc7777b06659fa4a4eacb95880062344 DependenciesID=a6a1c836ca13d0977f834dc74b759901 StaticDependenciesID=5203a7d42f97d6c5497ace0405f497b6 
Number of updated asset objects reloaded before import = 0
Number of asset objects unloaded after import = 0
========================================================================
Received Import Request.
  Time of request: 2026-08-19T16:55:51.5801374Z
  Time since last request: 0.0043713 seconds.
  importAddress: GUID: 920c7a6bcbdcb6c4f9efdc8e7b0d450c - Path: Assets/Scripts/Cards/DeckManager.cs - Importer: PreviewImporter
Importing 'GUID: 920c7a6bcbdcb6c4f9efdc8e7b0d450c - Path: Assets/Scripts/Cards/DeckManager.cs - Importer: PreviewImporter' with importer (PreviewImporter)
Imported 'GUID: 920c7a6bcbdcb6c4f9efdc8e7b0d450c' -> (Import Result ID: '0e959202186f839f787fc46568b30f91') in 0.001 seconds [static and dynamic dependencies]. Details - ImportResultOutputID=fc7777b06659fa4a4eacb95880062344 DependenciesID=a6a1c836ca13d0977f834dc74b759901 StaticDependenciesID=5203a7d42f97d6c5497ace0405f497b6 
Number of updated asset objects reloaded before import = 0
Number of asset objects unloaded after import = 0
========================================================================
Received Import Request.
  Time of request: 2026-08-19T16:55:51.6120845Z
  Time since last request: 0.0039544 seconds.
  importAddress: GUID: 920c7a6bcbdcb6c4f9efdc8e7b0d450c - Path: Assets/Scripts/Cards/DeckManager.cs - Importer: PreviewImporter
Importing 'GUID: 920c7a6bcbdcb6c4f9efdc8e7b0d450c - Path: Assets/Scripts/Cards/DeckManager.cs - Importer: PreviewImporter' with importer (PreviewImporter)
Imported 'GUID: 920c7a6bcbdcb6c4f9efdc8e7b0d450c' -> (Import Result ID: '0e959202186f839f787fc46568b30f91') in 0.001 seconds [static and dynamic dependencies]. Details - ImportResultOutputID=fc7777b06659fa4a4eacb95880062344 DependenciesID=a6a1c836ca13d0977f834dc74b759901 StaticDependenciesID=5203a7d42f97d6c5497ace0405f497b6 
Number of updated asset objects reloaded before import = 0
Number of asset objects unloaded after import = 0
========================================================================
Received Import Request.
  Time of request: 2026-08-19T16:55:51.646865Z
  Time since last request: 0.00482 seconds.
  importAddress: GUID: 920c7a6bcbdcb6c4f9efdc8e7b0d450c - Path: Assets/Scripts/Cards/DeckManager.cs - Importer: PreviewImporter
Importing 'GUID: 920c7a6bcbdcb6c4f9efdc8e7b0d450c - Path: Assets/Scripts/Cards/DeckManager.cs - Importer: PreviewImporter' with importer (PreviewImporter)
Imported 'GUID: 920c7a6bcbdcb6c4f9efdc8e7b0d450c' -> (Import Result ID: '0e959202186f839f787fc46568b30f91') in 0.001 seconds [static and dynamic dependencies]. Details - ImportResultOutputID=fc7777b06659fa4a4eacb95880062344 DependenciesID=a6a1c836ca13d0977f834dc74b759901 StaticDependenciesID=5203a7d42f97d6c5497ace0405f497b6 
Number of updated asset objects reloaded before import = 0
Number of asset objects unloaded after import = 0
========================================================================
Received Import Request.
  Time of request: 2026-08-19T16:55:51.6771063Z
  Time since last request: 0.0007717 seconds.
  importAddress: GUID: 920c7a6bcbdcb6c4f9efdc8e7b0d450c - Path: Assets/Scripts/Cards/DeckManager.cs - Importer: PreviewImporter
Importing 'GUID: 920c7a6bcbdcb6c4f9efdc8e7b0d450c - Path: Assets/Scripts/Cards/DeckManager.cs - Importer: PreviewImporter' with importer (PreviewImporter)
Imported 'GUID: 920c7a6bcbdcb6c4f9efdc8e7b0d450c' -> (Import Result ID: '0e959202186f839f787fc46568b30f91') in 0.001 seconds [static and dynamic dependencies]. Details - ImportResultOutputID=fc7777b06659fa4a4eacb95880062344 DependenciesID=a6a1c836ca13d0977f834dc74b759901 StaticDependenciesID=5203a7d42f97d6c5497ace0405f497b6 
Number of updated asset objects reloaded before import = 0
Number of asset objects unloaded after import = 0
========================================================================
Received Import Request.
  Time of request: 2026-08-19T16:55:51.7076172Z
  Time since last request: 0.0057471 seconds.
  importAddress: GUID: 920c7a6bcbdcb6c4f9efdc8e7b0d450c - Path: Assets/Scripts/Cards/DeckManager.cs - Importer: PreviewImporter
Importing 'GUID: 920c7a6bcbdcb6c4f9efdc8e7b0d450c - Path: Assets/Scripts/Cards/DeckManager.cs - Importer: PreviewImporter' with importer (PreviewImporter)
Imported 'GUID: 920c7a6bcbdcb6c4f9efdc8e7b0d450c' -> (Import Result ID: '0e959202186f839f787fc46568b30f91') in 0.001 seconds [static and dynamic dependencies]. Details - ImportResultOutputID=fc7777b06659fa4a4eacb95880062344 DependenciesID=a6a1c836ca13d0977f834dc74b759901 StaticDependenciesID=5203a7d42f97d6c5497ace0405f497b6 
Number of updated asset objects reloaded before import = 0
Number of asset objects unloaded after import = 0
========================================================================
Received Import Request.
  Time of request: 2026-08-19T16:55:51.7370771Z
  Time since last request: 0.0035743 seconds.
  importAddress: GUID: 920c7a6bcbdcb6c4f9efdc8e7b0d450c - Path: Assets/Scripts/Cards/DeckManager.cs - Importer: PreviewImporter
Importing 'GUID: 920c7a6bcbdcb6c4f9efdc8e7b0d450c - Path: Assets/Scripts/Cards/DeckManager.cs - Importer: PreviewImporter' with importer (PreviewImporter)
Imported 'GUID: 920c7a6bcbdcb6c4f9efdc8e7b0d450c' -> (Import Result ID: '0e959202186f839f787fc46568b30f91') in 0.001 seconds [static and dynamic dependencies]. Details - ImportResultOutputID=fc7777b06659fa4a4eacb95880062344 DependenciesID=a6a1c836ca13d0977f834dc74b759901 StaticDependenciesID=5203a7d42f97d6c5497ace0405f497b6 
Number of updated asset objects reloaded before import = 0
Number of asset objects unloaded after import = 0
========================================================================
Received Import Request.
  Time of request: 2026-08-19T16:55:51.7718975Z
  Time since last request: 0.0026329 seconds.
  importAddress: GUID: 920c7a6bcbdcb6c4f9efdc8e7b0d450c - Path: Assets/Scripts/Cards/DeckManager.cs - Importer: PreviewImporter
Importing 'GUID: 920c7a6bcbdcb6c4f9efdc8e7b0d450c - Path: Assets/Scripts/Cards/DeckManager.cs - Importer: PreviewImporter' with importer (PreviewImporter)
Imported 'GUID: 920c7a6bcbdcb6c4f9efdc8e7b0d450c' -> (Import Result ID: '0e959202186f839f787fc46568b30f91') in 0.001 seconds [static and dynamic dependencies]. Details - ImportResultOutputID=fc7777b06659fa4a4eacb95880062344 DependenciesID=a6a1c836ca13d0977f834dc74b759901 StaticDependenciesID=5203a7d42f97d6c5497ace0405f497b6 
Number of updated asset objects reloaded before import = 0
Number of asset objects unloaded after import = 0
========================================================================
Received Import Request.
  Time of request: 2026-08-19T16:55:51.8074333Z
  Time since last request: 0.0036264 seconds.
  importAddress: GUID: 920c7a6bcbdcb6c4f9efdc8e7b0d450c - Path: Assets/Scripts/Cards/DeckManager.cs - Importer: PreviewImporter
Importing 'GUID: 920c7a6bcbdcb6c4f9efdc8e7b0d450c - Path: Assets/Scripts/Cards/DeckManager.cs - Importer: PreviewImporter' with importer (PreviewImporter)
Imported 'GUID: 920c7a6bcbdcb6c4f9efdc8e7b0d450c' -> (Import Result ID: '0e959202186f839f787fc46568b30f91') in 0.001 seconds [static and dynamic dependencies]. Details - ImportResultOutputID=fc7777b06659fa4a4eacb95880062344 DependenciesID=a6a1c836ca13d0977f834dc74b759901 StaticDependenciesID=5203a7d42f97d6c5497ace0405f497b6 
Number of updated asset objects reloaded before import = 0
Number of asset objects unloaded after import = 0
========================================================================
Received Import Request.
  Time of request: 2026-08-19T16:55:51.8399888Z
  Time since last request: 0.0042249 seconds.
  importAddress: GUID: 920c7a6bcbdcb6c4f9efdc8e7b0d450c - Path: Assets/Scripts/Cards/DeckManager.cs - Importer: PreviewImporter
Importing 'GUID: 920c7a6bcbdcb6c4f9efdc8e7b0d450c - Path: Assets/Scripts/Cards/DeckManager.cs - Importer: PreviewImporter' with importer (PreviewImporter)
Imported 'GUID: 920c7a6bcbdcb6c4f9efdc8e7b0d450c' -> (Import Result ID: '0e959202186f839f787fc46568b30f91') in 0.001 seconds [static and dynamic dependencies]. Details - ImportResultOutputID=fc7777b06659fa4a4eacb95880062344 DependenciesID=a6a1c836ca13d0977f834dc74b759901 StaticDependenciesID=5203a7d42f97d6c5497ace0405f497b6 
Number of updated asset objects reloaded before import = 0
Number of asset objects unloaded after import = 0
========================================================================
Received Import Request.
  Time of request: 2026-08-19T16:55:51.8746498Z
  Time since last request: 0.0048341 seconds.
  importAddress: GUID: 920c7a6bcbdcb6c4f9efdc8e7b0d450c - Path: Assets/Scripts/Cards/DeckManager.cs - Importer: PreviewImporter
Importing 'GUID: 920c7a6bcbdcb6c4f9efdc8e7b0d450c - Path: Assets/Scripts/Cards/DeckManager.cs - Importer: PreviewImporter' with importer (PreviewImporter)
Imported 'GUID: 920c7a6bcbdcb6c4f9efdc8e7b0d450c' -> (Import Result ID: '0e959202186f839f787fc46568b30f91') in 0.001 seconds [static and dynamic dependencies]. Details - ImportResultOutputID=fc7777b06659fa4a4eacb95880062344 DependenciesID=a6a1c836ca13d0977f834dc74b759901 StaticDependenciesID=5203a7d42f97d6c5497ace0405f497b6 
Number of updated asset objects reloaded before import = 0
Number of asset objects unloaded after import = 0
========================================================================
Received Import Request.
  Time of request: 2026-08-19T16:55:51.9080801Z
  Time since last request: 0.0009181 seconds.
  importAddress: GUID: 920c7a6bcbdcb6c4f9efdc8e7b0d450c - Path: Assets/Scripts/Cards/DeckManager.cs - Importer: PreviewImporter
Importing 'GUID: 920c7a6bcbdcb6c4f9efdc8e7b0d450c - Path: Assets/Scripts/Cards/DeckManager.cs - Importer: PreviewImporter' with importer (PreviewImporter)
Imported 'GUID: 920c7a6bcbdcb6c4f9efdc8e7b0d450c' -> (Import Result ID: '0e959202186f839f787fc46568b30f91') in 0.001 seconds [static and dynamic dependencies]. Details - ImportResultOutputID=fc7777b06659fa4a4eacb95880062344 DependenciesID=a6a1c836ca13d0977f834dc74b759901 StaticDependenciesID=5203a7d42f97d6c5497ace0405f497b6 
Number of updated asset objects reloaded before import = 0
Number of asset objects unloaded after import = 0
========================================================================
Received Import Request.
  Time of request: 2026-08-19T16:55:51.9457282Z
  Time since last request: 0.0065866 seconds.
  importAddress: GUID: 920c7a6bcbdcb6c4f9efdc8e7b0d450c - Path: Assets/Scripts/Cards/DeckManager.cs - Importer: PreviewImporter
Importing 'GUID: 920c7a6bcbdcb6c4f9efdc8e7b0d450c - Path: Assets/Scripts/Cards/DeckManager.cs - Importer: PreviewImporter' with importer (PreviewImporter)
Imported 'GUID: 920c7a6bcbdcb6c4f9efdc8e7b0d450c' -> (Import Result ID: '0e959202186f839f787fc46568b30f91') in 0.001 seconds [static and dynamic dependencies]. Details - ImportResultOutputID=fc7777b06659fa4a4eacb95880062344 DependenciesID=a6a1c836ca13d0977f834dc74b759901 StaticDependenciesID=5203a7d42f97d6c5497ace0405f497b6 
Number of updated asset objects reloaded before import = 0
Number of asset objects unloaded after import = 0
========================================================================
Received Import Request.
  Time of request: 2026-08-19T16:55:51.9824573Z
  Time since last request: 0.0004326 seconds.
  importAddress: GUID: 920c7a6bcbdcb6c4f9efdc8e7b0d450c - Path: Assets/Scripts/Cards/DeckManager.cs - Importer: PreviewImporter
Importing 'GUID: 920c7a6bcbdcb6c4f9efdc8e7b0d450c - Path: Assets/Scripts/Cards/DeckManager.cs - Importer: PreviewImporter' with importer (PreviewImporter)
Imported 'GUID: 920c7a6bcbdcb6c4f9efdc8e7b0d450c' -> (Import Result ID: '0e959202186f839f787fc46568b30f91') in 0.001 seconds [static and dynamic dependencies]. Details - ImportResultOutputID=fc7777b06659fa4a4eacb95880062344 DependenciesID=a6a1c836ca13d0977f834dc74b759901 StaticDependenciesID=5203a7d42f97d6c5497ace0405f497b6 
Number of updated asset objects reloaded before import = 0
Number of asset objects unloaded after import = 0
========================================================================
Received Import Request.
  Time of request: 2026-08-19T16:55:52.0118478Z
  Time since last request: 0.0007557 seconds.
  importAddress: GUID: 920c7a6bcbdcb6c4f9efdc8e7b0d450c - Path: Assets/Scripts/Cards/DeckManager.cs - Importer: PreviewImporter
Importing 'GUID: 920c7a6bcbdcb6c4f9efdc8e7b0d450c - Path: Assets/Scripts/Cards/DeckManager.cs - Importer: PreviewImporter' with importer (PreviewImporter)
Imported 'GUID: 920c7a6bcbdcb6c4f9efdc8e7b0d450c' -> (Import Result ID: '0e959202186f839f787fc46568b30f91') in 0.001 seconds [static and dynamic dependencies]. Details - ImportResultOutputID=fc7777b06659fa4a4eacb95880062344 DependenciesID=a6a1c836ca13d0977f834dc74b759901 StaticDependenciesID=5203a7d42f97d6c5497ace0405f497b6 
Number of updated asset objects reloaded before import = 0
Number of asset objects unloaded after import = 0
========================================================================
Received Import Request.
  Time of request: 2026-08-19T16:55:52.0407737Z
  Time since last request: 0.0017733 seconds.
  importAddress: GUID: 920c7a6bcbdcb6c4f9efdc8e7b0d450c - Path: Assets/Scripts/Cards/DeckManager.cs - Importer: PreviewImporter
Importing 'GUID: 920c7a6bcbdcb6c4f9efdc8e7b0d450c - Path: Assets/Scripts/Cards/DeckManager.cs - Importer: PreviewImporter' with importer (PreviewImporter)
Imported 'GUID: 920c7a6bcbdcb6c4f9efdc8e7b0d450c' -> (Import Result ID: '0e959202186f839f787fc46568b30f91') in 0.001 seconds [static and dynamic dependencies]. Details - ImportResultOutputID=fc7777b06659fa4a4eacb95880062344 DependenciesID=a6a1c836ca13d0977f834dc74b759901 StaticDependenciesID=5203a7d42f97d6c5497ace0405f497b6 
Number of updated asset objects reloaded before import = 0
Number of asset objects unloaded after import = 0
========================================================================
Received Import Request.
  Time of request: 2026-08-19T16:55:52.0749181Z
  Time since last request: 0.0014244 seconds.
  importAddress: GUID: 920c7a6bcbdcb6c4f9efdc8e7b0d450c - Path: Assets/Scripts/Cards/DeckManager.cs - Importer: PreviewImporter
Importing 'GUID: 920c7a6bcbdcb6c4f9efdc8e7b0d450c - Path: Assets/Scripts/Cards/DeckManager.cs - Importer: PreviewImporter' with importer (PreviewImporter)
Imported 'GUID: 920c7a6bcbdcb6c4f9efdc8e7b0d450c' -> (Import Result ID: '0e959202186f839f787fc46568b30f91') in 0.001 seconds [static and dynamic dependencies]. Details - ImportResultOutputID=fc7777b06659fa4a4eacb95880062344 DependenciesID=a6a1c836ca13d0977f834dc74b759901 StaticDependenciesID=5203a7d42f97d6c5497ace0405f497b6 
Number of updated asset objects reloaded before import = 0
Number of asset objects unloaded after import = 0
========================================================================
Received Import Request.
  Time of request: 2026-08-19T16:55:52.1019631Z
  Time since last request: 0.002032 seconds.
  importAddress: GUID: 920c7a6bcbdcb6c4f9efdc8e7b0d450c - Path: Assets/Scripts/Cards/DeckManager.cs - Importer: PreviewImporter
Importing 'GUID: 920c7a6bcbdcb6c4f9efdc8e7b0d450c - Path: Assets/Scripts/Cards/DeckManager.cs - Importer: PreviewImporter' with importer (PreviewImporter)
Imported 'GUID: 920c7a6bcbdcb6c4f9efdc8e7b0d450c' -> (Import Result ID: '0e959202186f839f787fc46568b30f91') in 0.001 seconds [static and dynamic dependencies]. Details - ImportResultOutputID=fc7777b06659fa4a4eacb95880062344 DependenciesID=a6a1c836ca13d0977f834dc74b759901 StaticDependenciesID=5203a7d42f97d6c5497ace0405f497b6 
Number of updated asset objects reloaded before import = 0
Number of asset objects unloaded after import = 0
========================================================================
Received Import Request.
  Time of request: 2026-08-19T16:55:52.13354Z
  Time since last request: 0.0007333 seconds.
  importAddress: GUID: 920c7a6bcbdcb6c4f9efdc8e7b0d450c - Path: Assets/Scripts/Cards/DeckManager.cs - Importer: PreviewImporter
Importing 'GUID: 920c7a6bcbdcb6c4f9efdc8e7b0d450c - Path: Assets/Scripts/Cards/DeckManager.cs - Importer: PreviewImporter' with importer (PreviewImporter)
Imported 'GUID: 920c7a6bcbdcb6c4f9efdc8e7b0d450c' -> (Import Result ID: '0e959202186f839f787fc46568b30f91') in 0.001 seconds [static and dynamic dependencies]. Details - ImportResultOutputID=fc7777b06659fa4a4eacb95880062344 DependenciesID=a6a1c836ca13d0977f834dc74b759901 StaticDependenciesID=5203a7d42f97d6c5497ace0405f497b6 
Number of updated asset objects reloaded before import = 0
Number of asset objects unloaded after import = 0
========================================================================
Received Import Request.
  Time of request: 2026-08-19T16:55:52.1686697Z
  Time since last request: 0.0049118 seconds.
  importAddress: GUID: 920c7a6bcbdcb6c4f9efdc8e7b0d450c - Path: Assets/Scripts/Cards/DeckManager.cs - Importer: PreviewImporter
Importing 'GUID: 920c7a6bcbdcb6c4f9efdc8e7b0d450c - Path: Assets/Scripts/Cards/DeckManager.cs - Importer: PreviewImporter' with importer (PreviewImporter)
Imported 'GUID: 920c7a6bcbdcb6c4f9efdc8e7b0d450c' -> (Import Result ID: '0e959202186f839f787fc46568b30f91') in 0.001 seconds [static and dynamic dependencies]. Details - ImportResultOutputID=fc7777b06659fa4a4eacb95880062344 DependenciesID=a6a1c836ca13d0977f834dc74b759901 StaticDependenciesID=5203a7d42f97d6c5497ace0405f497b6 
Number of updated asset objects reloaded before import = 0
Number of asset objects unloaded after import = 0
========================================================================
Received Import Request.
  Time of request: 2026-08-19T16:55:52.1968629Z
  Time since last request: 0.0011647 seconds.
  importAddress: GUID: 920c7a6bcbdcb6c4f9efdc8e7b0d450c - Path: Assets/Scripts/Cards/DeckManager.cs - Importer: PreviewImporter
Importing 'GUID: 920c7a6bcbdcb6c4f9efdc8e7b0d450c - Path: Assets/Scripts/Cards/DeckManager.cs - Importer: PreviewImporter' with importer (PreviewImporter)
Imported 'GUID: 920c7a6bcbdcb6c4f9efdc8e7b0d450c' -> (Import Result ID: '0e959202186f839f787fc46568b30f91') in 0.001 seconds [static and dynamic dependencies]. Details - ImportResultOutputID=fc7777b06659fa4a4eacb95880062344 DependenciesID=a6a1c836ca13d0977f834dc74b759901 StaticDependenciesID=5203a7d42f97d6c5497ace0405f497b6 
Number of updated asset objects reloaded before import = 0
Number of asset objects unloaded after import = 0
========================================================================
Received Import Request.
  Time of request: 2026-08-19T16:55:52.2315912Z
  Time since last request: 0.0006999 seconds.
  importAddress: GUID: 920c7a6bcbdcb6c4f9efdc8e7b0d450c - Path: Assets/Scripts/Cards/DeckManager.cs - Importer: PreviewImporter
Importing 'GUID: 920c7a6bcbdcb6c4f9efdc8e7b0d450c - Path: Assets/Scripts/Cards/DeckManager.cs - Importer: PreviewImporter' with importer (PreviewImporter)
Imported 'GUID: 920c7a6bcbdcb6c4f9efdc8e7b0d450c' -> (Import Result ID: '0e959202186f839f787fc46568b30f91') in 0.001 seconds [static and dynamic dependencies]. Details - ImportResultOutputID=fc7777b06659fa4a4eacb95880062344 DependenciesID=a6a1c836ca13d0977f834dc74b759901 StaticDependenciesID=5203a7d42f97d6c5497ace0405f497b6 
Number of updated asset objects reloaded before import = 0
Number of asset objects unloaded after import = 0
========================================================================
Received Import Request.
  Time of request: 2026-08-19T16:55:52.2579811Z
  Time since last request: 0.0014635 seconds.
  importAddress: GUID: 920c7a6bcbdcb6c4f9efdc8e7b0d450c - Path: Assets/Scripts/Cards/DeckManager.cs - Importer: PreviewImporter
Importing 'GUID: 920c7a6bcbdcb6c4f9efdc8e7b0d450c - Path: Assets/Scripts/Cards/DeckManager.cs - Importer: PreviewImporter' with importer (PreviewImporter)
Imported 'GUID: 920c7a6bcbdcb6c4f9efdc8e7b0d450c' -> (Import Result ID: '0e959202186f839f787fc46568b30f91') in 0.001 seconds [static and dynamic dependencies]. Details - ImportResultOutputID=fc7777b06659fa4a4eacb95880062344 DependenciesID=a6a1c836ca13d0977f834dc74b759901 StaticDependenciesID=5203a7d42f97d6c5497ace0405f497b6 
Number of updated asset objects reloaded before import = 0
Number of asset objects unloaded after import = 0
========================================================================
Received Import Request.
  Time of request: 2026-08-19T16:55:52.2848215Z
  Time since last request: 0.0007768 seconds.
  importAddress: GUID: 920c7a6bcbdcb6c4f9efdc8e7b0d450c - Path: Assets/Scripts/Cards/DeckManager.cs - Importer: PreviewImporter
Importing 'GUID: 920c7a6bcbdcb6c4f9efdc8e7b0d450c - Path: Assets/Scripts/Cards/DeckManager.cs - Importer: PreviewImporter' with importer (PreviewImporter)
Imported 'GUID: 920c7a6bcbdcb6c4f9efdc8e7b0d450c' -> (Import Result ID: '0e959202186f839f787fc46568b30f91') in 0.001 seconds [static and dynamic dependencies]. Details - ImportResultOutputID=fc7777b06659fa4a4eacb95880062344 DependenciesID=a6a1c836ca13d0977f834dc74b759901 StaticDependenciesID=5203a7d42f97d6c5497ace0405f497b6 
Number of updated asset objects reloaded before import = 0
Number of asset objects unloaded after import = 0
========================================================================
Received Import Request.
  Time of request: 2026-08-19T16:55:52.3177167Z
  Time since last request: 0.004246 seconds.
  importAddress: GUID: 920c7a6bcbdcb6c4f9efdc8e7b0d450c - Path: Assets/Scripts/Cards/DeckManager.cs - Importer: PreviewImporter
Importing 'GUID: 920c7a6bcbdcb6c4f9efdc8e7b0d450c - Path: Assets/Scripts/Cards/DeckManager.cs - Importer: PreviewImporter' with importer (PreviewImporter)
Imported 'GUID: 920c7a6bcbdcb6c4f9efdc8e7b0d450c' -> (Import Result ID: '0e959202186f839f787fc46568b30f91') in 0.001 seconds [static and dynamic dependencies]. Details - ImportResultOutputID=fc7777b06659fa4a4eacb95880062344 DependenciesID=a6a1c836ca13d0977f834dc74b759901 StaticDependenciesID=5203a7d42f97d6c5497ace0405f497b6 
Number of updated asset objects reloaded before import = 0
Number of asset objects unloaded after import = 0
========================================================================
Received Import Request.
  Time of request: 2026-08-19T16:55:52.3570224Z
  Time since last request: 0.0072709 seconds.
  importAddress: GUID: 920c7a6bcbdcb6c4f9efdc8e7b0d450c - Path: Assets/Scripts/Cards/DeckManager.cs - Importer: PreviewImporter
Importing 'GUID: 920c7a6bcbdcb6c4f9efdc8e7b0d450c - Path: Assets/Scripts/Cards/DeckManager.cs - Importer: PreviewImporter' with importer (PreviewImporter)
Imported 'GUID: 920c7a6bcbdcb6c4f9efdc8e7b0d450c' -> (Import Result ID: '0e959202186f839f787fc46568b30f91') in 0.001 seconds [static and dynamic dependencies]. Details - ImportResultOutputID=fc7777b06659fa4a4eacb95880062344 DependenciesID=a6a1c836ca13d0977f834dc74b759901 StaticDependenciesID=5203a7d42f97d6c5497ace0405f497b6 
Number of updated asset objects reloaded before import = 0
Number of asset objects unloaded after import = 0
========================================================================
Received Import Request.
  Time of request: 2026-08-19T16:55:52.3863511Z
  Time since last request: 0.0009684 seconds.
  importAddress: GUID: 920c7a6bcbdcb6c4f9efdc8e7b0d450c - Path: Assets/Scripts/Cards/DeckManager.cs - Importer: PreviewImporter
Importing 'GUID: 920c7a6bcbdcb6c4f9efdc8e7b0d450c - Path: Assets/Scripts/Cards/DeckManager.cs - Importer: PreviewImporter' with importer (PreviewImporter)
Imported 'GUID: 920c7a6bcbdcb6c4f9efdc8e7b0d450c' -> (Import Result ID: '0e959202186f839f787fc46568b30f91') in 0.001 seconds [static and dynamic dependencies]. Details - ImportResultOutputID=fc7777b06659fa4a4eacb95880062344 DependenciesID=a6a1c836ca13d0977f834dc74b759901 StaticDependenciesID=5203a7d42f97d6c5497ace0405f497b6 
Number of updated asset objects reloaded before import = 0
Number of asset objects unloaded after import = 0
========================================================================
Received Import Request.
  Time of request: 2026-08-19T16:55:52.4221592Z
  Time since last request: 0.003982 seconds.
  importAddress: GUID: 920c7a6bcbdcb6c4f9efdc8e7b0d450c - Path: Assets/Scripts/Cards/DeckManager.cs - Importer: PreviewImporter
Importing 'GUID: 920c7a6bcbdcb6c4f9efdc8e7b0d450c - Path: Assets/Scripts/Cards/DeckManager.cs - Importer: PreviewImporter' with importer (PreviewImporter)
Imported 'GUID: 920c7a6bcbdcb6c4f9efdc8e7b0d450c' -> (Import Result ID: '0e959202186f839f787fc46568b30f91') in 0.001 seconds [static and dynamic dependencies]. Details - ImportResultOutputID=fc7777b06659fa4a4eacb95880062344 DependenciesID=a6a1c836ca13d0977f834dc74b759901 StaticDependenciesID=5203a7d42f97d6c5497ace0405f497b6 
Number of updated asset objects reloaded before import = 0
Number of asset objects unloaded after import = 0
========================================================================
Received Import Request.
  Time of request: 2026-08-19T16:55:52.458233Z
  Time since last request: 0.0023578 seconds.
  importAddress: GUID: 920c7a6bcbdcb6c4f9efdc8e7b0d450c - Path: Assets/Scripts/Cards/DeckManager.cs - Importer: PreviewImporter
Importing 'GUID: 920c7a6bcbdcb6c4f9efdc8e7b0d450c - Path: Assets/Scripts/Cards/DeckManager.cs - Importer: PreviewImporter' with importer (PreviewImporter)
Imported 'GUID: 920c7a6bcbdcb6c4f9efdc8e7b0d450c' -> (Import Result ID: '0e959202186f839f787fc46568b30f91') in 0.001 seconds [static and dynamic dependencies]. Details - ImportResultOutputID=fc7777b06659fa4a4eacb95880062344 DependenciesID=a6a1c836ca13d0977f834dc74b759901 StaticDependenciesID=5203a7d42f97d6c5497ace0405f497b6 
Number of updated asset objects reloaded before import = 0
Number of asset objects unloaded after import = 0
========================================================================
Received Import Request.
  Time of request: 2026-08-19T16:55:52.4967299Z
  Time since last request: 0.0017016 seconds.
  importAddress: GUID: 920c7a6bcbdcb6c4f9efdc8e7b0d450c - Path: Assets/Scripts/Cards/DeckManager.cs - Importer: PreviewImporter
Importing 'GUID: 920c7a6bcbdcb6c4f9efdc8e7b0d450c - Path: Assets/Scripts/Cards/DeckManager.cs - Importer: PreviewImporter' with importer (PreviewImporter)
Imported 'GUID: 920c7a6bcbdcb6c4f9efdc8e7b0d450c' -> (Import Result ID: '0e959202186f839f787fc46568b30f91') in 0.001 seconds [static and dynamic dependencies]. Details - ImportResultOutputID=fc7777b06659fa4a4eacb95880062344 DependenciesID=a6a1c836ca13d0977f834dc74b759901 StaticDependenciesID=5203a7d42f97d6c5497ace0405f497b6 
Number of updated asset objects reloaded before import = 0
Number of asset objects unloaded after import = 0
========================================================================
Received Import Request.
  Time of request: 2026-08-19T16:55:52.5310823Z
  Time since last request: 0.0021563 seconds.
  importAddress: GUID: 920c7a6bcbdcb6c4f9efdc8e7b0d450c - Path: Assets/Scripts/Cards/DeckManager.cs - Importer: PreviewImporter
Importing 'GUID: 920c7a6bcbdcb6c4f9efdc8e7b0d450c - Path: Assets/Scripts/Cards/DeckManager.cs - Importer: PreviewImporter' with importer (PreviewImporter)
Imported 'GUID: 920c7a6bcbdcb6c4f9efdc8e7b0d450c' -> (Import Result ID: '0e959202186f839f787fc46568b30f91') in 0.001 seconds [static and dynamic dependencies]. Details - ImportResultOutputID=fc7777b06659fa4a4eacb95880062344 DependenciesID=a6a1c836ca13d0977f834dc74b759901 StaticDependenciesID=5203a7d42f97d6c5497ace0405f497b6 
Number of updated asset objects reloaded before import = 0
Number of asset objects unloaded after import = 0
========================================================================
Received Import Request.
  Time of request: 2026-08-19T16:55:52.567657Z
  Time since last request: 0.000853 seconds.
  importAddress: GUID: 920c7a6bcbdcb6c4f9efdc8e7b0d450c - Path: Assets/Scripts/Cards/DeckManager.cs - Importer: PreviewImporter
Importing 'GUID: 920c7a6bcbdcb6c4f9efdc8e7b0d450c - Path: Assets/Scripts/Cards/DeckManager.cs - Importer: PreviewImporter' with importer (PreviewImporter)
Imported 'GUID: 920c7a6bcbdcb6c4f9efdc8e7b0d450c' -> (Import Result ID: '0e959202186f839f787fc46568b30f91') in 0.001 seconds [static and dynamic dependencies]. Details - ImportResultOutputID=fc7777b06659fa4a4eacb95880062344 DependenciesID=a6a1c836ca13d0977f834dc74b759901 StaticDependenciesID=5203a7d42f97d6c5497ace0405f497b6 
Number of updated asset objects reloaded before import = 0
Number of asset objects unloaded after import = 0
========================================================================
Received Import Request.
  Time of request: 2026-08-19T16:55:52.5991479Z
  Time since last request: 0.0046625 seconds.
  importAddress: GUID: 920c7a6bcbdcb6c4f9efdc8e7b0d450c - Path: Assets/Scripts/Cards/DeckManager.cs - Importer: PreviewImporter
Importing 'GUID: 920c7a6bcbdcb6c4f9efdc8e7b0d450c - Path: Assets/Scripts/Cards/DeckManager.cs - Importer: PreviewImporter' with importer (PreviewImporter)
Imported 'GUID: 920c7a6bcbdcb6c4f9efdc8e7b0d450c' -> (Import Result ID: '0e959202186f839f787fc46568b30f91') in 0.001 seconds [static and dynamic dependencies]. Details - ImportResultOutputID=fc7777b06659fa4a4eacb95880062344 DependenciesID=a6a1c836ca13d0977f834dc74b759901 StaticDependenciesID=5203a7d42f97d6c5497ace0405f497b6 
Number of updated asset objects reloaded before import = 0
Number of asset objects unloaded after import = 0
========================================================================
Received Import Request.
  Time of request: 2026-08-19T16:55:52.6334605Z
  Time since last request: 0.0019205 seconds.
  importAddress: GUID: 920c7a6bcbdcb6c4f9efdc8e7b0d450c - Path: Assets/Scripts/Cards/DeckManager.cs - Importer: PreviewImporter
Importing 'GUID: 920c7a6bcbdcb6c4f9efdc8e7b0d450c - Path: Assets/Scripts/Cards/DeckManager.cs - Importer: PreviewImporter' with importer (PreviewImporter)
Imported 'GUID: 920c7a6bcbdcb6c4f9efdc8e7b0d450c' -> (Import Result ID: '0e959202186f839f787fc46568b30f91') in 0.001 seconds [static and dynamic dependencies]. Details - ImportResultOutputID=fc7777b06659fa4a4eacb95880062344 DependenciesID=a6a1c836ca13d0977f834dc74b759901 StaticDependenciesID=5203a7d42f97d6c5497ace0405f497b6 
Number of updated asset objects reloaded before import = 0
Number of asset objects unloaded after import = 0
========================================================================
Received Import Request.
  Time of request: 2026-08-19T16:55:52.6688882Z
  Time since last request: 0.0035273 seconds.
  importAddress: GUID: 920c7a6bcbdcb6c4f9efdc8e7b0d450c - Path: Assets/Scripts/Cards/DeckManager.cs - Importer: PreviewImporter
Importing 'GUID: 920c7a6bcbdcb6c4f9efdc8e7b0d450c - Path: Assets/Scripts/Cards/DeckManager.cs - Importer: PreviewImporter' with importer (PreviewImporter)
Imported 'GUID: 920c7a6bcbdcb6c4f9efdc8e7b0d450c' -> (Import Result ID: '0e959202186f839f787fc46568b30f91') in 0.001 seconds [static and dynamic dependencies]. Details - ImportResultOutputID=fc7777b06659fa4a4eacb95880062344 DependenciesID=a6a1c836ca13d0977f834dc74b759901 StaticDependenciesID=5203a7d42f97d6c5497ace0405f497b6 
Number of updated asset objects reloaded before import = 0
Number of asset objects unloaded after import = 0
========================================================================
Received Import Request.
  Time of request: 2026-08-19T16:55:52.7060289Z
  Time since last request: 0.0032013 seconds.
  importAddress: GUID: 920c7a6bcbdcb6c4f9efdc8e7b0d450c - Path: Assets/Scripts/Cards/DeckManager.cs - Importer: PreviewImporter
Importing 'GUID: 920c7a6bcbdcb6c4f9efdc8e7b0d450c - Path: Assets/Scripts/Cards/DeckManager.cs - Importer: PreviewImporter' with importer (PreviewImporter)
Imported 'GUID: 920c7a6bcbdcb6c4f9efdc8e7b0d450c' -> (Import Result ID: '0e959202186f839f787fc46568b30f91') in 0.001 seconds [static and dynamic dependencies]. Details - ImportResultOutputID=fc7777b06659fa4a4eacb95880062344 DependenciesID=a6a1c836ca13d0977f834dc74b759901 StaticDependenciesID=5203a7d42f97d6c5497ace0405f497b6 
Number of updated asset objects reloaded before import = 0
Number of asset objects unloaded after import = 0
========================================================================
Received Import Request.
  Time of request: 2026-08-19T16:55:52.740249Z
  Time since last request: 0.0035307 seconds.
  importAddress: GUID: 920c7a6bcbdcb6c4f9efdc8e7b0d450c - Path: Assets/Scripts/Cards/DeckManager.cs - Importer: PreviewImporter
Importing 'GUID: 920c7a6bcbdcb6c4f9efdc8e7b0d450c - Path: Assets/Scripts/Cards/DeckManager.cs - Importer: PreviewImporter' with importer (PreviewImporter)
Imported 'GUID: 920c7a6bcbdcb6c4f9efdc8e7b0d450c' -> (Import Result ID: '0e959202186f839f787fc46568b30f91') in 0.001 seconds [static and dynamic dependencies]. Details - ImportResultOutputID=fc7777b06659fa4a4eacb95880062344 DependenciesID=a6a1c836ca13d0977f834dc74b759901 StaticDependenciesID=5203a7d42f97d6c5497ace0405f497b6 
Number of updated asset objects reloaded before import = 0
Number of asset objects unloaded after import = 0
========================================================================
Received Import Request.
  Time of request: 2026-08-19T16:55:52.7725266Z
  Time since last request: 0.0008551 seconds.
  importAddress: GUID: 920c7a6bcbdcb6c4f9efdc8e7b0d450c - Path: Assets/Scripts/Cards/DeckManager.cs - Importer: PreviewImporter
Importing 'GUID: 920c7a6bcbdcb6c4f9efdc8e7b0d450c - Path: Assets/Scripts/Cards/DeckManager.cs - Importer: PreviewImporter' with importer (PreviewImporter)
Imported 'GUID: 920c7a6bcbdcb6c4f9efdc8e7b0d450c' -> (Import Result ID: '0e959202186f839f787fc46568b30f91') in 0.001 seconds [static and dynamic dependencies]. Details - ImportResultOutputID=fc7777b06659fa4a4eacb95880062344 DependenciesID=a6a1c836ca13d0977f834dc74b759901 StaticDependenciesID=5203a7d42f97d6c5497ace0405f497b6 
Number of updated asset objects reloaded before import = 0
Number of asset objects unloaded after import = 0
========================================================================
Received Import Request.
  Time of request: 2026-08-19T16:55:52.8090873Z
  Time since last request: 0.0006107 seconds.
  importAddress: GUID: 920c7a6bcbdcb6c4f9efdc8e7b0d450c - Path: Assets/Scripts/Cards/DeckManager.cs - Importer: PreviewImporter
Importing 'GUID: 920c7a6bcbdcb6c4f9efdc8e7b0d450c - Path: Assets/Scripts/Cards/DeckManager.cs - Importer: PreviewImporter' with importer (PreviewImporter)
Imported 'GUID: 920c7a6bcbdcb6c4f9efdc8e7b0d450c' -> (Import Result ID: '0e959202186f839f787fc46568b30f91') in 0.001 seconds [static and dynamic dependencies]. Details - ImportResultOutputID=fc7777b06659fa4a4eacb95880062344 DependenciesID=a6a1c836ca13d0977f834dc74b759901 StaticDependenciesID=5203a7d42f97d6c5497ace0405f497b6 
Number of updated asset objects reloaded before import = 0
Number of asset objects unloaded after import = 0
========================================================================
Received Import Request.
  Time of request: 2026-08-19T16:55:52.8438888Z
  Time since last request: 0.0036799 seconds.
  importAddress: GUID: 920c7a6bcbdcb6c4f9efdc8e7b0d450c - Path: Assets/Scripts/Cards/DeckManager.cs - Importer: PreviewImporter
Importing 'GUID: 920c7a6bcbdcb6c4f9efdc8e7b0d450c - Path: Assets/Scripts/Cards/DeckManager.cs - Importer: PreviewImporter' with importer (PreviewImporter)
Imported 'GUID: 920c7a6bcbdcb6c4f9efdc8e7b0d450c' -> (Import Result ID: '0e959202186f839f787fc46568b30f91') in 0.001 seconds [static and dynamic dependencies]. Details - ImportResultOutputID=fc7777b06659fa4a4eacb95880062344 DependenciesID=a6a1c836ca13d0977f834dc74b759901 StaticDependenciesID=5203a7d42f97d6c5497ace0405f497b6 
Number of updated asset objects reloaded before import = 0
Number of asset objects unloaded after import = 0
========================================================================
Received Import Request.
  Time of request: 2026-08-19T16:55:52.885722Z
  Time since last request: 0.0013992 seconds.
  importAddress: GUID: 920c7a6bcbdcb6c4f9efdc8e7b0d450c - Path: Assets/Scripts/Cards/DeckManager.cs - Importer: PreviewImporter
Importing 'GUID: 920c7a6bcbdcb6c4f9efdc8e7b0d450c - Path: Assets/Scripts/Cards/DeckManager.cs - Importer: PreviewImporter' with importer (PreviewImporter)
Imported 'GUID: 920c7a6bcbdcb6c4f9efdc8e7b0d450c' -> (Import Result ID: '0e959202186f839f787fc46568b30f91') in 0.001 seconds [static and dynamic dependencies]. Details - ImportResultOutputID=fc7777b06659fa4a4eacb95880062344 DependenciesID=a6a1c836ca13d0977f834dc74b759901 StaticDependenciesID=5203a7d42f97d6c5497ace0405f497b6 
Number of updated asset objects reloaded before import = 0
Number of asset objects unloaded after import = 0
========================================================================
Received Import Request.
  Time of request: 2026-08-19T16:55:52.9222287Z
  Time since last request: 0.0018728 seconds.
  importAddress: GUID: 920c7a6bcbdcb6c4f9efdc8e7b0d450c - Path: Assets/Scripts/Cards/DeckManager.cs - Importer: PreviewImporter
Importing 'GUID: 920c7a6bcbdcb6c4f9efdc8e7b0d450c - Path: Assets/Scripts/Cards/DeckManager.cs - Importer: PreviewImporter' with importer (PreviewImporter)
Imported 'GUID: 920c7a6bcbdcb6c4f9efdc8e7b0d450c' -> (Import Result ID: '0e959202186f839f787fc46568b30f91') in 0.001 seconds [static and dynamic dependencies]. Details - ImportResultOutputID=fc7777b06659fa4a4eacb95880062344 DependenciesID=a6a1c836ca13d0977f834dc74b759901 StaticDependenciesID=5203a7d42f97d6c5497ace0405f497b6 
Number of updated asset objects reloaded before import = 0
Number of asset objects unloaded after import = 0
========================================================================
Received Import Request.
  Time of request: 2026-08-19T16:55:52.9614962Z
  Time since last request: 0.0008255 seconds.
  importAddress: GUID: 920c7a6bcbdcb6c4f9efdc8e7b0d450c - Path: Assets/Scripts/Cards/DeckManager.cs - Importer: PreviewImporter
Importing 'GUID: 920c7a6bcbdcb6c4f9efdc8e7b0d450c - Path: Assets/Scripts/Cards/DeckManager.cs - Importer: PreviewImporter' with importer (PreviewImporter)
Imported 'GUID: 920c7a6bcbdcb6c4f9efdc8e7b0d450c' -> (Import Result ID: '0e959202186f839f787fc46568b30f91') in 0.001 seconds [static and dynamic dependencies]. Details - ImportResultOutputID=fc7777b06659fa4a4eacb95880062344 DependenciesID=a6a1c836ca13d0977f834dc74b759901 StaticDependenciesID=5203a7d42f97d6c5497ace0405f497b6 
Number of updated asset objects reloaded before import = 0
Number of asset objects unloaded after import = 0
========================================================================
Received Import Request.
  Time of request: 2026-08-19T16:55:53.0042797Z
  Time since last request: 0.0046694 seconds.
  importAddress: GUID: 920c7a6bcbdcb6c4f9efdc8e7b0d450c - Path: Assets/Scripts/Cards/DeckManager.cs - Importer: PreviewImporter
Importing 'GUID: 920c7a6bcbdcb6c4f9efdc8e7b0d450c - Path: Assets/Scripts/Cards/DeckManager.cs - Importer: PreviewImporter' with importer (PreviewImporter)
Imported 'GUID: 920c7a6bcbdcb6c4f9efdc8e7b0d450c' -> (Import Result ID: '0e959202186f839f787fc46568b30f91') in 0.001 seconds [static and dynamic dependencies]. Details - ImportResultOutputID=fc7777b06659fa4a4eacb95880062344 DependenciesID=a6a1c836ca13d0977f834dc74b759901 StaticDependenciesID=5203a7d42f97d6c5497ace0405f497b6 
Number of updated asset objects reloaded before import = 0
Number of asset objects unloaded after import = 0
========================================================================
Received Import Request.
  Time of request: 2026-08-19T16:55:53.0388948Z
  Time since last request: 0.0005945 seconds.
  importAddress: GUID: 920c7a6bcbdcb6c4f9efdc8e7b0d450c - Path: Assets/Scripts/Cards/DeckManager.cs - Importer: PreviewImporter
Importing 'GUID: 920c7a6bcbdcb6c4f9efdc8e7b0d450c - Path: Assets/Scripts/Cards/DeckManager.cs - Importer: PreviewImporter' with importer (PreviewImporter)
Imported 'GUID: 920c7a6bcbdcb6c4f9efdc8e7b0d450c' -> (Import Result ID: '0e959202186f839f787fc46568b30f91') in 0.001 seconds [static and dynamic dependencies]. Details - ImportResultOutputID=fc7777b06659fa4a4eacb95880062344 DependenciesID=a6a1c836ca13d0977f834dc74b759901 StaticDependenciesID=5203a7d42f97d6c5497ace0405f497b6 
Number of updated asset objects reloaded before import = 0
Number of asset objects unloaded after import = 0
========================================================================
Received Import Request.
  Time of request: 2026-08-19T16:55:53.0768416Z
  Time since last request: 0.0005715 seconds.
  importAddress: GUID: 920c7a6bcbdcb6c4f9efdc8e7b0d450c - Path: Assets/Scripts/Cards/DeckManager.cs - Importer: PreviewImporter
Importing 'GUID: 920c7a6bcbdcb6c4f9efdc8e7b0d450c - Path: Assets/Scripts/Cards/DeckManager.cs - Importer: PreviewImporter' with importer (PreviewImporter)
Imported 'GUID: 920c7a6bcbdcb6c4f9efdc8e7b0d450c' -> (Import Result ID: '0e959202186f839f787fc46568b30f91') in 0.001 seconds [static and dynamic dependencies]. Details - ImportResultOutputID=fc7777b06659fa4a4eacb95880062344 DependenciesID=a6a1c836ca13d0977f834dc74b759901 StaticDependenciesID=5203a7d42f97d6c5497ace0405f497b6 
Number of updated asset objects reloaded before import = 0
Number of asset objects unloaded after import = 0
========================================================================
Received Import Request.
  Time of request: 2026-08-19T16:55:53.1098373Z
  Time since last request: 0.0029404 seconds.
  importAddress: GUID: 920c7a6bcbdcb6c4f9efdc8e7b0d450c - Path: Assets/Scripts/Cards/DeckManager.cs - Importer: PreviewImporter
Importing 'GUID: 920c7a6bcbdcb6c4f9efdc8e7b0d450c - Path: Assets/Scripts/Cards/DeckManager.cs - Importer: PreviewImporter' with importer (PreviewImporter)
Imported 'GUID: 920c7a6bcbdcb6c4f9efdc8e7b0d450c' -> (Import Result ID: '0e959202186f839f787fc46568b30f91') in 0.001 seconds [static and dynamic dependencies]. Details - ImportResultOutputID=fc7777b06659fa4a4eacb95880062344 DependenciesID=a6a1c836ca13d0977f834dc74b759901 StaticDependenciesID=5203a7d42f97d6c5497ace0405f497b6 
Number of updated asset objects reloaded before import = 0
Number of asset objects unloaded after import = 0
========================================================================
Received Import Request.
  Time of request: 2026-08-19T16:55:53.1430342Z
  Time since last request: 0.00416 seconds.
  importAddress: GUID: 920c7a6bcbdcb6c4f9efdc8e7b0d450c - Path: Assets/Scripts/Cards/DeckManager.cs - Importer: PreviewImporter
Importing 'GUID: 920c7a6bcbdcb6c4f9efdc8e7b0d450c - Path: Assets/Scripts/Cards/DeckManager.cs - Importer: PreviewImporter' with importer (PreviewImporter)
Imported 'GUID: 920c7a6bcbdcb6c4f9efdc8e7b0d450c' -> (Import Result ID: '0e959202186f839f787fc46568b30f91') in 0.001 seconds [static and dynamic dependencies]. Details - ImportResultOutputID=fc7777b06659fa4a4eacb95880062344 DependenciesID=a6a1c836ca13d0977f834dc74b759901 StaticDependenciesID=5203a7d42f97d6c5497ace0405f497b6 
Number of updated asset objects reloaded before import = 0
Number of asset objects unloaded after import = 0
========================================================================
Received Import Request.
  Time of request: 2026-08-19T16:55:53.1930602Z
  Time since last request: 0.0013644 seconds.
  importAddress: GUID: 920c7a6bcbdcb6c4f9efdc8e7b0d450c - Path: Assets/Scripts/Cards/DeckManager.cs - Importer: PreviewImporter
Importing 'GUID: 920c7a6bcbdcb6c4f9efdc8e7b0d450c - Path: Assets/Scripts/Cards/DeckManager.cs - Importer: PreviewImporter' with importer (PreviewImporter)
Imported 'GUID: 920c7a6bcbdcb6c4f9efdc8e7b0d450c' -> (Import Result ID: '0e959202186f839f787fc46568b30f91') in 0.001 seconds [static and dynamic dependencies]. Details - ImportResultOutputID=fc7777b06659fa4a4eacb95880062344 DependenciesID=a6a1c836ca13d0977f834dc74b759901 StaticDependenciesID=5203a7d42f97d6c5497ace0405f497b6 
Number of updated asset objects reloaded before import = 0
Number of asset objects unloaded after import = 0
========================================================================
Received Import Request.
  Time of request: 2026-08-19T16:55:53.225014Z
  Time since last request: 0.0027119 seconds.
  importAddress: GUID: 920c7a6bcbdcb6c4f9efdc8e7b0d450c - Path: Assets/Scripts/Cards/DeckManager.cs - Importer: PreviewImporter
Importing 'GUID: 920c7a6bcbdcb6c4f9efdc8e7b0d450c - Path: Assets/Scripts/Cards/DeckManager.cs - Importer: PreviewImporter' with importer (PreviewImporter)
Imported 'GUID: 920c7a6bcbdcb6c4f9efdc8e7b0d450c' -> (Import Result ID: '0e959202186f839f787fc46568b30f91') in 0.001 seconds [static and dynamic dependencies]. Details - ImportResultOutputID=fc7777b06659fa4a4eacb95880062344 DependenciesID=a6a1c836ca13d0977f834dc74b759901 StaticDependenciesID=5203a7d42f97d6c5497ace0405f497b6 
Number of updated asset objects reloaded before import = 0
Number of asset objects unloaded after import = 0
========================================================================
Received Import Request.
  Time of request: 2026-08-19T16:55:53.2631029Z
  Time since last request: 0.0031459 seconds.
  importAddress: GUID: 920c7a6bcbdcb6c4f9efdc8e7b0d450c - Path: Assets/Scripts/Cards/DeckManager.cs - Importer: PreviewImporter
Importing 'GUID: 920c7a6bcbdcb6c4f9efdc8e7b0d450c - Path: Assets/Scripts/Cards/DeckManager.cs - Importer: PreviewImporter' with importer (PreviewImporter)
Imported 'GUID: 920c7a6bcbdcb6c4f9efdc8e7b0d450c' -> (Import Result ID: '0e959202186f839f787fc46568b30f91') in 0.001 seconds [static and dynamic dependencies]. Details - ImportResultOutputID=fc7777b06659fa4a4eacb95880062344 DependenciesID=a6a1c836ca13d0977f834dc74b759901 StaticDependenciesID=5203a7d42f97d6c5497ace0405f497b6 
Number of updated asset objects reloaded before import = 0
Number of asset objects unloaded after import = 0
========================================================================
Received Import Request.
  Time of request: 2026-08-19T16:55:53.3031187Z
  Time since last request: 0.0018227 seconds.
  importAddress: GUID: 920c7a6bcbdcb6c4f9efdc8e7b0d450c - Path: Assets/Scripts/Cards/DeckManager.cs - Importer: PreviewImporter
Importing 'GUID: 920c7a6bcbdcb6c4f9efdc8e7b0d450c - Path: Assets/Scripts/Cards/DeckManager.cs - Importer: PreviewImporter' with importer (PreviewImporter)
Imported 'GUID: 920c7a6bcbdcb6c4f9efdc8e7b0d450c' -> (Import Result ID: '0e959202186f839f787fc46568b30f91') in 0.001 seconds [static and dynamic dependencies]. Details - ImportResultOutputID=fc7777b06659fa4a4eacb95880062344 DependenciesID=a6a1c836ca13d0977f834dc74b759901 StaticDependenciesID=5203a7d42f97d6c5497ace0405f497b6 
Number of updated asset objects reloaded before import = 0
Number of asset objects unloaded after import = 0
========================================================================
Received Import Request.
  Time of request: 2026-08-19T16:55:53.3429423Z
  Time since last request: 0.0007223 seconds.
  importAddress: GUID: 920c7a6bcbdcb6c4f9efdc8e7b0d450c - Path: Assets/Scripts/Cards/DeckManager.cs - Importer: PreviewImporter
Importing 'GUID: 920c7a6bcbdcb6c4f9efdc8e7b0d450c - Path: Assets/Scripts/Cards/DeckManager.cs - Importer: PreviewImporter' with importer (PreviewImporter)
Imported 'GUID: 920c7a6bcbdcb6c4f9efdc8e7b0d450c' -> (Import Result ID: '0e959202186f839f787fc46568b30f91') in 0.001 seconds [static and dynamic dependencies]. Details - ImportResultOutputID=fc7777b06659fa4a4eacb95880062344 DependenciesID=a6a1c836ca13d0977f834dc74b759901 StaticDependenciesID=5203a7d42f97d6c5497ace0405f497b6 
Number of updated asset objects reloaded before import = 0
Number of asset objects unloaded after import = 0
========================================================================
Received Import Request.
  Time of request: 2026-08-19T16:55:53.376437Z
  Time since last request: 0.0028346 seconds.
  importAddress: GUID: 920c7a6bcbdcb6c4f9efdc8e7b0d450c - Path: Assets/Scripts/Cards/DeckManager.cs - Importer: PreviewImporter
Importing 'GUID: 920c7a6bcbdcb6c4f9efdc8e7b0d450c - Path: Assets/Scripts/Cards/DeckManager.cs - Importer: PreviewImporter' with importer (PreviewImporter)
Imported 'GUID: 920c7a6bcbdcb6c4f9efdc8e7b0d450c' -> (Import Result ID: '0e959202186f839f787fc46568b30f91') in 0.001 seconds [static and dynamic dependencies]. Details - ImportResultOutputID=fc7777b06659fa4a4eacb95880062344 DependenciesID=a6a1c836ca13d0977f834dc74b759901 StaticDependenciesID=5203a7d42f97d6c5497ace0405f497b6 
Number of updated asset objects reloaded before import = 0
Number of asset objects unloaded after import = 0
========================================================================
Received Import Request.
  Time of request: 2026-08-19T16:55:53.4122295Z
  Time since last request: 0.0026363 seconds.
  importAddress: GUID: 920c7a6bcbdcb6c4f9efdc8e7b0d450c - Path: Assets/Scripts/Cards/DeckManager.cs - Importer: PreviewImporter
Importing 'GUID: 920c7a6bcbdcb6c4f9efdc8e7b0d450c - Path: Assets/Scripts/Cards/DeckManager.cs - Importer: PreviewImporter' with importer (PreviewImporter)
Imported 'GUID: 920c7a6bcbdcb6c4f9efdc8e7b0d450c' -> (Import Result ID: '0e959202186f839f787fc46568b30f91') in 0.001 seconds [static and dynamic dependencies]. Details - ImportResultOutputID=fc7777b06659fa4a4eacb95880062344 DependenciesID=a6a1c836ca13d0977f834dc74b759901 StaticDependenciesID=5203a7d42f97d6c5497ace0405f497b6 
Number of updated asset objects reloaded before import = 0
Number of asset objects unloaded after import = 0
========================================================================
Received Import Request.
  Time of request: 2026-08-19T16:55:53.453182Z
  Time since last request: 0.0053775 seconds.
  importAddress: GUID: 920c7a6bcbdcb6c4f9efdc8e7b0d450c - Path: Assets/Scripts/Cards/DeckManager.cs - Importer: PreviewImporter
Importing 'GUID: 920c7a6bcbdcb6c4f9efdc8e7b0d450c - Path: Assets/Scripts/Cards/DeckManager.cs - Importer: PreviewImporter' with importer (PreviewImporter)
Imported 'GUID: 920c7a6bcbdcb6c4f9efdc8e7b0d450c' -> (Import Result ID: '0e959202186f839f787fc46568b30f91') in 0.001 seconds [static and dynamic dependencies]. Details - ImportResultOutputID=fc7777b06659fa4a4eacb95880062344 DependenciesID=a6a1c836ca13d0977f834dc74b759901 StaticDependenciesID=5203a7d42f97d6c5497ace0405f497b6 
Number of updated asset objects reloaded before import = 0
Number of asset objects unloaded after import = 0
========================================================================
Received Import Request.
  Time of request: 2026-08-19T16:55:53.4902431Z
  Time since last request: 0.0033055 seconds.
  importAddress: GUID: 920c7a6bcbdcb6c4f9efdc8e7b0d450c - Path: Assets/Scripts/Cards/DeckManager.cs - Importer: PreviewImporter
Importing 'GUID: 920c7a6bcbdcb6c4f9efdc8e7b0d450c - Path: Assets/Scripts/Cards/DeckManager.cs - Importer: PreviewImporter' with importer (PreviewImporter)
Imported 'GUID: 920c7a6bcbdcb6c4f9efdc8e7b0d450c' -> (Import Result ID: '0e959202186f839f787fc46568b30f91') in 0.001 seconds [static and dynamic dependencies]. Details - ImportResultOutputID=fc7777b06659fa4a4eacb95880062344 DependenciesID=a6a1c836ca13d0977f834dc74b759901 StaticDependenciesID=5203a7d42f97d6c5497ace0405f497b6 
Number of updated asset objects reloaded before import = 0
Number of asset objects unloaded after import = 0
========================================================================
Received Import Request.
  Time of request: 2026-08-19T16:55:53.5304026Z
  Time since last request: 0.0052893 seconds.
  importAddress: GUID: 920c7a6bcbdcb6c4f9efdc8e7b0d450c - Path: Assets/Scripts/Cards/DeckManager.cs - Importer: PreviewImporter
Importing 'GUID: 920c7a6bcbdcb6c4f9efdc8e7b0d450c - Path: Assets/Scripts/Cards/DeckManager.cs - Importer: PreviewImporter' with importer (PreviewImporter)
Imported 'GUID: 920c7a6bcbdcb6c4f9efdc8e7b0d450c' -> (Import Result ID: '0e959202186f839f787fc46568b30f91') in 0.001 seconds [static and dynamic dependencies]. Details - ImportResultOutputID=fc7777b06659fa4a4eacb95880062344 DependenciesID=a6a1c836ca13d0977f834dc74b759901 StaticDependenciesID=5203a7d42f97d6c5497ace0405f497b6 
Number of updated asset objects reloaded before import = 0
Number of asset objects unloaded after import = 0
========================================================================
Received Import Request.
  Time of request: 2026-08-19T16:55:53.5640098Z
  Time since last request: 0.004574 seconds.
  importAddress: GUID: 920c7a6bcbdcb6c4f9efdc8e7b0d450c - Path: Assets/Scripts/Cards/DeckManager.cs - Importer: PreviewImporter
Importing 'GUID: 920c7a6bcbdcb6c4f9efdc8e7b0d450c - Path: Assets/Scripts/Cards/DeckManager.cs - Importer: PreviewImporter' with importer (PreviewImporter)
Imported 'GUID: 920c7a6bcbdcb6c4f9efdc8e7b0d450c' -> (Import Result ID: '0e959202186f839f787fc46568b30f91') in 0.001 seconds [static and dynamic dependencies]. Details - ImportResultOutputID=fc7777b06659fa4a4eacb95880062344 DependenciesID=a6a1c836ca13d0977f834dc74b759901 StaticDependenciesID=5203a7d42f97d6c5497ace0405f497b6 
Number of updated asset objects reloaded before import = 0
Number of asset objects unloaded after import = 0
========================================================================
Received Import Request.
  Time of request: 2026-08-19T16:55:53.5978479Z
  Time since last request: 0.0056214 seconds.
  importAddress: GUID: 920c7a6bcbdcb6c4f9efdc8e7b0d450c - Path: Assets/Scripts/Cards/DeckManager.cs - Importer: PreviewImporter
Importing 'GUID: 920c7a6bcbdcb6c4f9efdc8e7b0d450c - Path: Assets/Scripts/Cards/DeckManager.cs - Importer: PreviewImporter' with importer (PreviewImporter)
Imported 'GUID: 920c7a6bcbdcb6c4f9efdc8e7b0d450c' -> (Import Result ID: '0e959202186f839f787fc46568b30f91') in 0.001 seconds [static and dynamic dependencies]. Details - ImportResultOutputID=fc7777b06659fa4a4eacb95880062344 DependenciesID=a6a1c836ca13d0977f834dc74b759901 StaticDependenciesID=5203a7d42f97d6c5497ace0405f497b6 
Number of updated asset objects reloaded before import = 0
Number of asset objects unloaded after import = 0
========================================================================
Received Import Request.
  Time of request: 2026-08-19T16:55:53.634511Z
  Time since last request: 0.0034866 seconds.
  importAddress: GUID: 920c7a6bcbdcb6c4f9efdc8e7b0d450c - Path: Assets/Scripts/Cards/DeckManager.cs - Importer: PreviewImporter
Importing 'GUID: 920c7a6bcbdcb6c4f9efdc8e7b0d450c - Path: Assets/Scripts/Cards/DeckManager.cs - Importer: PreviewImporter' with importer (PreviewImporter)
Imported 'GUID: 920c7a6bcbdcb6c4f9efdc8e7b0d450c' -> (Import Result ID: '0e959202186f839f787fc46568b30f91') in 0.001 seconds [static and dynamic dependencies]. Details - ImportResultOutputID=fc7777b06659fa4a4eacb95880062344 DependenciesID=a6a1c836ca13d0977f834dc74b759901 StaticDependenciesID=5203a7d42f97d6c5497ace0405f497b6 
Number of updated asset objects reloaded before import = 0
Number of asset objects unloaded after import = 0
========================================================================
Received Import Request.
  Time of request: 2026-08-19T16:55:53.6685145Z
  Time since last request: 0.0006422 seconds.
  importAddress: GUID: 920c7a6bcbdcb6c4f9efdc8e7b0d450c - Path: Assets/Scripts/Cards/DeckManager.cs - Importer: PreviewImporter
Importing 'GUID: 920c7a6bcbdcb6c4f9efdc8e7b0d450c - Path: Assets/Scripts/Cards/DeckManager.cs - Importer: PreviewImporter' with importer (PreviewImporter)
Imported 'GUID: 920c7a6bcbdcb6c4f9efdc8e7b0d450c' -> (Import Result ID: '0e959202186f839f787fc46568b30f91') in 0.002 seconds [static and dynamic dependencies]. Details - ImportResultOutputID=fc7777b06659fa4a4eacb95880062344 DependenciesID=a6a1c836ca13d0977f834dc74b759901 StaticDependenciesID=5203a7d42f97d6c5497ace0405f497b6 
Number of updated asset objects reloaded before import = 0
Number of asset objects unloaded after import = 0
========================================================================
Received Import Request.
  Time of request: 2026-08-19T16:55:53.7008393Z
  Time since last request: 0.001844 seconds.
  importAddress: GUID: 920c7a6bcbdcb6c4f9efdc8e7b0d450c - Path: Assets/Scripts/Cards/DeckManager.cs - Importer: PreviewImporter
Importing 'GUID: 920c7a6bcbdcb6c4f9efdc8e7b0d450c - Path: Assets/Scripts/Cards/DeckManager.cs - Importer: PreviewImporter' with importer (PreviewImporter)
Imported 'GUID: 920c7a6bcbdcb6c4f9efdc8e7b0d450c' -> (Import Result ID: '0e959202186f839f787fc46568b30f91') in 0.001 seconds [static and dynamic dependencies]. Details - ImportResultOutputID=fc7777b06659fa4a4eacb95880062344 DependenciesID=a6a1c836ca13d0977f834dc74b759901 StaticDependenciesID=5203a7d42f97d6c5497ace0405f497b6 
Number of updated asset objects reloaded before import = 0
Number of asset objects unloaded after import = 0
========================================================================
Received Import Request.
  Time of request: 2026-08-19T16:55:53.7367252Z
  Time since last request: 0.0043007 seconds.
  importAddress: GUID: 920c7a6bcbdcb6c4f9efdc8e7b0d450c - Path: Assets/Scripts/Cards/DeckManager.cs - Importer: PreviewImporter
Importing 'GUID: 920c7a6bcbdcb6c4f9efdc8e7b0d450c - Path: Assets/Scripts/Cards/DeckManager.cs - Importer: PreviewImporter' with importer (PreviewImporter)
Imported 'GUID: 920c7a6bcbdcb6c4f9efdc8e7b0d450c' -> (Import Result ID: '0e959202186f839f787fc46568b30f91') in 0.001 seconds [static and dynamic dependencies]. Details - ImportResultOutputID=fc7777b06659fa4a4eacb95880062344 DependenciesID=a6a1c836ca13d0977f834dc74b759901 StaticDependenciesID=5203a7d42f97d6c5497ace0405f497b6 
Number of updated asset objects reloaded before import = 0
Number of asset objects unloaded after import = 0
========================================================================
Received Import Request.
  Time of request: 2026-08-19T16:55:53.7704126Z
  Time since last request: 0.0014878 seconds.
  importAddress: GUID: 920c7a6bcbdcb6c4f9efdc8e7b0d450c - Path: Assets/Scripts/Cards/DeckManager.cs - Importer: PreviewImporter
Importing 'GUID: 920c7a6bcbdcb6c4f9efdc8e7b0d450c - Path: Assets/Scripts/Cards/DeckManager.cs - Importer: PreviewImporter' with importer (PreviewImporter)
Imported 'GUID: 920c7a6bcbdcb6c4f9efdc8e7b0d450c' -> (Import Result ID: '0e959202186f839f787fc46568b30f91') in 0.001 seconds [static and dynamic dependencies]. Details - ImportResultOutputID=fc7777b06659fa4a4eacb95880062344 DependenciesID=a6a1c836ca13d0977f834dc74b759901 StaticDependenciesID=5203a7d42f97d6c5497ace0405f497b6 
Number of updated asset objects reloaded before import = 0
Number of asset objects unloaded after import = 0
========================================================================
Received Import Request.
  Time of request: 2026-08-19T16:55:53.8040201Z
  Time since last request: 0.0029733 seconds.
  importAddress: GUID: 920c7a6bcbdcb6c4f9efdc8e7b0d450c - Path: Assets/Scripts/Cards/DeckManager.cs - Importer: PreviewImporter
Importing 'GUID: 920c7a6bcbdcb6c4f9efdc8e7b0d450c - Path: Assets/Scripts/Cards/DeckManager.cs - Importer: PreviewImporter' with importer (PreviewImporter)
Imported 'GUID: 920c7a6bcbdcb6c4f9efdc8e7b0d450c' -> (Import Result ID: '0e959202186f839f787fc46568b30f91') in 0.001 seconds [static and dynamic dependencies]. Details - ImportResultOutputID=fc7777b06659fa4a4eacb95880062344 DependenciesID=a6a1c836ca13d0977f834dc74b759901 StaticDependenciesID=5203a7d42f97d6c5497ace0405f497b6 
Number of updated asset objects reloaded before import = 0
Number of asset objects unloaded after import = 0
========================================================================
Received Import Request.
  Time of request: 2026-08-19T16:55:53.8486837Z
  Time since last request: 0.0056148 seconds.
  importAddress: GUID: 920c7a6bcbdcb6c4f9efdc8e7b0d450c - Path: Assets/Scripts/Cards/DeckManager.cs - Importer: PreviewImporter
Importing 'GUID: 920c7a6bcbdcb6c4f9efdc8e7b0d450c - Path: Assets/Scripts/Cards/DeckManager.cs - Importer: PreviewImporter' with importer (PreviewImporter)
Imported 'GUID: 920c7a6bcbdcb6c4f9efdc8e7b0d450c' -> (Import Result ID: '0e959202186f839f787fc46568b30f91') in 0.001 seconds [static and dynamic dependencies]. Details - ImportResultOutputID=fc7777b06659fa4a4eacb95880062344 DependenciesID=a6a1c836ca13d0977f834dc74b759901 StaticDependenciesID=5203a7d42f97d6c5497ace0405f497b6 
Number of updated asset objects reloaded before import = 0
Number of asset objects unloaded after import = 0
========================================================================
Received Import Request.
  Time of request: 2026-08-19T16:55:53.8856103Z
  Time since last request: 0.0043631 seconds.
  importAddress: GUID: 920c7a6bcbdcb6c4f9efdc8e7b0d450c - Path: Assets/Scripts/Cards/DeckManager.cs - Importer: PreviewImporter
Importing 'GUID: 920c7a6bcbdcb6c4f9efdc8e7b0d450c - Path: Assets/Scripts/Cards/DeckManager.cs - Importer: PreviewImporter' with importer (PreviewImporter)
Imported 'GUID: 920c7a6bcbdcb6c4f9efdc8e7b0d450c' -> (Import Result ID: '0e959202186f839f787fc46568b30f91') in 0.001 seconds [static and dynamic dependencies]. Details - ImportResultOutputID=fc7777b06659fa4a4eacb95880062344 DependenciesID=a6a1c836ca13d0977f834dc74b759901 StaticDependenciesID=5203a7d42f97d6c5497ace0405f497b6 
Number of updated asset objects reloaded before import = 0
Number of asset objects unloaded after import = 0
========================================================================
Received Import Request.
  Time of request: 2026-08-19T16:55:53.9233117Z
  Time since last request: 0.0013923 seconds.
  importAddress: GUID: 920c7a6bcbdcb6c4f9efdc8e7b0d450c - Path: Assets/Scripts/Cards/DeckManager.cs - Importer: PreviewImporter
Importing 'GUID: 920c7a6bcbdcb6c4f9efdc8e7b0d450c - Path: Assets/Scripts/Cards/DeckManager.cs - Importer: PreviewImporter' with importer (PreviewImporter)
Imported 'GUID: 920c7a6bcbdcb6c4f9efdc8e7b0d450c' -> (Import Result ID: '0e959202186f839f787fc46568b30f91') in 0.001 seconds [static and dynamic dependencies]. Details - ImportResultOutputID=fc7777b06659fa4a4eacb95880062344 DependenciesID=a6a1c836ca13d0977f834dc74b759901 StaticDependenciesID=5203a7d42f97d6c5497ace0405f497b6 
Number of updated asset objects reloaded before import = 0
Number of asset objects unloaded after import = 0
========================================================================
Received Import Request.
  Time of request: 2026-08-19T16:55:53.9591935Z
  Time since last request: 0.0008516 seconds.
  importAddress: GUID: 920c7a6bcbdcb6c4f9efdc8e7b0d450c - Path: Assets/Scripts/Cards/DeckManager.cs - Importer: PreviewImporter
Importing 'GUID: 920c7a6bcbdcb6c4f9efdc8e7b0d450c - Path: Assets/Scripts/Cards/DeckManager.cs - Importer: PreviewImporter' with importer (PreviewImporter)
Imported 'GUID: 920c7a6bcbdcb6c4f9efdc8e7b0d450c' -> (Import Result ID: '0e959202186f839f787fc46568b30f91') in 0.001 seconds [static and dynamic dependencies]. Details - ImportResultOutputID=fc7777b06659fa4a4eacb95880062344 DependenciesID=a6a1c836ca13d0977f834dc74b759901 StaticDependenciesID=5203a7d42f97d6c5497ace0405f497b6 
Number of updated asset objects reloaded before import = 0
Number of asset objects unloaded after import = 0
========================================================================
Received Import Request.
  Time of request: 2026-08-19T16:55:53.9918157Z
  Time since last request: 0.0007996 seconds.
  importAddress: GUID: 920c7a6bcbdcb6c4f9efdc8e7b0d450c - Path: Assets/Scripts/Cards/DeckManager.cs - Importer: PreviewImporter
Importing 'GUID: 920c7a6bcbdcb6c4f9efdc8e7b0d450c - Path: Assets/Scripts/Cards/DeckManager.cs - Importer: PreviewImporter' with importer (PreviewImporter)
Imported 'GUID: 920c7a6bcbdcb6c4f9efdc8e7b0d450c' -> (Import Result ID: '0e959202186f839f787fc46568b30f91') in 0.001 seconds [static and dynamic dependencies]. Details - ImportResultOutputID=fc7777b06659fa4a4eacb95880062344 DependenciesID=a6a1c836ca13d0977f834dc74b759901 StaticDependenciesID=5203a7d42f97d6c5497ace0405f497b6 
Number of updated asset objects reloaded before import = 0
Number of asset objects unloaded after import = 0
========================================================================
Received Import Request.
  Time of request: 2026-08-19T16:55:54.0304272Z
  Time since last request: 0.0058344 seconds.
  importAddress: GUID: 920c7a6bcbdcb6c4f9efdc8e7b0d450c - Path: Assets/Scripts/Cards/DeckManager.cs - Importer: PreviewImporter
Importing 'GUID: 920c7a6bcbdcb6c4f9efdc8e7b0d450c - Path: Assets/Scripts/Cards/DeckManager.cs - Importer: PreviewImporter' with importer (PreviewImporter)
Imported 'GUID: 920c7a6bcbdcb6c4f9efdc8e7b0d450c' -> (Import Result ID: '0e959202186f839f787fc46568b30f91') in 0.001 seconds [static and dynamic dependencies]. Details - ImportResultOutputID=fc7777b06659fa4a4eacb95880062344 DependenciesID=a6a1c836ca13d0977f834dc74b759901 StaticDependenciesID=5203a7d42f97d6c5497ace0405f497b6 
Number of updated asset objects reloaded before import = 0
Number of asset objects unloaded after import = 0
========================================================================
Received Import Request.
  Time of request: 2026-08-19T16:55:54.0685975Z
  Time since last request: 0.0010243 seconds.
  importAddress: GUID: 920c7a6bcbdcb6c4f9efdc8e7b0d450c - Path: Assets/Scripts/Cards/DeckManager.cs - Importer: PreviewImporter
Importing 'GUID: 920c7a6bcbdcb6c4f9efdc8e7b0d450c - Path: Assets/Scripts/Cards/DeckManager.cs - Importer: PreviewImporter' with importer (PreviewImporter)
Imported 'GUID: 920c7a6bcbdcb6c4f9efdc8e7b0d450c' -> (Import Result ID: '0e959202186f839f787fc46568b30f91') in 0.001 seconds [static and dynamic dependencies]. Details - ImportResultOutputID=fc7777b06659fa4a4eacb95880062344 DependenciesID=a6a1c836ca13d0977f834dc74b759901 StaticDependenciesID=5203a7d42f97d6c5497ace0405f497b6 
Number of updated asset objects reloaded before import = 0
Number of asset objects unloaded after import = 0
========================================================================
Received Import Request.
  Time of request: 2026-08-19T16:55:54.1035674Z
  Time since last request: 0.0031608 seconds.
  importAddress: GUID: 920c7a6bcbdcb6c4f9efdc8e7b0d450c - Path: Assets/Scripts/Cards/DeckManager.cs - Importer: PreviewImporter
Importing 'GUID: 920c7a6bcbdcb6c4f9efdc8e7b0d450c - Path: Assets/Scripts/Cards/DeckManager.cs - Importer: PreviewImporter' with importer (PreviewImporter)
Imported 'GUID: 920c7a6bcbdcb6c4f9efdc8e7b0d450c' -> (Import Result ID: '0e959202186f839f787fc46568b30f91') in 0.001 seconds [static and dynamic dependencies]. Details - ImportResultOutputID=fc7777b06659fa4a4eacb95880062344 DependenciesID=a6a1c836ca13d0977f834dc74b759901 StaticDependenciesID=5203a7d42f97d6c5497ace0405f497b6 
Number of updated asset objects reloaded before import = 0
Number of asset objects unloaded after import = 0
========================================================================
Received Import Request.
  Time of request: 2026-08-19T16:55:54.1374223Z
  Time since last request: 0.0020806 seconds.
  importAddress: GUID: 920c7a6bcbdcb6c4f9efdc8e7b0d450c - Path: Assets/Scripts/Cards/DeckManager.cs - Importer: PreviewImporter
Importing 'GUID: 920c7a6bcbdcb6c4f9efdc8e7b0d450c - Path: Assets/Scripts/Cards/DeckManager.cs - Importer: PreviewImporter' with importer (PreviewImporter)
Imported 'GUID: 920c7a6bcbdcb6c4f9efdc8e7b0d450c' -> (Import Result ID: '0e959202186f839f787fc46568b30f91') in 0.001 seconds [static and dynamic dependencies]. Details - ImportResultOutputID=fc7777b06659fa4a4eacb95880062344 DependenciesID=a6a1c836ca13d0977f834dc74b759901 StaticDependenciesID=5203a7d42f97d6c5497ace0405f497b6 
Number of updated asset objects reloaded before import = 0
Number of asset objects unloaded after import = 0
========================================================================
Received Import Request.
  Time of request: 2026-08-19T16:55:54.1831184Z
  Time since last request: 0.0053271 seconds.
  importAddress: GUID: 920c7a6bcbdcb6c4f9efdc8e7b0d450c - Path: Assets/Scripts/Cards/DeckManager.cs - Importer: PreviewImporter
Importing 'GUID: 920c7a6bcbdcb6c4f9efdc8e7b0d450c - Path: Assets/Scripts/Cards/DeckManager.cs - Importer: PreviewImporter' with importer (PreviewImporter)
Imported 'GUID: 920c7a6bcbdcb6c4f9efdc8e7b0d450c' -> (Import Result ID: '0e959202186f839f787fc46568b30f91') in 0.001 seconds [static and dynamic dependencies]. Details - ImportResultOutputID=fc7777b06659fa4a4eacb95880062344 DependenciesID=a6a1c836ca13d0977f834dc74b759901 StaticDependenciesID=5203a7d42f97d6c5497ace0405f497b6 
Number of updated asset objects reloaded before import = 0
Number of asset objects unloaded after import = 0
========================================================================
Received Import Request.
  Time of request: 2026-08-19T16:55:54.2262206Z
  Time since last request: 0.0049098 seconds.
  importAddress: GUID: 920c7a6bcbdcb6c4f9efdc8e7b0d450c - Path: Assets/Scripts/Cards/DeckManager.cs - Importer: PreviewImporter
Importing 'GUID: 920c7a6bcbdcb6c4f9efdc8e7b0d450c - Path: Assets/Scripts/Cards/DeckManager.cs - Importer: PreviewImporter' with importer (PreviewImporter)
Imported 'GUID: 920c7a6bcbdcb6c4f9efdc8e7b0d450c' -> (Import Result ID: '0e959202186f839f787fc46568b30f91') in 0.001 seconds [static and dynamic dependencies]. Details - ImportResultOutputID=fc7777b06659fa4a4eacb95880062344 DependenciesID=a6a1c836ca13d0977f834dc74b759901 StaticDependenciesID=5203a7d42f97d6c5497ace0405f497b6 
Number of updated asset objects reloaded before import = 0
Number of asset objects unloaded after import = 0
========================================================================
Received Import Request.
  Time of request: 2026-08-19T16:55:54.2629875Z
  Time since last request: 0.0039219 seconds.
  importAddress: GUID: 920c7a6bcbdcb6c4f9efdc8e7b0d450c - Path: Assets/Scripts/Cards/DeckManager.cs - Importer: PreviewImporter
Importing 'GUID: 920c7a6bcbdcb6c4f9efdc8e7b0d450c - Path: Assets/Scripts/Cards/DeckManager.cs - Importer: PreviewImporter' with importer (PreviewImporter)
Imported 'GUID: 920c7a6bcbdcb6c4f9efdc8e7b0d450c' -> (Import Result ID: '0e959202186f839f787fc46568b30f91') in 0.001 seconds [static and dynamic dependencies]. Details - ImportResultOutputID=fc7777b06659fa4a4eacb95880062344 DependenciesID=a6a1c836ca13d0977f834dc74b759901 StaticDependenciesID=5203a7d42f97d6c5497ace0405f497b6 
Number of updated asset objects reloaded before import = 0
Number of asset objects unloaded after import = 0
========================================================================
Received Import Request.
  Time of request: 2026-08-19T16:55:54.2990371Z
  Time since last request: 0.0019484 seconds.
  importAddress: GUID: 920c7a6bcbdcb6c4f9efdc8e7b0d450c - Path: Assets/Scripts/Cards/DeckManager.cs - Importer: PreviewImporter
Importing 'GUID: 920c7a6bcbdcb6c4f9efdc8e7b0d450c - Path: Assets/Scripts/Cards/DeckManager.cs - Importer: PreviewImporter' with importer (PreviewImporter)
Imported 'GUID: 920c7a6bcbdcb6c4f9efdc8e7b0d450c' -> (Import Result ID: '0e959202186f839f787fc46568b30f91') in 0.001 seconds [static and dynamic dependencies]. Details - ImportResultOutputID=fc7777b06659fa4a4eacb95880062344 DependenciesID=a6a1c836ca13d0977f834dc74b759901 StaticDependenciesID=5203a7d42f97d6c5497ace0405f497b6 
Number of updated asset objects reloaded before import = 0
Number of asset objects unloaded after import = 0
========================================================================
Received Import Request.
  Time of request: 2026-08-19T16:55:54.3357183Z
  Time since last request: 0.0033316 seconds.
  importAddress: GUID: 920c7a6bcbdcb6c4f9efdc8e7b0d450c - Path: Assets/Scripts/Cards/DeckManager.cs - Importer: PreviewImporter
Importing 'GUID: 920c7a6bcbdcb6c4f9efdc8e7b0d450c - Path: Assets/Scripts/Cards/DeckManager.cs - Importer: PreviewImporter' with importer (PreviewImporter)
Imported 'GUID: 920c7a6bcbdcb6c4f9efdc8e7b0d450c' -> (Import Result ID: '0e959202186f839f787fc46568b30f91') in 0.001 seconds [static and dynamic dependencies]. Details - ImportResultOutputID=fc7777b06659fa4a4eacb95880062344 DependenciesID=a6a1c836ca13d0977f834dc74b759901 StaticDependenciesID=5203a7d42f97d6c5497ace0405f497b6 
Number of updated asset objects reloaded before import = 0
Number of asset objects unloaded after import = 0
========================================================================
Received Import Request.
  Time of request: 2026-08-19T16:55:54.3672954Z
  Time since last request: 0.0023847 seconds.
  importAddress: GUID: 920c7a6bcbdcb6c4f9efdc8e7b0d450c - Path: Assets/Scripts/Cards/DeckManager.cs - Importer: PreviewImporter
Importing 'GUID: 920c7a6bcbdcb6c4f9efdc8e7b0d450c - Path: Assets/Scripts/Cards/DeckManager.cs - Importer: PreviewImporter' with importer (PreviewImporter)
Imported 'GUID: 920c7a6bcbdcb6c4f9efdc8e7b0d450c' -> (Import Result ID: '0e959202186f839f787fc46568b30f91') in 0.001 seconds [static and dynamic dependencies]. Details - ImportResultOutputID=fc7777b06659fa4a4eacb95880062344 DependenciesID=a6a1c836ca13d0977f834dc74b759901 StaticDependenciesID=5203a7d42f97d6c5497ace0405f497b6 
Number of updated asset objects reloaded before import = 0
Number of asset objects unloaded after import = 0
========================================================================
Received Import Request.
  Time of request: 2026-08-19T16:55:54.4021652Z
  Time since last request: 0.0016766 seconds.
  importAddress: GUID: 920c7a6bcbdcb6c4f9efdc8e7b0d450c - Path: Assets/Scripts/Cards/DeckManager.cs - Importer: PreviewImporter
Importing 'GUID: 920c7a6bcbdcb6c4f9efdc8e7b0d450c - Path: Assets/Scripts/Cards/DeckManager.cs - Importer: PreviewImporter' with importer (PreviewImporter)
Imported 'GUID: 920c7a6bcbdcb6c4f9efdc8e7b0d450c' -> (Import Result ID: '0e959202186f839f787fc46568b30f91') in 0.001 seconds [static and dynamic dependencies]. Details - ImportResultOutputID=fc7777b06659fa4a4eacb95880062344 DependenciesID=a6a1c836ca13d0977f834dc74b759901 StaticDependenciesID=5203a7d42f97d6c5497ace0405f497b6 
Number of updated asset objects reloaded before import = 0
Number of asset objects unloaded after import = 0
========================================================================
Received Import Request.
  Time of request: 2026-08-19T16:55:54.4370194Z
  Time since last request: 0.0047295 seconds.
  importAddress: GUID: 920c7a6bcbdcb6c4f9efdc8e7b0d450c - Path: Assets/Scripts/Cards/DeckManager.cs - Importer: PreviewImporter
Importing 'GUID: 920c7a6bcbdcb6c4f9efdc8e7b0d450c - Path: Assets/Scripts/Cards/DeckManager.cs - Importer: PreviewImporter' with importer (PreviewImporter)
Imported 'GUID: 920c7a6bcbdcb6c4f9efdc8e7b0d450c' -> (Import Result ID: '0e959202186f839f787fc46568b30f91') in 0.001 seconds [static and dynamic dependencies]. Details - ImportResultOutputID=fc7777b06659fa4a4eacb95880062344 DependenciesID=a6a1c836ca13d0977f834dc74b759901 StaticDependenciesID=5203a7d42f97d6c5497ace0405f497b6 
Number of updated asset objects reloaded before import = 0
Number of asset objects unloaded after import = 0
========================================================================
Received Import Request.
  Time of request: 2026-08-19T16:55:54.4708056Z
  Time since last request: 0.0021964 seconds.
  importAddress: GUID: 920c7a6bcbdcb6c4f9efdc8e7b0d450c - Path: Assets/Scripts/Cards/DeckManager.cs - Importer: PreviewImporter
Importing 'GUID: 920c7a6bcbdcb6c4f9efdc8e7b0d450c - Path: Assets/Scripts/Cards/DeckManager.cs - Importer: PreviewImporter' with importer (PreviewImporter)
Imported 'GUID: 920c7a6bcbdcb6c4f9efdc8e7b0d450c' -> (Import Result ID: '0e959202186f839f787fc46568b30f91') in 0.001 seconds [static and dynamic dependencies]. Details - ImportResultOutputID=fc7777b06659fa4a4eacb95880062344 DependenciesID=a6a1c836ca13d0977f834dc74b759901 StaticDependenciesID=5203a7d42f97d6c5497ace0405f497b6 
Number of updated asset objects reloaded before import = 0
Number of asset objects unloaded after import = 0
========================================================================
Received Import Request.
  Time of request: 2026-08-19T16:55:54.5092583Z
  Time since last request: 0.0024832 seconds.
  importAddress: GUID: 920c7a6bcbdcb6c4f9efdc8e7b0d450c - Path: Assets/Scripts/Cards/DeckManager.cs - Importer: PreviewImporter
Importing 'GUID: 920c7a6bcbdcb6c4f9efdc8e7b0d450c - Path: Assets/Scripts/Cards/DeckManager.cs - Importer: PreviewImporter' with importer (PreviewImporter)
Imported 'GUID: 920c7a6bcbdcb6c4f9efdc8e7b0d450c' -> (Import Result ID: '0e959202186f839f787fc46568b30f91') in 0.001 seconds [static and dynamic dependencies]. Details - ImportResultOutputID=fc7777b06659fa4a4eacb95880062344 DependenciesID=a6a1c836ca13d0977f834dc74b759901 StaticDependenciesID=5203a7d42f97d6c5497ace0405f497b6 
Number of updated asset objects reloaded before import = 0
Number of asset objects unloaded after import = 0
========================================================================
Received Import Request.
  Time of request: 2026-08-19T16:55:54.5503501Z
  Time since last request: 0.0054 seconds.
  importAddress: GUID: 920c7a6bcbdcb6c4f9efdc8e7b0d450c - Path: Assets/Scripts/Cards/DeckManager.cs - Importer: PreviewImporter
Importing 'GUID: 920c7a6bcbdcb6c4f9efdc8e7b0d450c - Path: Assets/Scripts/Cards/DeckManager.cs - Importer: PreviewImporter' with importer (PreviewImporter)
Imported 'GUID: 920c7a6bcbdcb6c4f9efdc8e7b0d450c' -> (Import Result ID: '0e959202186f839f787fc46568b30f91') in 0.001 seconds [static and dynamic dependencies]. Details - ImportResultOutputID=fc7777b06659fa4a4eacb95880062344 DependenciesID=a6a1c836ca13d0977f834dc74b759901 StaticDependenciesID=5203a7d42f97d6c5497ace0405f497b6 
Number of updated asset objects reloaded before import = 0
Number of asset objects unloaded after import = 0
========================================================================
Received Import Request.
  Time of request: 2026-08-19T16:55:54.5943805Z
  Time since last request: 0.0063876 seconds.
  importAddress: GUID: 920c7a6bcbdcb6c4f9efdc8e7b0d450c - Path: Assets/Scripts/Cards/DeckManager.cs - Importer: PreviewImporter
Importing 'GUID: 920c7a6bcbdcb6c4f9efdc8e7b0d450c - Path: Assets/Scripts/Cards/DeckManager.cs - Importer: PreviewImporter' with importer (PreviewImporter)
Imported 'GUID: 920c7a6bcbdcb6c4f9efdc8e7b0d450c' -> (Import Result ID: '0e959202186f839f787fc46568b30f91') in 0.001 seconds [static and dynamic dependencies]. Details - ImportResultOutputID=fc7777b06659fa4a4eacb95880062344 DependenciesID=a6a1c836ca13d0977f834dc74b759901 StaticDependenciesID=5203a7d42f97d6c5497ace0405f497b6 
Number of updated asset objects reloaded before import = 0
Number of asset objects unloaded after import = 0
========================================================================
Received Import Request.
  Time of request: 2026-08-19T16:55:54.6310802Z
  Time since last request: 0.0033481 seconds.
  importAddress: GUID: 920c7a6bcbdcb6c4f9efdc8e7b0d450c - Path: Assets/Scripts/Cards/DeckManager.cs - Importer: PreviewImporter
Importing 'GUID: 920c7a6bcbdcb6c4f9efdc8e7b0d450c - Path: Assets/Scripts/Cards/DeckManager.cs - Importer: PreviewImporter' with importer (PreviewImporter)
Imported 'GUID: 920c7a6bcbdcb6c4f9efdc8e7b0d450c' -> (Import Result ID: '0e959202186f839f787fc46568b30f91') in 0.001 seconds [static and dynamic dependencies]. Details - ImportResultOutputID=fc7777b06659fa4a4eacb95880062344 DependenciesID=a6a1c836ca13d0977f834dc74b759901 StaticDependenciesID=5203a7d42f97d6c5497ace0405f497b6 
Number of updated asset objects reloaded before import = 0
Number of asset objects unloaded after import = 0
========================================================================
Received Import Request.
  Time of request: 2026-08-19T16:55:54.6729123Z
  Time since last request: 0.0057716 seconds.
  importAddress: GUID: 920c7a6bcbdcb6c4f9efdc8e7b0d450c - Path: Assets/Scripts/Cards/DeckManager.cs - Importer: PreviewImporter
Importing 'GUID: 920c7a6bcbdcb6c4f9efdc8e7b0d450c - Path: Assets/Scripts/Cards/DeckManager.cs - Importer: PreviewImporter' with importer (PreviewImporter)
Imported 'GUID: 920c7a6bcbdcb6c4f9efdc8e7b0d450c' -> (Import Result ID: '0e959202186f839f787fc46568b30f91') in 0.001 seconds [static and dynamic dependencies]. Details - ImportResultOutputID=fc7777b06659fa4a4eacb95880062344 DependenciesID=a6a1c836ca13d0977f834dc74b759901 StaticDependenciesID=5203a7d42f97d6c5497ace0405f497b6 
Number of updated asset objects reloaded before import = 0
Number of asset objects unloaded after import = 0
========================================================================
Received Import Request.
  Time of request: 2026-08-19T16:55:54.7067525Z
  Time since last request: 0.0012842 seconds.
  importAddress: GUID: 920c7a6bcbdcb6c4f9efdc8e7b0d450c - Path: Assets/Scripts/Cards/DeckManager.cs - Importer: PreviewImporter
Importing 'GUID: 920c7a6bcbdcb6c4f9efdc8e7b0d450c - Path: Assets/Scripts/Cards/DeckManager.cs - Importer: PreviewImporter' with importer (PreviewImporter)
Imported 'GUID: 920c7a6bcbdcb6c4f9efdc8e7b0d450c' -> (Import Result ID: '0e959202186f839f787fc46568b30f91') in 0.001 seconds [static and dynamic dependencies]. Details - ImportResultOutputID=fc7777b06659fa4a4eacb95880062344 DependenciesID=a6a1c836ca13d0977f834dc74b759901 StaticDependenciesID=5203a7d42f97d6c5497ace0405f497b6 
Number of updated asset objects reloaded before import = 0
Number of asset objects unloaded after import = 0
========================================================================
Received Import Request.
  Time of request: 2026-08-19T16:55:54.7401214Z
  Time since last request: 0.0007219 seconds.
  importAddress: GUID: 920c7a6bcbdcb6c4f9efdc8e7b0d450c - Path: Assets/Scripts/Cards/DeckManager.cs - Importer: PreviewImporter
Importing 'GUID: 920c7a6bcbdcb6c4f9efdc8e7b0d450c - Path: Assets/Scripts/Cards/DeckManager.cs - Importer: PreviewImporter' with importer (PreviewImporter)
Imported 'GUID: 920c7a6bcbdcb6c4f9efdc8e7b0d450c' -> (Import Result ID: '0e959202186f839f787fc46568b30f91') in 0.001 seconds [static and dynamic dependencies]. Details - ImportResultOutputID=fc7777b06659fa4a4eacb95880062344 DependenciesID=a6a1c836ca13d0977f834dc74b759901 StaticDependenciesID=5203a7d42f97d6c5497ace0405f497b6 
Number of updated asset objects reloaded before import = 0
Number of asset objects unloaded after import = 0
========================================================================
Received Import Request.
  Time of request: 2026-08-19T16:55:54.7735381Z
  Time since last request: 0.0022081 seconds.
  importAddress: GUID: 920c7a6bcbdcb6c4f9efdc8e7b0d450c - Path: Assets/Scripts/Cards/DeckManager.cs - Importer: PreviewImporter
Importing 'GUID: 920c7a6bcbdcb6c4f9efdc8e7b0d450c - Path: Assets/Scripts/Cards/DeckManager.cs - Importer: PreviewImporter' with importer (PreviewImporter)
Imported 'GUID: 920c7a6bcbdcb6c4f9efdc8e7b0d450c' -> (Import Result ID: '0e959202186f839f787fc46568b30f91') in 0.001 seconds [static and dynamic dependencies]. Details - ImportResultOutputID=fc7777b06659fa4a4eacb95880062344 DependenciesID=a6a1c836ca13d0977f834dc74b759901 StaticDependenciesID=5203a7d42f97d6c5497ace0405f497b6 
Number of updated asset objects reloaded before import = 0
Number of asset objects unloaded after import = 0
========================================================================
Received Import Request.
  Time of request: 2026-08-19T16:55:54.8072918Z
  Time since last request: 0.0033983 seconds.
  importAddress: GUID: 920c7a6bcbdcb6c4f9efdc8e7b0d450c - Path: Assets/Scripts/Cards/DeckManager.cs - Importer: PreviewImporter
Importing 'GUID: 920c7a6bcbdcb6c4f9efdc8e7b0d450c - Path: Assets/Scripts/Cards/DeckManager.cs - Importer: PreviewImporter' with importer (PreviewImporter)
Imported 'GUID: 920c7a6bcbdcb6c4f9efdc8e7b0d450c' -> (Import Result ID: '0e959202186f839f787fc46568b30f91') in 0.001 seconds [static and dynamic dependencies]. Details - ImportResultOutputID=fc7777b06659fa4a4eacb95880062344 DependenciesID=a6a1c836ca13d0977f834dc74b759901 StaticDependenciesID=5203a7d42f97d6c5497ace0405f497b6 
Number of updated asset objects reloaded before import = 0
Number of asset objects unloaded after import = 0
========================================================================
Received Import Request.
  Time of request: 2026-08-19T16:55:54.8441601Z
  Time since last request: 0.0030462 seconds.
  importAddress: GUID: 920c7a6bcbdcb6c4f9efdc8e7b0d450c - Path: Assets/Scripts/Cards/DeckManager.cs - Importer: PreviewImporter
Importing 'GUID: 920c7a6bcbdcb6c4f9efdc8e7b0d450c - Path: Assets/Scripts/Cards/DeckManager.cs - Importer: PreviewImporter' with importer (PreviewImporter)
Imported 'GUID: 920c7a6bcbdcb6c4f9efdc8e7b0d450c' -> (Import Result ID: '0e959202186f839f787fc46568b30f91') in 0.001 seconds [static and dynamic dependencies]. Details - ImportResultOutputID=fc7777b06659fa4a4eacb95880062344 DependenciesID=a6a1c836ca13d0977f834dc74b759901 StaticDependenciesID=5203a7d42f97d6c5497ace0405f497b6 
Number of updated asset objects reloaded before import = 0
Number of asset objects unloaded after import = 0
========================================================================
Received Import Request.
  Time of request: 2026-08-19T16:55:54.8768472Z
  Time since last request: 0.0036072 seconds.
  importAddress: GUID: 920c7a6bcbdcb6c4f9efdc8e7b0d450c - Path: Assets/Scripts/Cards/DeckManager.cs - Importer: PreviewImporter
Importing 'GUID: 920c7a6bcbdcb6c4f9efdc8e7b0d450c - Path: Assets/Scripts/Cards/DeckManager.cs - Importer: PreviewImporter' with importer (PreviewImporter)
Imported 'GUID: 920c7a6bcbdcb6c4f9efdc8e7b0d450c' -> (Import Result ID: '0e959202186f839f787fc46568b30f91') in 0.001 seconds [static and dynamic dependencies]. Details - ImportResultOutputID=fc7777b06659fa4a4eacb95880062344 DependenciesID=a6a1c836ca13d0977f834dc74b759901 StaticDependenciesID=5203a7d42f97d6c5497ace0405f497b6 
Number of updated asset objects reloaded before import = 0
Number of asset objects unloaded after import = 0
========================================================================
Received Import Request.
  Time of request: 2026-08-19T16:55:54.9122596Z
  Time since last request: 0.0019918 seconds.
  importAddress: GUID: 920c7a6bcbdcb6c4f9efdc8e7b0d450c - Path: Assets/Scripts/Cards/DeckManager.cs - Importer: PreviewImporter
Importing 'GUID: 920c7a6bcbdcb6c4f9efdc8e7b0d450c - Path: Assets/Scripts/Cards/DeckManager.cs - Importer: PreviewImporter' with importer (PreviewImporter)
Imported 'GUID: 920c7a6bcbdcb6c4f9efdc8e7b0d450c' -> (Import Result ID: '0e959202186f839f787fc46568b30f91') in 0.001 seconds [static and dynamic dependencies]. Details - ImportResultOutputID=fc7777b06659fa4a4eacb95880062344 DependenciesID=a6a1c836ca13d0977f834dc74b759901 StaticDependenciesID=5203a7d42f97d6c5497ace0405f497b6 
Number of updated asset objects reloaded before import = 0
Number of asset objects unloaded after import = 0
========================================================================
Received Import Request.
  Time of request: 2026-08-19T16:55:54.9419011Z
  Time since last request: 0.0009109 seconds.
  importAddress: GUID: 920c7a6bcbdcb6c4f9efdc8e7b0d450c - Path: Assets/Scripts/Cards/DeckManager.cs - Importer: PreviewImporter
Importing 'GUID: 920c7a6bcbdcb6c4f9efdc8e7b0d450c - Path: Assets/Scripts/Cards/DeckManager.cs - Importer: PreviewImporter' with importer (PreviewImporter)
Imported 'GUID: 920c7a6bcbdcb6c4f9efdc8e7b0d450c' -> (Import Result ID: '0e959202186f839f787fc46568b30f91') in 0.001 seconds [static and dynamic dependencies]. Details - ImportResultOutputID=fc7777b06659fa4a4eacb95880062344 DependenciesID=a6a1c836ca13d0977f834dc74b759901 StaticDependenciesID=5203a7d42f97d6c5497ace0405f497b6 
Number of updated asset objects reloaded before import = 0
Number of asset objects unloaded after import = 0
========================================================================
Received Import Request.
  Time of request: 2026-08-19T16:55:54.9748409Z
  Time since last request: 0.0006925 seconds.
  importAddress: GUID: 920c7a6bcbdcb6c4f9efdc8e7b0d450c - Path: Assets/Scripts/Cards/DeckManager.cs - Importer: PreviewImporter
Importing 'GUID: 920c7a6bcbdcb6c4f9efdc8e7b0d450c - Path: Assets/Scripts/Cards/DeckManager.cs - Importer: PreviewImporter' with importer (PreviewImporter)
Imported 'GUID: 920c7a6bcbdcb6c4f9efdc8e7b0d450c' -> (Import Result ID: '0e959202186f839f787fc46568b30f91') in 0.001 seconds [static and dynamic dependencies]. Details - ImportResultOutputID=fc7777b06659fa4a4eacb95880062344 DependenciesID=a6a1c836ca13d0977f834dc74b759901 StaticDependenciesID=5203a7d42f97d6c5497ace0405f497b6 
Number of updated asset objects reloaded before import = 0
Number of asset objects unloaded after import = 0
========================================================================
Received Import Request.
  Time of request: 2026-08-19T16:55:55.0092334Z
  Time since last request: 0.0045438 seconds.
  importAddress: GUID: 920c7a6bcbdcb6c4f9efdc8e7b0d450c - Path: Assets/Scripts/Cards/DeckManager.cs - Importer: PreviewImporter
Importing 'GUID: 920c7a6bcbdcb6c4f9efdc8e7b0d450c - Path: Assets/Scripts/Cards/DeckManager.cs - Importer: PreviewImporter' with importer (PreviewImporter)
Imported 'GUID: 920c7a6bcbdcb6c4f9efdc8e7b0d450c' -> (Import Result ID: '0e959202186f839f787fc46568b30f91') in 0.001 seconds [static and dynamic dependencies]. Details - ImportResultOutputID=fc7777b06659fa4a4eacb95880062344 DependenciesID=a6a1c836ca13d0977f834dc74b759901 StaticDependenciesID=5203a7d42f97d6c5497ace0405f497b6 
Number of updated asset objects reloaded before import = 0
Number of asset objects unloaded after import = 0
========================================================================
Received Import Request.
  Time of request: 2026-08-19T16:55:55.0525935Z
  Time since last request: 0.0053765 seconds.
  importAddress: GUID: 920c7a6bcbdcb6c4f9efdc8e7b0d450c - Path: Assets/Scripts/Cards/DeckManager.cs - Importer: PreviewImporter
Importing 'GUID: 920c7a6bcbdcb6c4f9efdc8e7b0d450c - Path: Assets/Scripts/Cards/DeckManager.cs - Importer: PreviewImporter' with importer (PreviewImporter)
Imported 'GUID: 920c7a6bcbdcb6c4f9efdc8e7b0d450c' -> (Import Result ID: '0e959202186f839f787fc46568b30f91') in 0.001 seconds [static and dynamic dependencies]. Details - ImportResultOutputID=fc7777b06659fa4a4eacb95880062344 DependenciesID=a6a1c836ca13d0977f834dc74b759901 StaticDependenciesID=5203a7d42f97d6c5497ace0405f497b6 
Number of updated asset objects reloaded before import = 0
Number of asset objects unloaded after import = 0
========================================================================
Received Import Request.
  Time of request: 2026-08-19T16:55:55.0836641Z
  Time since last request: 0.0036367 seconds.
  importAddress: GUID: 920c7a6bcbdcb6c4f9efdc8e7b0d450c - Path: Assets/Scripts/Cards/DeckManager.cs - Importer: PreviewImporter
Importing 'GUID: 920c7a6bcbdcb6c4f9efdc8e7b0d450c - Path: Assets/Scripts/Cards/DeckManager.cs - Importer: PreviewImporter' with importer (PreviewImporter)
Imported 'GUID: 920c7a6bcbdcb6c4f9efdc8e7b0d450c' -> (Import Result ID: '0e959202186f839f787fc46568b30f91') in 0.001 seconds [static and dynamic dependencies]. Details - ImportResultOutputID=fc7777b06659fa4a4eacb95880062344 DependenciesID=a6a1c836ca13d0977f834dc74b759901 StaticDependenciesID=5203a7d42f97d6c5497ace0405f497b6 
Number of updated asset objects reloaded before import = 0
Number of asset objects unloaded after import = 0
========================================================================
Received Import Request.
  Time of request: 2026-08-19T16:55:55.1205188Z
  Time since last request: 0.0020408 seconds.
  importAddress: GUID: 920c7a6bcbdcb6c4f9efdc8e7b0d450c - Path: Assets/Scripts/Cards/DeckManager.cs - Importer: PreviewImporter
Importing 'GUID: 920c7a6bcbdcb6c4f9efdc8e7b0d450c - Path: Assets/Scripts/Cards/DeckManager.cs - Importer: PreviewImporter' with importer (PreviewImporter)
Imported 'GUID: 920c7a6bcbdcb6c4f9efdc8e7b0d450c' -> (Import Result ID: '0e959202186f839f787fc46568b30f91') in 0.001 seconds [static and dynamic dependencies]. Details - ImportResultOutputID=fc7777b06659fa4a4eacb95880062344 DependenciesID=a6a1c836ca13d0977f834dc74b759901 StaticDependenciesID=5203a7d42f97d6c5497ace0405f497b6 
Number of updated asset objects reloaded before import = 0
Number of asset objects unloaded after import = 0
========================================================================
Received Import Request.
  Time of request: 2026-08-19T16:55:55.1533434Z
  Time since last request: 0.0011279 seconds.
  importAddress: GUID: 920c7a6bcbdcb6c4f9efdc8e7b0d450c - Path: Assets/Scripts/Cards/DeckManager.cs - Importer: PreviewImporter
Importing 'GUID: 920c7a6bcbdcb6c4f9efdc8e7b0d450c - Path: Assets/Scripts/Cards/DeckManager.cs - Importer: PreviewImporter' with importer (PreviewImporter)
Imported 'GUID: 920c7a6bcbdcb6c4f9efdc8e7b0d450c' -> (Import Result ID: '0e959202186f839f787fc46568b30f91') in 0.001 seconds [static and dynamic dependencies]. Details - ImportResultOutputID=fc7777b06659fa4a4eacb95880062344 DependenciesID=a6a1c836ca13d0977f834dc74b759901 StaticDependenciesID=5203a7d42f97d6c5497ace0405f497b6 
Number of updated asset objects reloaded before import = 0
Number of asset objects unloaded after import = 0
========================================================================
Received Import Request.
  Time of request: 2026-08-19T16:55:55.1974278Z
  Time since last request: 0.005817 seconds.
  importAddress: GUID: 920c7a6bcbdcb6c4f9efdc8e7b0d450c - Path: Assets/Scripts/Cards/DeckManager.cs - Importer: PreviewImporter
Importing 'GUID: 920c7a6bcbdcb6c4f9efdc8e7b0d450c - Path: Assets/Scripts/Cards/DeckManager.cs - Importer: PreviewImporter' with importer (PreviewImporter)
Imported 'GUID: 920c7a6bcbdcb6c4f9efdc8e7b0d450c' -> (Import Result ID: '0e959202186f839f787fc46568b30f91') in 0.001 seconds [static and dynamic dependencies]. Details - ImportResultOutputID=fc7777b06659fa4a4eacb95880062344 DependenciesID=a6a1c836ca13d0977f834dc74b759901 StaticDependenciesID=5203a7d42f97d6c5497ace0405f497b6 
Number of updated asset objects reloaded before import = 0
Number of asset objects unloaded after import = 0
========================================================================
Received Import Request.
  Time of request: 2026-08-19T16:55:55.2307399Z
  Time since last request: 0.0026546 seconds.
  importAddress: GUID: 920c7a6bcbdcb6c4f9efdc8e7b0d450c - Path: Assets/Scripts/Cards/DeckManager.cs - Importer: PreviewImporter
Importing 'GUID: 920c7a6bcbdcb6c4f9efdc8e7b0d450c - Path: Assets/Scripts/Cards/DeckManager.cs - Importer: PreviewImporter' with importer (PreviewImporter)
Imported 'GUID: 920c7a6bcbdcb6c4f9efdc8e7b0d450c' -> (Import Result ID: '0e959202186f839f787fc46568b30f91') in 0.001 seconds [static and dynamic dependencies]. Details - ImportResultOutputID=fc7777b06659fa4a4eacb95880062344 DependenciesID=a6a1c836ca13d0977f834dc74b759901 StaticDependenciesID=5203a7d42f97d6c5497ace0405f497b6 
Number of updated asset objects reloaded before import = 0
Number of asset objects unloaded after import = 0
========================================================================
Received Import Request.
  Time of request: 2026-08-19T16:55:55.2633672Z
  Time since last request: 0.0005086 seconds.
  importAddress: GUID: 920c7a6bcbdcb6c4f9efdc8e7b0d450c - Path: Assets/Scripts/Cards/DeckManager.cs - Importer: PreviewImporter
Importing 'GUID: 920c7a6bcbdcb6c4f9efdc8e7b0d450c - Path: Assets/Scripts/Cards/DeckManager.cs - Importer: PreviewImporter' with importer (PreviewImporter)
Imported 'GUID: 920c7a6bcbdcb6c4f9efdc8e7b0d450c' -> (Import Result ID: '0e959202186f839f787fc46568b30f91') in 0.001 seconds [static and dynamic dependencies]. Details - ImportResultOutputID=fc7777b06659fa4a4eacb95880062344 DependenciesID=a6a1c836ca13d0977f834dc74b759901 StaticDependenciesID=5203a7d42f97d6c5497ace0405f497b6 
Number of updated asset objects reloaded before import = 0
Number of asset objects unloaded after import = 0
========================================================================
Received Import Request.
  Time of request: 2026-08-19T16:55:55.2985622Z
  Time since last request: 0.0006015 seconds.
  importAddress: GUID: 920c7a6bcbdcb6c4f9efdc8e7b0d450c - Path: Assets/Scripts/Cards/DeckManager.cs - Importer: PreviewImporter
Importing 'GUID: 920c7a6bcbdcb6c4f9efdc8e7b0d450c - Path: Assets/Scripts/Cards/DeckManager.cs - Importer: PreviewImporter' with importer (PreviewImporter)
Imported 'GUID: 920c7a6bcbdcb6c4f9efdc8e7b0d450c' -> (Import Result ID: '0e959202186f839f787fc46568b30f91') in 0.001 seconds [static and dynamic dependencies]. Details - ImportResultOutputID=fc7777b06659fa4a4eacb95880062344 DependenciesID=a6a1c836ca13d0977f834dc74b759901 StaticDependenciesID=5203a7d42f97d6c5497ace0405f497b6 
Number of updated asset objects reloaded before import = 0
Number of asset objects unloaded after import = 0
========================================================================
Received Import Request.
  Time of request: 2026-08-19T16:55:55.3281617Z
  Time since last request: 0.0010814 seconds.
  importAddress: GUID: 920c7a6bcbdcb6c4f9efdc8e7b0d450c - Path: Assets/Scripts/Cards/DeckManager.cs - Importer: PreviewImporter
Importing 'GUID: 920c7a6bcbdcb6c4f9efdc8e7b0d450c - Path: Assets/Scripts/Cards/DeckManager.cs - Importer: PreviewImporter' with importer (PreviewImporter)
Imported 'GUID: 920c7a6bcbdcb6c4f9efdc8e7b0d450c' -> (Import Result ID: '0e959202186f839f787fc46568b30f91') in 0.001 seconds [static and dynamic dependencies]. Details - ImportResultOutputID=fc7777b06659fa4a4eacb95880062344 DependenciesID=a6a1c836ca13d0977f834dc74b759901 StaticDependenciesID=5203a7d42f97d6c5497ace0405f497b6 
Number of updated asset objects reloaded before import = 0
Number of asset objects unloaded after import = 0
========================================================================
Received Import Request.
  Time of request: 2026-08-19T16:55:55.3602183Z
  Time since last request: 0.0031556 seconds.
  importAddress: GUID: 920c7a6bcbdcb6c4f9efdc8e7b0d450c - Path: Assets/Scripts/Cards/DeckManager.cs - Importer: PreviewImporter
Importing 'GUID: 920c7a6bcbdcb6c4f9efdc8e7b0d450c - Path: Assets/Scripts/Cards/DeckManager.cs - Importer: PreviewImporter' with importer (PreviewImporter)
Imported 'GUID: 920c7a6bcbdcb6c4f9efdc8e7b0d450c' -> (Import Result ID: '0e959202186f839f787fc46568b30f91') in 0.001 seconds [static and dynamic dependencies]. Details - ImportResultOutputID=fc7777b06659fa4a4eacb95880062344 DependenciesID=a6a1c836ca13d0977f834dc74b759901 StaticDependenciesID=5203a7d42f97d6c5497ace0405f497b6 
Number of updated asset objects reloaded before import = 0
Number of asset objects unloaded after import = 0
========================================================================
Received Import Request.
  Time of request: 2026-08-19T16:55:55.3950941Z
  Time since last request: 0.0066676 seconds.
  importAddress: GUID: 920c7a6bcbdcb6c4f9efdc8e7b0d450c - Path: Assets/Scripts/Cards/DeckManager.cs - Importer: PreviewImporter
Importing 'GUID: 920c7a6bcbdcb6c4f9efdc8e7b0d450c - Path: Assets/Scripts/Cards/DeckManager.cs - Importer: PreviewImporter' with importer (PreviewImporter)
Imported 'GUID: 920c7a6bcbdcb6c4f9efdc8e7b0d450c' -> (Import Result ID: '0e959202186f839f787fc46568b30f91') in 0.001 seconds [static and dynamic dependencies]. Details - ImportResultOutputID=fc7777b06659fa4a4eacb95880062344 DependenciesID=a6a1c836ca13d0977f834dc74b759901 StaticDependenciesID=5203a7d42f97d6c5497ace0405f497b6 
Number of updated asset objects reloaded before import = 0
Number of asset objects unloaded after import = 0
========================================================================
Received Import Request.
  Time of request: 2026-08-19T16:55:55.4376787Z
  Time since last request: 0.0038955 seconds.
  importAddress: GUID: 920c7a6bcbdcb6c4f9efdc8e7b0d450c - Path: Assets/Scripts/Cards/DeckManager.cs - Importer: PreviewImporter
Importing 'GUID: 920c7a6bcbdcb6c4f9efdc8e7b0d450c - Path: Assets/Scripts/Cards/DeckManager.cs - Importer: PreviewImporter' with importer (PreviewImporter)
Imported 'GUID: 920c7a6bcbdcb6c4f9efdc8e7b0d450c' -> (Import Result ID: '0e959202186f839f787fc46568b30f91') in 0.001 seconds [static and dynamic dependencies]. Details - ImportResultOutputID=fc7777b06659fa4a4eacb95880062344 DependenciesID=a6a1c836ca13d0977f834dc74b759901 StaticDependenciesID=5203a7d42f97d6c5497ace0405f497b6 
Number of updated asset objects reloaded before import = 0
Number of asset objects unloaded after import = 0
========================================================================
Received Import Request.
  Time of request: 2026-08-19T16:55:55.4722818Z
  Time since last request: 0.0007701 seconds.
  importAddress: GUID: 920c7a6bcbdcb6c4f9efdc8e7b0d450c - Path: Assets/Scripts/Cards/DeckManager.cs - Importer: PreviewImporter
Importing 'GUID: 920c7a6bcbdcb6c4f9efdc8e7b0d450c - Path: Assets/Scripts/Cards/DeckManager.cs - Importer: PreviewImporter' with importer (PreviewImporter)
Imported 'GUID: 920c7a6bcbdcb6c4f9efdc8e7b0d450c' -> (Import Result ID: '0e959202186f839f787fc46568b30f91') in 0.001 seconds [static and dynamic dependencies]. Details - ImportResultOutputID=fc7777b06659fa4a4eacb95880062344 DependenciesID=a6a1c836ca13d0977f834dc74b759901 StaticDependenciesID=5203a7d42f97d6c5497ace0405f497b6 
Number of updated asset objects reloaded before import = 0
Number of asset objects unloaded after import = 0
========================================================================
Received Import Request.
  Time of request: 2026-08-19T16:55:55.498335Z
  Time since last request: 0.0004801 seconds.
  importAddress: GUID: 920c7a6bcbdcb6c4f9efdc8e7b0d450c - Path: Assets/Scripts/Cards/DeckManager.cs - Importer: PreviewImporter
Importing 'GUID: 920c7a6bcbdcb6c4f9efdc8e7b0d450c - Path: Assets/Scripts/Cards/DeckManager.cs - Importer: PreviewImporter' with importer (PreviewImporter)
Imported 'GUID: 920c7a6bcbdcb6c4f9efdc8e7b0d450c' -> (Import Result ID: '0e959202186f839f787fc46568b30f91') in 0.001 seconds [static and dynamic dependencies]. Details - ImportResultOutputID=fc7777b06659fa4a4eacb95880062344 DependenciesID=a6a1c836ca13d0977f834dc74b759901 StaticDependenciesID=5203a7d42f97d6c5497ace0405f497b6 
Number of updated asset objects reloaded before import = 0
Number of asset objects unloaded after import = 0
========================================================================
Received Import Request.
  Time of request: 2026-08-19T16:55:55.7300158Z
  Time since last request: 0.1931175 seconds.
  importAddress: GUID: 920c7a6bcbdcb6c4f9efdc8e7b0d450c - Path: Assets/Scripts/Cards/DeckManager.cs - Importer: PreviewImporter
Importing 'GUID: 920c7a6bcbdcb6c4f9efdc8e7b0d450c - Path: Assets/Scripts/Cards/DeckManager.cs - Importer: PreviewImporter' with importer (PreviewImporter)
Imported 'GUID: 920c7a6bcbdcb6c4f9efdc8e7b0d450c' -> (Import Result ID: '0e959202186f839f787fc46568b30f91') in 0.001 seconds [static and dynamic dependencies]. Details - ImportResultOutputID=fc7777b06659fa4a4eacb95880062344 DependenciesID=a6a1c836ca13d0977f834dc74b759901 StaticDependenciesID=5203a7d42f97d6c5497ace0405f497b6 
Number of updated asset objects reloaded before import = 0
Number of asset objects unloaded after import = 0
========================================================================
Received Import Request.
  Time of request: 2026-08-19T16:55:55.7798231Z
  Time since last request: 0.0113358 seconds.
  importAddress: GUID: 920c7a6bcbdcb6c4f9efdc8e7b0d450c - Path: Assets/Scripts/Cards/DeckManager.cs - Importer: PreviewImporter
Importing 'GUID: 920c7a6bcbdcb6c4f9efdc8e7b0d450c - Path: Assets/Scripts/Cards/DeckManager.cs - Importer: PreviewImporter' with importer (PreviewImporter)
Imported 'GUID: 920c7a6bcbdcb6c4f9efdc8e7b0d450c' -> (Import Result ID: '0e959202186f839f787fc46568b30f91') in 0.001 seconds [static and dynamic dependencies]. Details - ImportResultOutputID=fc7777b06659fa4a4eacb95880062344 DependenciesID=a6a1c836ca13d0977f834dc74b759901 StaticDependenciesID=5203a7d42f97d6c5497ace0405f497b6 
Number of updated asset objects reloaded before import = 0
Number of asset objects unloaded after import = 0
========================================================================
Received Import Request.
  Time of request: 2026-08-19T16:55:55.81642Z
  Time since last request: 0.00595 seconds.
  importAddress: GUID: 920c7a6bcbdcb6c4f9efdc8e7b0d450c - Path: Assets/Scripts/Cards/DeckManager.cs - Importer: PreviewImporter
Importing 'GUID: 920c7a6bcbdcb6c4f9efdc8e7b0d450c - Path: Assets/Scripts/Cards/DeckManager.cs - Importer: PreviewImporter' with importer (PreviewImporter)
Imported 'GUID: 920c7a6bcbdcb6c4f9efdc8e7b0d450c' -> (Import Result ID: '0e959202186f839f787fc46568b30f91') in 0.001 seconds [static and dynamic dependencies]. Details - ImportResultOutputID=fc7777b06659fa4a4eacb95880062344 DependenciesID=a6a1c836ca13d0977f834dc74b759901 StaticDependenciesID=5203a7d42f97d6c5497ace0405f497b6 
Number of updated asset objects reloaded before import = 0
Number of asset objects unloaded after import = 0
========================================================================
Received Import Request.
  Time of request: 2026-08-19T16:55:55.8562073Z
  Time since last request: 0.0136706 seconds.
  importAddress: GUID: 920c7a6bcbdcb6c4f9efdc8e7b0d450c - Path: Assets/Scripts/Cards/DeckManager.cs - Importer: PreviewImporter
Importing 'GUID: 920c7a6bcbdcb6c4f9efdc8e7b0d450c - Path: Assets/Scripts/Cards/DeckManager.cs - Importer: PreviewImporter' with importer (PreviewImporter)
Imported 'GUID: 920c7a6bcbdcb6c4f9efdc8e7b0d450c' -> (Import Result ID: '0e959202186f839f787fc46568b30f91') in 0.001 seconds [static and dynamic dependencies]. Details - ImportResultOutputID=fc7777b06659fa4a4eacb95880062344 DependenciesID=a6a1c836ca13d0977f834dc74b759901 StaticDependenciesID=5203a7d42f97d6c5497ace0405f497b6 
Number of updated asset objects reloaded before import = 0
Number of asset objects unloaded after import = 0
========================================================================
Received Import Request.
  Time of request: 2026-08-19T16:55:55.8927482Z
  Time since last request: 0.0008143 seconds.
  importAddress: GUID: 920c7a6bcbdcb6c4f9efdc8e7b0d450c - Path: Assets/Scripts/Cards/DeckManager.cs - Importer: PreviewImporter
Importing 'GUID: 920c7a6bcbdcb6c4f9efdc8e7b0d450c - Path: Assets/Scripts/Cards/DeckManager.cs - Importer: PreviewImporter' with importer (PreviewImporter)
Imported 'GUID: 920c7a6bcbdcb6c4f9efdc8e7b0d450c' -> (Import Result ID: '0e959202186f839f787fc46568b30f91') in 0.001 seconds [static and dynamic dependencies]. Details - ImportResultOutputID=fc7777b06659fa4a4eacb95880062344 DependenciesID=a6a1c836ca13d0977f834dc74b759901 StaticDependenciesID=5203a7d42f97d6c5497ace0405f497b6 
Number of updated asset objects reloaded before import = 0
Number of asset objects unloaded after import = 0
========================================================================
Received Import Request.
  Time of request: 2026-08-19T16:55:55.931928Z
  Time since last request: 0.0052033 seconds.
  importAddress: GUID: 920c7a6bcbdcb6c4f9efdc8e7b0d450c - Path: Assets/Scripts/Cards/DeckManager.cs - Importer: PreviewImporter
Importing 'GUID: 920c7a6bcbdcb6c4f9efdc8e7b0d450c - Path: Assets/Scripts/Cards/DeckManager.cs - Importer: PreviewImporter' with importer (PreviewImporter)
Imported 'GUID: 920c7a6bcbdcb6c4f9efdc8e7b0d450c' -> (Import Result ID: '0e959202186f839f787fc46568b30f91') in 0.001 seconds [static and dynamic dependencies]. Details - ImportResultOutputID=fc7777b06659fa4a4eacb95880062344 DependenciesID=a6a1c836ca13d0977f834dc74b759901 StaticDependenciesID=5203a7d42f97d6c5497ace0405f497b6 
Number of updated asset objects reloaded before import = 0
Number of asset objects unloaded after import = 0
========================================================================
Received Import Request.
  Time of request: 2026-08-19T16:55:55.9657111Z
  Time since last request: 0.0016298 seconds.
  importAddress: GUID: 920c7a6bcbdcb6c4f9efdc8e7b0d450c - Path: Assets/Scripts/Cards/DeckManager.cs - Importer: PreviewImporter
Importing 'GUID: 920c7a6bcbdcb6c4f9efdc8e7b0d450c - Path: Assets/Scripts/Cards/DeckManager.cs - Importer: PreviewImporter' with importer (PreviewImporter)
Imported 'GUID: 920c7a6bcbdcb6c4f9efdc8e7b0d450c' -> (Import Result ID: '0e959202186f839f787fc46568b30f91') in 0.001 seconds [static and dynamic dependencies]. Details - ImportResultOutputID=fc7777b06659fa4a4eacb95880062344 DependenciesID=a6a1c836ca13d0977f834dc74b759901 StaticDependenciesID=5203a7d42f97d6c5497ace0405f497b6 
Number of updated asset objects reloaded before import = 0
Number of asset objects unloaded after import = 0
========================================================================
Received Import Request.
  Time of request: 2026-08-19T16:55:56.0011705Z
  Time since last request: 0.001459 seconds.
  importAddress: GUID: 920c7a6bcbdcb6c4f9efdc8e7b0d450c - Path: Assets/Scripts/Cards/DeckManager.cs - Importer: PreviewImporter
Importing 'GUID: 920c7a6bcbdcb6c4f9efdc8e7b0d450c - Path: Assets/Scripts/Cards/DeckManager.cs - Importer: PreviewImporter' with importer (PreviewImporter)
Imported 'GUID: 920c7a6bcbdcb6c4f9efdc8e7b0d450c' -> (Import Result ID: '0e959202186f839f787fc46568b30f91') in 0.001 seconds [static and dynamic dependencies]. Details - ImportResultOutputID=fc7777b06659fa4a4eacb95880062344 DependenciesID=a6a1c836ca13d0977f834dc74b759901 StaticDependenciesID=5203a7d42f97d6c5497ace0405f497b6 
Number of updated asset objects reloaded before import = 0
Number of asset objects unloaded after import = 0
========================================================================
Received Import Request.
  Time of request: 2026-08-19T16:55:56.0378292Z
  Time since last request: 0.002951 seconds.
  importAddress: GUID: 920c7a6bcbdcb6c4f9efdc8e7b0d450c - Path: Assets/Scripts/Cards/DeckManager.cs - Importer: PreviewImporter
Importing 'GUID: 920c7a6bcbdcb6c4f9efdc8e7b0d450c - Path: Assets/Scripts/Cards/DeckManager.cs - Importer: PreviewImporter' with importer (PreviewImporter)
Imported 'GUID: 920c7a6bcbdcb6c4f9efdc8e7b0d450c' -> (Import Result ID: '0e959202186f839f787fc46568b30f91') in 0.001 seconds [static and dynamic dependencies]. Details - ImportResultOutputID=fc7777b06659fa4a4eacb95880062344 DependenciesID=a6a1c836ca13d0977f834dc74b759901 StaticDependenciesID=5203a7d42f97d6c5497ace0405f497b6 
Number of updated asset objects reloaded before import = 0
Number of asset objects unloaded after import = 0
========================================================================
Received Import Request.
  Time of request: 2026-08-19T16:55:56.0721241Z
  Time since last request: 0.0005558 seconds.
  importAddress: GUID: 920c7a6bcbdcb6c4f9efdc8e7b0d450c - Path: Assets/Scripts/Cards/DeckManager.cs - Importer: PreviewImporter
Importing 'GUID: 920c7a6bcbdcb6c4f9efdc8e7b0d450c - Path: Assets/Scripts/Cards/DeckManager.cs - Importer: PreviewImporter' with importer (PreviewImporter)
Imported 'GUID: 920c7a6bcbdcb6c4f9efdc8e7b0d450c' -> (Import Result ID: '0e959202186f839f787fc46568b30f91') in 0.001 seconds [static and dynamic dependencies]. Details - ImportResultOutputID=fc7777b06659fa4a4eacb95880062344 DependenciesID=a6a1c836ca13d0977f834dc74b759901 StaticDependenciesID=5203a7d42f97d6c5497ace0405f497b6 
Number of updated asset objects reloaded before import = 0
Number of asset objects unloaded after import = 0
========================================================================
Received Import Request.
  Time of request: 2026-08-19T16:55:56.1098712Z
  Time since last request: 0.0037176 seconds.
  importAddress: GUID: 920c7a6bcbdcb6c4f9efdc8e7b0d450c - Path: Assets/Scripts/Cards/DeckManager.cs - Importer: PreviewImporter
Importing 'GUID: 920c7a6bcbdcb6c4f9efdc8e7b0d450c - Path: Assets/Scripts/Cards/DeckManager.cs - Importer: PreviewImporter' with importer (PreviewImporter)
Imported 'GUID: 920c7a6bcbdcb6c4f9efdc8e7b0d450c' -> (Import Result ID: '0e959202186f839f787fc46568b30f91') in 0.001 seconds [static and dynamic dependencies]. Details - ImportResultOutputID=fc7777b06659fa4a4eacb95880062344 DependenciesID=a6a1c836ca13d0977f834dc74b759901 StaticDependenciesID=5203a7d42f97d6c5497ace0405f497b6 
Number of updated asset objects reloaded before import = 0
Number of asset objects unloaded after import = 0
========================================================================
Received Import Request.
  Time of request: 2026-08-19T16:55:56.1453701Z
  Time since last request: 0.0042997 seconds.
  importAddress: GUID: 920c7a6bcbdcb6c4f9efdc8e7b0d450c - Path: Assets/Scripts/Cards/DeckManager.cs - Importer: PreviewImporter
Importing 'GUID: 920c7a6bcbdcb6c4f9efdc8e7b0d450c - Path: Assets/Scripts/Cards/DeckManager.cs - Importer: PreviewImporter' with importer (PreviewImporter)
Imported 'GUID: 920c7a6bcbdcb6c4f9efdc8e7b0d450c' -> (Import Result ID: '0e959202186f839f787fc46568b30f91') in 0.001 seconds [static and dynamic dependencies]. Details - ImportResultOutputID=fc7777b06659fa4a4eacb95880062344 DependenciesID=a6a1c836ca13d0977f834dc74b759901 StaticDependenciesID=5203a7d42f97d6c5497ace0405f497b6 
Number of updated asset objects reloaded before import = 0
Number of asset objects unloaded after import = 0
========================================================================
Received Import Request.
  Time of request: 2026-08-19T16:55:56.1830756Z
  Time since last request: 0.0054236 seconds.
  importAddress: GUID: 920c7a6bcbdcb6c4f9efdc8e7b0d450c - Path: Assets/Scripts/Cards/DeckManager.cs - Importer: PreviewImporter
Importing 'GUID: 920c7a6bcbdcb6c4f9efdc8e7b0d450c - Path: Assets/Scripts/Cards/DeckManager.cs - Importer: PreviewImporter' with importer (PreviewImporter)
Imported 'GUID: 920c7a6bcbdcb6c4f9efdc8e7b0d450c' -> (Import Result ID: '0e959202186f839f787fc46568b30f91') in 0.001 seconds [static and dynamic dependencies]. Details - ImportResultOutputID=fc7777b06659fa4a4eacb95880062344 DependenciesID=a6a1c836ca13d0977f834dc74b759901 StaticDependenciesID=5203a7d42f97d6c5497ace0405f497b6 
Number of updated asset objects reloaded before import = 0
Number of asset objects unloaded after import = 0
========================================================================
Received Import Request.
  Time of request: 2026-08-19T16:55:56.2169636Z
  Time since last request: 0.0013515 seconds.
  importAddress: GUID: 920c7a6bcbdcb6c4f9efdc8e7b0d450c - Path: Assets/Scripts/Cards/DeckManager.cs - Importer: PreviewImporter
Importing 'GUID: 920c7a6bcbdcb6c4f9efdc8e7b0d450c - Path: Assets/Scripts/Cards/DeckManager.cs - Importer: PreviewImporter' with importer (PreviewImporter)
Imported 'GUID: 920c7a6bcbdcb6c4f9efdc8e7b0d450c' -> (Import Result ID: '0e959202186f839f787fc46568b30f91') in 0.001 seconds [static and dynamic dependencies]. Details - ImportResultOutputID=fc7777b06659fa4a4eacb95880062344 DependenciesID=a6a1c836ca13d0977f834dc74b759901 StaticDependenciesID=5203a7d42f97d6c5497ace0405f497b6 
Number of updated asset objects reloaded before import = 0
Number of asset objects unloaded after import = 0
========================================================================
Received Import Request.
  Time of request: 2026-08-19T16:55:56.2573022Z
  Time since last request: 0.0042924 seconds.
  importAddress: GUID: 920c7a6bcbdcb6c4f9efdc8e7b0d450c - Path: Assets/Scripts/Cards/DeckManager.cs - Importer: PreviewImporter
Importing 'GUID: 920c7a6bcbdcb6c4f9efdc8e7b0d450c - Path: Assets/Scripts/Cards/DeckManager.cs - Importer: PreviewImporter' with importer (PreviewImporter)
Imported 'GUID: 920c7a6bcbdcb6c4f9efdc8e7b0d450c' -> (Import Result ID: '0e959202186f839f787fc46568b30f91') in 0.001 seconds [static and dynamic dependencies]. Details - ImportResultOutputID=fc7777b06659fa4a4eacb95880062344 DependenciesID=a6a1c836ca13d0977f834dc74b759901 StaticDependenciesID=5203a7d42f97d6c5497ace0405f497b6 
Number of updated asset objects reloaded before import = 0
Number of asset objects unloaded after import = 0
========================================================================
Received Import Request.
  Time of request: 2026-08-19T16:55:56.2946563Z
  Time since last request: 0.0009755 seconds.
  importAddress: GUID: 920c7a6bcbdcb6c4f9efdc8e7b0d450c - Path: Assets/Scripts/Cards/DeckManager.cs - Importer: PreviewImporter
Importing 'GUID: 920c7a6bcbdcb6c4f9efdc8e7b0d450c - Path: Assets/Scripts/Cards/DeckManager.cs - Importer: PreviewImporter' with importer (PreviewImporter)
Imported 'GUID: 920c7a6bcbdcb6c4f9efdc8e7b0d450c' -> (Import Result ID: '0e959202186f839f787fc46568b30f91') in 0.001 seconds [static and dynamic dependencies]. Details - ImportResultOutputID=fc7777b06659fa4a4eacb95880062344 DependenciesID=a6a1c836ca13d0977f834dc74b759901 StaticDependenciesID=5203a7d42f97d6c5497ace0405f497b6 
Number of updated asset objects reloaded before import = 0
Number of asset objects unloaded after import = 0
========================================================================
Received Import Request.
  Time of request: 2026-08-19T16:55:56.3308761Z
  Time since last request: 0.0013542 seconds.
  importAddress: GUID: 920c7a6bcbdcb6c4f9efdc8e7b0d450c - Path: Assets/Scripts/Cards/DeckManager.cs - Importer: PreviewImporter
Importing 'GUID: 920c7a6bcbdcb6c4f9efdc8e7b0d450c - Path: Assets/Scripts/Cards/DeckManager.cs - Importer: PreviewImporter' with importer (PreviewImporter)
Imported 'GUID: 920c7a6bcbdcb6c4f9efdc8e7b0d450c' -> (Import Result ID: '0e959202186f839f787fc46568b30f91') in 0.001 seconds [static and dynamic dependencies]. Details - ImportResultOutputID=fc7777b06659fa4a4eacb95880062344 DependenciesID=a6a1c836ca13d0977f834dc74b759901 StaticDependenciesID=5203a7d42f97d6c5497ace0405f497b6 
Number of updated asset objects reloaded before import = 0
Number of asset objects unloaded after import = 0
========================================================================
Received Import Request.
  Time of request: 2026-08-19T16:55:56.3679895Z
  Time since last request: 0.0029055 seconds.
  importAddress: GUID: 920c7a6bcbdcb6c4f9efdc8e7b0d450c - Path: Assets/Scripts/Cards/DeckManager.cs - Importer: PreviewImporter
Importing 'GUID: 920c7a6bcbdcb6c4f9efdc8e7b0d450c - Path: Assets/Scripts/Cards/DeckManager.cs - Importer: PreviewImporter' with importer (PreviewImporter)
Imported 'GUID: 920c7a6bcbdcb6c4f9efdc8e7b0d450c' -> (Import Result ID: '0e959202186f839f787fc46568b30f91') in 0.001 seconds [static and dynamic dependencies]. Details - ImportResultOutputID=fc7777b06659fa4a4eacb95880062344 DependenciesID=a6a1c836ca13d0977f834dc74b759901 StaticDependenciesID=5203a7d42f97d6c5497ace0405f497b6 
Number of updated asset objects reloaded before import = 0
Number of asset objects unloaded after import = 0
========================================================================
Received Import Request.
  Time of request: 2026-08-19T16:55:56.4055933Z
  Time since last request: 0.000634 seconds.
  importAddress: GUID: 920c7a6bcbdcb6c4f9efdc8e7b0d450c - Path: Assets/Scripts/Cards/DeckManager.cs - Importer: PreviewImporter
Importing 'GUID: 920c7a6bcbdcb6c4f9efdc8e7b0d450c - Path: Assets/Scripts/Cards/DeckManager.cs - Importer: PreviewImporter' with importer (PreviewImporter)
Imported 'GUID: 920c7a6bcbdcb6c4f9efdc8e7b0d450c' -> (Import Result ID: '0e959202186f839f787fc46568b30f91') in 0.001 seconds [static and dynamic dependencies]. Details - ImportResultOutputID=fc7777b06659fa4a4eacb95880062344 DependenciesID=a6a1c836ca13d0977f834dc74b759901 StaticDependenciesID=5203a7d42f97d6c5497ace0405f497b6 
Number of updated asset objects reloaded before import = 0
Number of asset objects unloaded after import = 0
========================================================================
Received Import Request.
  Time of request: 2026-08-19T16:55:56.4403679Z
  Time since last request: 0.0021533 seconds.
  importAddress: GUID: 920c7a6bcbdcb6c4f9efdc8e7b0d450c - Path: Assets/Scripts/Cards/DeckManager.cs - Importer: PreviewImporter
Importing 'GUID: 920c7a6bcbdcb6c4f9efdc8e7b0d450c - Path: Assets/Scripts/Cards/DeckManager.cs - Importer: PreviewImporter' with importer (PreviewImporter)
Imported 'GUID: 920c7a6bcbdcb6c4f9efdc8e7b0d450c' -> (Import Result ID: '0e959202186f839f787fc46568b30f91') in 0.001 seconds [static and dynamic dependencies]. Details - ImportResultOutputID=fc7777b06659fa4a4eacb95880062344 DependenciesID=a6a1c836ca13d0977f834dc74b759901 StaticDependenciesID=5203a7d42f97d6c5497ace0405f497b6 
Number of updated asset objects reloaded before import = 0
Number of asset objects unloaded after import = 0
========================================================================
Received Import Request.
  Time of request: 2026-08-19T16:55:56.4711233Z
  Time since last request: 0.0009298 seconds.
  importAddress: GUID: 920c7a6bcbdcb6c4f9efdc8e7b0d450c - Path: Assets/Scripts/Cards/DeckManager.cs - Importer: PreviewImporter
Importing 'GUID: 920c7a6bcbdcb6c4f9efdc8e7b0d450c - Path: Assets/Scripts/Cards/DeckManager.cs - Importer: PreviewImporter' with importer (PreviewImporter)
Imported 'GUID: 920c7a6bcbdcb6c4f9efdc8e7b0d450c' -> (Import Result ID: '0e959202186f839f787fc46568b30f91') in 0.001 seconds [static and dynamic dependencies]. Details - ImportResultOutputID=fc7777b06659fa4a4eacb95880062344 DependenciesID=a6a1c836ca13d0977f834dc74b759901 StaticDependenciesID=5203a7d42f97d6c5497ace0405f497b6 
Number of updated asset objects reloaded before import = 0
Number of asset objects unloaded after import = 0
========================================================================
Received Import Request.
  Time of request: 2026-08-19T16:55:56.5054587Z
  Time since last request: 0.0015446 seconds.
  importAddress: GUID: 920c7a6bcbdcb6c4f9efdc8e7b0d450c - Path: Assets/Scripts/Cards/DeckManager.cs - Importer: PreviewImporter
Importing 'GUID: 920c7a6bcbdcb6c4f9efdc8e7b0d450c - Path: Assets/Scripts/Cards/DeckManager.cs - Importer: PreviewImporter' with importer (PreviewImporter)
Imported 'GUID: 920c7a6bcbdcb6c4f9efdc8e7b0d450c' -> (Import Result ID: '0e959202186f839f787fc46568b30f91') in 0.001 seconds [static and dynamic dependencies]. Details - ImportResultOutputID=fc7777b06659fa4a4eacb95880062344 DependenciesID=a6a1c836ca13d0977f834dc74b759901 StaticDependenciesID=5203a7d42f97d6c5497ace0405f497b6 
Number of updated asset objects reloaded before import = 0
Number of asset objects unloaded after import = 0
========================================================================
Received Import Request.
  Time of request: 2026-08-19T16:55:56.5492804Z
  Time since last request: 0.0053207 seconds.
  importAddress: GUID: 920c7a6bcbdcb6c4f9efdc8e7b0d450c - Path: Assets/Scripts/Cards/DeckManager.cs - Importer: PreviewImporter
Importing 'GUID: 920c7a6bcbdcb6c4f9efdc8e7b0d450c - Path: Assets/Scripts/Cards/DeckManager.cs - Importer: PreviewImporter' with importer (PreviewImporter)
Imported 'GUID: 920c7a6bcbdcb6c4f9efdc8e7b0d450c' -> (Import Result ID: '0e959202186f839f787fc46568b30f91') in 0.001 seconds [static and dynamic dependencies]. Details - ImportResultOutputID=fc7777b06659fa4a4eacb95880062344 DependenciesID=a6a1c836ca13d0977f834dc74b759901 StaticDependenciesID=5203a7d42f97d6c5497ace0405f497b6 
Number of updated asset objects reloaded before import = 0
Number of asset objects unloaded after import = 0
========================================================================
Received Import Request.
  Time of request: 2026-08-19T16:55:56.5834752Z
  Time since last request: 0.0033907 seconds.
  importAddress: GUID: 920c7a6bcbdcb6c4f9efdc8e7b0d450c - Path: Assets/Scripts/Cards/DeckManager.cs - Importer: PreviewImporter
Importing 'GUID: 920c7a6bcbdcb6c4f9efdc8e7b0d450c - Path: Assets/Scripts/Cards/DeckManager.cs - Importer: PreviewImporter' with importer (PreviewImporter)
Imported 'GUID: 920c7a6bcbdcb6c4f9efdc8e7b0d450c' -> (Import Result ID: '0e959202186f839f787fc46568b30f91') in 0.001 seconds [static and dynamic dependencies]. Details - ImportResultOutputID=fc7777b06659fa4a4eacb95880062344 DependenciesID=a6a1c836ca13d0977f834dc74b759901 StaticDependenciesID=5203a7d42f97d6c5497ace0405f497b6 
Number of updated asset objects reloaded before import = 0
Number of asset objects unloaded after import = 0
========================================================================
Received Import Request.
  Time of request: 2026-08-19T16:55:56.6140247Z
  Time since last request: 0.001624 seconds.
  importAddress: GUID: 920c7a6bcbdcb6c4f9efdc8e7b0d450c - Path: Assets/Scripts/Cards/DeckManager.cs - Importer: PreviewImporter
Importing 'GUID: 920c7a6bcbdcb6c4f9efdc8e7b0d450c - Path: Assets/Scripts/Cards/DeckManager.cs - Importer: PreviewImporter' with importer (PreviewImporter)
Imported 'GUID: 920c7a6bcbdcb6c4f9efdc8e7b0d450c' -> (Import Result ID: '0e959202186f839f787fc46568b30f91') in 0.001 seconds [static and dynamic dependencies]. Details - ImportResultOutputID=fc7777b06659fa4a4eacb95880062344 DependenciesID=a6a1c836ca13d0977f834dc74b759901 StaticDependenciesID=5203a7d42f97d6c5497ace0405f497b6 
Number of updated asset objects reloaded before import = 0
Number of asset objects unloaded after import = 0
========================================================================
Received Import Request.
  Time of request: 2026-08-19T16:55:56.6498659Z
  Time since last request: 0.0051589 seconds.
  importAddress: GUID: 920c7a6bcbdcb6c4f9efdc8e7b0d450c - Path: Assets/Scripts/Cards/DeckManager.cs - Importer: PreviewImporter
Importing 'GUID: 920c7a6bcbdcb6c4f9efdc8e7b0d450c - Path: Assets/Scripts/Cards/DeckManager.cs - Importer: PreviewImporter' with importer (PreviewImporter)
Imported 'GUID: 920c7a6bcbdcb6c4f9efdc8e7b0d450c' -> (Import Result ID: '0e959202186f839f787fc46568b30f91') in 0.001 seconds [static and dynamic dependencies]. Details - ImportResultOutputID=fc7777b06659fa4a4eacb95880062344 DependenciesID=a6a1c836ca13d0977f834dc74b759901 StaticDependenciesID=5203a7d42f97d6c5497ace0405f497b6 
Number of updated asset objects reloaded before import = 0
Number of asset objects unloaded after import = 0
========================================================================
Received Import Request.
  Time of request: 2026-08-19T16:55:56.6880924Z
  Time since last request: 0.0008218 seconds.
  importAddress: GUID: 920c7a6bcbdcb6c4f9efdc8e7b0d450c - Path: Assets/Scripts/Cards/DeckManager.cs - Importer: PreviewImporter
Importing 'GUID: 920c7a6bcbdcb6c4f9efdc8e7b0d450c - Path: Assets/Scripts/Cards/DeckManager.cs - Importer: PreviewImporter' with importer (PreviewImporter)
Imported 'GUID: 920c7a6bcbdcb6c4f9efdc8e7b0d450c' -> (Import Result ID: '0e959202186f839f787fc46568b30f91') in 0.001 seconds [static and dynamic dependencies]. Details - ImportResultOutputID=fc7777b06659fa4a4eacb95880062344 DependenciesID=a6a1c836ca13d0977f834dc74b759901 StaticDependenciesID=5203a7d42f97d6c5497ace0405f497b6 
Number of updated asset objects reloaded before import = 0
Number of asset objects unloaded after import = 0
========================================================================
Received Import Request.
  Time of request: 2026-08-19T16:55:56.7269731Z
  Time since last request: 0.0044099 seconds.
  importAddress: GUID: 920c7a6bcbdcb6c4f9efdc8e7b0d450c - Path: Assets/Scripts/Cards/DeckManager.cs - Importer: PreviewImporter
Importing 'GUID: 920c7a6bcbdcb6c4f9efdc8e7b0d450c - Path: Assets/Scripts/Cards/DeckManager.cs - Importer: PreviewImporter' with importer (PreviewImporter)
Imported 'GUID: 920c7a6bcbdcb6c4f9efdc8e7b0d450c' -> (Import Result ID: '0e959202186f839f787fc46568b30f91') in 0.001 seconds [static and dynamic dependencies]. Details - ImportResultOutputID=fc7777b06659fa4a4eacb95880062344 DependenciesID=a6a1c836ca13d0977f834dc74b759901 StaticDependenciesID=5203a7d42f97d6c5497ace0405f497b6 
Number of updated asset objects reloaded before import = 0
Number of asset objects unloaded after import = 0
========================================================================
Received Import Request.
  Time of request: 2026-08-19T16:55:56.7627135Z
  Time since last request: 0.0007401 seconds.
  importAddress: GUID: 920c7a6bcbdcb6c4f9efdc8e7b0d450c - Path: Assets/Scripts/Cards/DeckManager.cs - Importer: PreviewImporter
Importing 'GUID: 920c7a6bcbdcb6c4f9efdc8e7b0d450c - Path: Assets/Scripts/Cards/DeckManager.cs - Importer: PreviewImporter' with importer (PreviewImporter)
Imported 'GUID: 920c7a6bcbdcb6c4f9efdc8e7b0d450c' -> (Import Result ID: '0e959202186f839f787fc46568b30f91') in 0.001 seconds [static and dynamic dependencies]. Details - ImportResultOutputID=fc7777b06659fa4a4eacb95880062344 DependenciesID=a6a1c836ca13d0977f834dc74b759901 StaticDependenciesID=5203a7d42f97d6c5497ace0405f497b6 
Number of updated asset objects reloaded before import = 0
Number of asset objects unloaded after import = 0
========================================================================
Received Import Request.
  Time of request: 2026-08-19T16:55:56.797151Z
  Time since last request: 0.0011265 seconds.
  importAddress: GUID: 920c7a6bcbdcb6c4f9efdc8e7b0d450c - Path: Assets/Scripts/Cards/DeckManager.cs - Importer: PreviewImporter
Importing 'GUID: 920c7a6bcbdcb6c4f9efdc8e7b0d450c - Path: Assets/Scripts/Cards/DeckManager.cs - Importer: PreviewImporter' with importer (PreviewImporter)
Imported 'GUID: 920c7a6bcbdcb6c4f9efdc8e7b0d450c' -> (Import Result ID: '0e959202186f839f787fc46568b30f91') in 0.001 seconds [static and dynamic dependencies]. Details - ImportResultOutputID=fc7777b06659fa4a4eacb95880062344 DependenciesID=a6a1c836ca13d0977f834dc74b759901 StaticDependenciesID=5203a7d42f97d6c5497ace0405f497b6 
Number of updated asset objects reloaded before import = 0
Number of asset objects unloaded after import = 0
========================================================================
Received Import Request.
  Time of request: 2026-08-19T16:55:56.8293886Z
  Time since last request: 0.0007238 seconds.
  importAddress: GUID: 920c7a6bcbdcb6c4f9efdc8e7b0d450c - Path: Assets/Scripts/Cards/DeckManager.cs - Importer: PreviewImporter
Importing 'GUID: 920c7a6bcbdcb6c4f9efdc8e7b0d450c - Path: Assets/Scripts/Cards/DeckManager.cs - Importer: PreviewImporter' with importer (PreviewImporter)
Imported 'GUID: 920c7a6bcbdcb6c4f9efdc8e7b0d450c' -> (Import Result ID: '0e959202186f839f787fc46568b30f91') in 0.001 seconds [static and dynamic dependencies]. Details - ImportResultOutputID=fc7777b06659fa4a4eacb95880062344 DependenciesID=a6a1c836ca13d0977f834dc74b759901 StaticDependenciesID=5203a7d42f97d6c5497ace0405f497b6 
Number of updated asset objects reloaded before import = 0
Number of asset objects unloaded after import = 0
========================================================================
Received Import Request.
  Time of request: 2026-08-19T16:55:56.8668007Z
  Time since last request: 0.0018964 seconds.
  importAddress: GUID: 920c7a6bcbdcb6c4f9efdc8e7b0d450c - Path: Assets/Scripts/Cards/DeckManager.cs - Importer: PreviewImporter
Importing 'GUID: 920c7a6bcbdcb6c4f9efdc8e7b0d450c - Path: Assets/Scripts/Cards/DeckManager.cs - Importer: PreviewImporter' with importer (PreviewImporter)
Imported 'GUID: 920c7a6bcbdcb6c4f9efdc8e7b0d450c' -> (Import Result ID: '0e959202186f839f787fc46568b30f91') in 0.001 seconds [static and dynamic dependencies]. Details - ImportResultOutputID=fc7777b06659fa4a4eacb95880062344 DependenciesID=a6a1c836ca13d0977f834dc74b759901 StaticDependenciesID=5203a7d42f97d6c5497ace0405f497b6 
Number of updated asset objects reloaded before import = 0
Number of asset objects unloaded after import = 0
========================================================================
Received Import Request.
  Time of request: 2026-08-19T16:55:56.9043716Z
  Time since last request: 0.0011716 seconds.
  importAddress: GUID: 920c7a6bcbdcb6c4f9efdc8e7b0d450c - Path: Assets/Scripts/Cards/DeckManager.cs - Importer: PreviewImporter
Importing 'GUID: 920c7a6bcbdcb6c4f9efdc8e7b0d450c - Path: Assets/Scripts/Cards/DeckManager.cs - Importer: PreviewImporter' with importer (PreviewImporter)
Imported 'GUID: 920c7a6bcbdcb6c4f9efdc8e7b0d450c' -> (Import Result ID: '0e959202186f839f787fc46568b30f91') in 0.001 seconds [static and dynamic dependencies]. Details - ImportResultOutputID=fc7777b06659fa4a4eacb95880062344 DependenciesID=a6a1c836ca13d0977f834dc74b759901 StaticDependenciesID=5203a7d42f97d6c5497ace0405f497b6 
Number of updated asset objects reloaded before import = 0
Number of asset objects unloaded after import = 0
========================================================================
Received Import Request.
  Time of request: 2026-08-19T16:55:56.9447985Z
  Time since last request: 0.0052302 seconds.
  importAddress: GUID: 920c7a6bcbdcb6c4f9efdc8e7b0d450c - Path: Assets/Scripts/Cards/DeckManager.cs - Importer: PreviewImporter
Importing 'GUID: 920c7a6bcbdcb6c4f9efdc8e7b0d450c - Path: Assets/Scripts/Cards/DeckManager.cs - Importer: PreviewImporter' with importer (PreviewImporter)
Imported 'GUID: 920c7a6bcbdcb6c4f9efdc8e7b0d450c' -> (Import Result ID: '0e959202186f839f787fc46568b30f91') in 0.001 seconds [static and dynamic dependencies]. Details - ImportResultOutputID=fc7777b06659fa4a4eacb95880062344 DependenciesID=a6a1c836ca13d0977f834dc74b759901 StaticDependenciesID=5203a7d42f97d6c5497ace0405f497b6 
Number of updated asset objects reloaded before import = 0
Number of asset objects unloaded after import = 0
========================================================================
Received Import Request.
  Time of request: 2026-08-19T16:55:56.9804478Z
  Time since last request: 0.0005258 seconds.
  importAddress: GUID: 920c7a6bcbdcb6c4f9efdc8e7b0d450c - Path: Assets/Scripts/Cards/DeckManager.cs - Importer: PreviewImporter
Importing 'GUID: 920c7a6bcbdcb6c4f9efdc8e7b0d450c - Path: Assets/Scripts/Cards/DeckManager.cs - Importer: PreviewImporter' with importer (PreviewImporter)
Imported 'GUID: 920c7a6bcbdcb6c4f9efdc8e7b0d450c' -> (Import Result ID: '0e959202186f839f787fc46568b30f91') in 0.001 seconds [static and dynamic dependencies]. Details - ImportResultOutputID=fc7777b06659fa4a4eacb95880062344 DependenciesID=a6a1c836ca13d0977f834dc74b759901 StaticDependenciesID=5203a7d42f97d6c5497ace0405f497b6 
Number of updated asset objects reloaded before import = 0
Number of asset objects unloaded after import = 0
========================================================================
Received Import Request.
  Time of request: 2026-08-19T16:55:57.0084078Z
  Time since last request: 0.0007846 seconds.
  importAddress: GUID: 920c7a6bcbdcb6c4f9efdc8e7b0d450c - Path: Assets/Scripts/Cards/DeckManager.cs - Importer: PreviewImporter
Importing 'GUID: 920c7a6bcbdcb6c4f9efdc8e7b0d450c - Path: Assets/Scripts/Cards/DeckManager.cs - Importer: PreviewImporter' with importer (PreviewImporter)
Imported 'GUID: 920c7a6bcbdcb6c4f9efdc8e7b0d450c' -> (Import Result ID: '0e959202186f839f787fc46568b30f91') in 0.001 seconds [static and dynamic dependencies]. Details - ImportResultOutputID=fc7777b06659fa4a4eacb95880062344 DependenciesID=a6a1c836ca13d0977f834dc74b759901 StaticDependenciesID=5203a7d42f97d6c5497ace0405f497b6 
Number of updated asset objects reloaded before import = 0
Number of asset objects unloaded after import = 0
========================================================================
Received Import Request.
  Time of request: 2026-08-19T16:55:57.0501559Z
  Time since last request: 0.0060204 seconds.
  importAddress: GUID: 920c7a6bcbdcb6c4f9efdc8e7b0d450c - Path: Assets/Scripts/Cards/DeckManager.cs - Importer: PreviewImporter
Importing 'GUID: 920c7a6bcbdcb6c4f9efdc8e7b0d450c - Path: Assets/Scripts/Cards/DeckManager.cs - Importer: PreviewImporter' with importer (PreviewImporter)
Imported 'GUID: 920c7a6bcbdcb6c4f9efdc8e7b0d450c' -> (Import Result ID: '0e959202186f839f787fc46568b30f91') in 0.001 seconds [static and dynamic dependencies]. Details - ImportResultOutputID=fc7777b06659fa4a4eacb95880062344 DependenciesID=a6a1c836ca13d0977f834dc74b759901 StaticDependenciesID=5203a7d42f97d6c5497ace0405f497b6 
Number of updated asset objects reloaded before import = 0
Number of asset objects unloaded after import = 0
========================================================================
Received Import Request.
  Time of request: 2026-08-19T16:55:57.0827804Z
  Time since last request: 0.0020422 seconds.
  importAddress: GUID: 920c7a6bcbdcb6c4f9efdc8e7b0d450c - Path: Assets/Scripts/Cards/DeckManager.cs - Importer: PreviewImporter
Importing 'GUID: 920c7a6bcbdcb6c4f9efdc8e7b0d450c - Path: Assets/Scripts/Cards/DeckManager.cs - Importer: PreviewImporter' with importer (PreviewImporter)
Imported 'GUID: 920c7a6bcbdcb6c4f9efdc8e7b0d450c' -> (Import Result ID: '0e959202186f839f787fc46568b30f91') in 0.001 seconds [static and dynamic dependencies]. Details - ImportResultOutputID=fc7777b06659fa4a4eacb95880062344 DependenciesID=a6a1c836ca13d0977f834dc74b759901 StaticDependenciesID=5203a7d42f97d6c5497ace0405f497b6 
Number of updated asset objects reloaded before import = 0
Number of asset objects unloaded after import = 0
========================================================================
Received Import Request.
  Time of request: 2026-08-19T16:55:57.1187921Z
  Time since last request: 0.0044449 seconds.
  importAddress: GUID: 920c7a6bcbdcb6c4f9efdc8e7b0d450c - Path: Assets/Scripts/Cards/DeckManager.cs - Importer: PreviewImporter
Importing 'GUID: 920c7a6bcbdcb6c4f9efdc8e7b0d450c - Path: Assets/Scripts/Cards/DeckManager.cs - Importer: PreviewImporter' with importer (PreviewImporter)
Imported 'GUID: 920c7a6bcbdcb6c4f9efdc8e7b0d450c' -> (Import Result ID: '0e959202186f839f787fc46568b30f91') in 0.001 seconds [static and dynamic dependencies]. Details - ImportResultOutputID=fc7777b06659fa4a4eacb95880062344 DependenciesID=a6a1c836ca13d0977f834dc74b759901 StaticDependenciesID=5203a7d42f97d6c5497ace0405f497b6 
Number of updated asset objects reloaded before import = 0
Number of asset objects unloaded after import = 0
========================================================================
Received Import Request.
  Time of request: 2026-08-19T16:55:57.146029Z
  Time since last request: 0.0005618 seconds.
  importAddress: GUID: 920c7a6bcbdcb6c4f9efdc8e7b0d450c - Path: Assets/Scripts/Cards/DeckManager.cs - Importer: PreviewImporter
Importing 'GUID: 920c7a6bcbdcb6c4f9efdc8e7b0d450c - Path: Assets/Scripts/Cards/DeckManager.cs - Importer: PreviewImporter' with importer (PreviewImporter)
Imported 'GUID: 920c7a6bcbdcb6c4f9efdc8e7b0d450c' -> (Import Result ID: '0e959202186f839f787fc46568b30f91') in 0.001 seconds [static and dynamic dependencies]. Details - ImportResultOutputID=fc7777b06659fa4a4eacb95880062344 DependenciesID=a6a1c836ca13d0977f834dc74b759901 StaticDependenciesID=5203a7d42f97d6c5497ace0405f497b6 
Number of updated asset objects reloaded before import = 0
Number of asset objects unloaded after import = 0
========================================================================
Received Import Request.
  Time of request: 2026-08-19T16:55:57.1839571Z
  Time since last request: 0.0060348 seconds.
  importAddress: GUID: 920c7a6bcbdcb6c4f9efdc8e7b0d450c - Path: Assets/Scripts/Cards/DeckManager.cs - Importer: PreviewImporter
Importing 'GUID: 920c7a6bcbdcb6c4f9efdc8e7b0d450c - Path: Assets/Scripts/Cards/DeckManager.cs - Importer: PreviewImporter' with importer (PreviewImporter)
Imported 'GUID: 920c7a6bcbdcb6c4f9efdc8e7b0d450c' -> (Import Result ID: '0e959202186f839f787fc46568b30f91') in 0.001 seconds [static and dynamic dependencies]. Details - ImportResultOutputID=fc7777b06659fa4a4eacb95880062344 DependenciesID=a6a1c836ca13d0977f834dc74b759901 StaticDependenciesID=5203a7d42f97d6c5497ace0405f497b6 
Number of updated asset objects reloaded before import = 0
Number of asset objects unloaded after import = 0
========================================================================
Received Import Request.
  Time of request: 2026-08-19T16:55:57.2314632Z
  Time since last request: 0.0026538 seconds.
  importAddress: GUID: 920c7a6bcbdcb6c4f9efdc8e7b0d450c - Path: Assets/Scripts/Cards/DeckManager.cs - Importer: PreviewImporter
Importing 'GUID: 920c7a6bcbdcb6c4f9efdc8e7b0d450c - Path: Assets/Scripts/Cards/DeckManager.cs - Importer: PreviewImporter' with importer (PreviewImporter)
Imported 'GUID: 920c7a6bcbdcb6c4f9efdc8e7b0d450c' -> (Import Result ID: '0e959202186f839f787fc46568b30f91') in 0.001 seconds [static and dynamic dependencies]. Details - ImportResultOutputID=fc7777b06659fa4a4eacb95880062344 DependenciesID=a6a1c836ca13d0977f834dc74b759901 StaticDependenciesID=5203a7d42f97d6c5497ace0405f497b6 
Number of updated asset objects reloaded before import = 0
Number of asset objects unloaded after import = 0
========================================================================
Received Import Request.
  Time of request: 2026-08-19T16:55:57.2691335Z
  Time since last request: 0.0029857 seconds.
  importAddress: GUID: 920c7a6bcbdcb6c4f9efdc8e7b0d450c - Path: Assets/Scripts/Cards/DeckManager.cs - Importer: PreviewImporter
Importing 'GUID: 920c7a6bcbdcb6c4f9efdc8e7b0d450c - Path: Assets/Scripts/Cards/DeckManager.cs - Importer: PreviewImporter' with importer (PreviewImporter)
Imported 'GUID: 920c7a6bcbdcb6c4f9efdc8e7b0d450c' -> (Import Result ID: '0e959202186f839f787fc46568b30f91') in 0.001 seconds [static and dynamic dependencies]. Details - ImportResultOutputID=fc7777b06659fa4a4eacb95880062344 DependenciesID=a6a1c836ca13d0977f834dc74b759901 StaticDependenciesID=5203a7d42f97d6c5497ace0405f497b6 
Number of updated asset objects reloaded before import = 0
Number of asset objects unloaded after import = 0
========================================================================
Received Import Request.
  Time of request: 2026-08-19T16:55:57.3173037Z
  Time since last request: 0.0063809 seconds.
  importAddress: GUID: 920c7a6bcbdcb6c4f9efdc8e7b0d450c - Path: Assets/Scripts/Cards/DeckManager.cs - Importer: PreviewImporter
Importing 'GUID: 920c7a6bcbdcb6c4f9efdc8e7b0d450c - Path: Assets/Scripts/Cards/DeckManager.cs - Importer: PreviewImporter' with importer (PreviewImporter)
Imported 'GUID: 920c7a6bcbdcb6c4f9efdc8e7b0d450c' -> (Import Result ID: '0e959202186f839f787fc46568b30f91') in 0.001 seconds [static and dynamic dependencies]. Details - ImportResultOutputID=fc7777b06659fa4a4eacb95880062344 DependenciesID=a6a1c836ca13d0977f834dc74b759901 StaticDependenciesID=5203a7d42f97d6c5497ace0405f497b6 
Number of updated asset objects reloaded before import = 0
Number of asset objects unloaded after import = 0
========================================================================
Received Import Request.
  Time of request: 2026-08-19T16:55:57.3495111Z
  Time since last request: 0.0053661 seconds.
  importAddress: GUID: 920c7a6bcbdcb6c4f9efdc8e7b0d450c - Path: Assets/Scripts/Cards/DeckManager.cs - Importer: PreviewImporter
Importing 'GUID: 920c7a6bcbdcb6c4f9efdc8e7b0d450c - Path: Assets/Scripts/Cards/DeckManager.cs - Importer: PreviewImporter' with importer (PreviewImporter)
Imported 'GUID: 920c7a6bcbdcb6c4f9efdc8e7b0d450c' -> (Import Result ID: '0e959202186f839f787fc46568b30f91') in 0.001 seconds [static and dynamic dependencies]. Details - ImportResultOutputID=fc7777b06659fa4a4eacb95880062344 DependenciesID=a6a1c836ca13d0977f834dc74b759901 StaticDependenciesID=5203a7d42f97d6c5497ace0405f497b6 
Number of updated asset objects reloaded before import = 0
Number of asset objects unloaded after import = 0
========================================================================
Received Import Request.
  Time of request: 2026-08-19T16:55:57.3964714Z
  Time since last request: 0.0055001 seconds.
  importAddress: GUID: 920c7a6bcbdcb6c4f9efdc8e7b0d450c - Path: Assets/Scripts/Cards/DeckManager.cs - Importer: PreviewImporter
Importing 'GUID: 920c7a6bcbdcb6c4f9efdc8e7b0d450c - Path: Assets/Scripts/Cards/DeckManager.cs - Importer: PreviewImporter' with importer (PreviewImporter)
Imported 'GUID: 920c7a6bcbdcb6c4f9efdc8e7b0d450c' -> (Import Result ID: '0e959202186f839f787fc46568b30f91') in 0.001 seconds [static and dynamic dependencies]. Details - ImportResultOutputID=fc7777b06659fa4a4eacb95880062344 DependenciesID=a6a1c836ca13d0977f834dc74b759901 StaticDependenciesID=5203a7d42f97d6c5497ace0405f497b6 
Number of updated asset objects reloaded before import = 0
Number of asset objects unloaded after import = 0
========================================================================
Received Import Request.
  Time of request: 2026-08-19T16:55:57.4341603Z
  Time since last request: 0.0060692 seconds.
  importAddress: GUID: 920c7a6bcbdcb6c4f9efdc8e7b0d450c - Path: Assets/Scripts/Cards/DeckManager.cs - Importer: PreviewImporter
Importing 'GUID: 920c7a6bcbdcb6c4f9efdc8e7b0d450c - Path: Assets/Scripts/Cards/DeckManager.cs - Importer: PreviewImporter' with importer (PreviewImporter)
Imported 'GUID: 920c7a6bcbdcb6c4f9efdc8e7b0d450c' -> (Import Result ID: '0e959202186f839f787fc46568b30f91') in 0.001 seconds [static and dynamic dependencies]. Details - ImportResultOutputID=fc7777b06659fa4a4eacb95880062344 DependenciesID=a6a1c836ca13d0977f834dc74b759901 StaticDependenciesID=5203a7d42f97d6c5497ace0405f497b6 
Number of updated asset objects reloaded before import = 0
Number of asset objects unloaded after import = 0
========================================================================
Received Import Request.
  Time of request: 2026-08-19T16:55:57.4653294Z
  Time since last request: 0.0030911 seconds.
  importAddress: GUID: 920c7a6bcbdcb6c4f9efdc8e7b0d450c - Path: Assets/Scripts/Cards/DeckManager.cs - Importer: PreviewImporter
Importing 'GUID: 920c7a6bcbdcb6c4f9efdc8e7b0d450c - Path: Assets/Scripts/Cards/DeckManager.cs - Importer: PreviewImporter' with importer (PreviewImporter)
Imported 'GUID: 920c7a6bcbdcb6c4f9efdc8e7b0d450c' -> (Import Result ID: '0e959202186f839f787fc46568b30f91') in 0.001 seconds [static and dynamic dependencies]. Details - ImportResultOutputID=fc7777b06659fa4a4eacb95880062344 DependenciesID=a6a1c836ca13d0977f834dc74b759901 StaticDependenciesID=5203a7d42f97d6c5497ace0405f497b6 
Number of updated asset objects reloaded before import = 0
Number of asset objects unloaded after import = 0
========================================================================
Received Import Request.
  Time of request: 2026-08-19T16:55:57.4991754Z
  Time since last request: 0.0008066 seconds.
  importAddress: GUID: 920c7a6bcbdcb6c4f9efdc8e7b0d450c - Path: Assets/Scripts/Cards/DeckManager.cs - Importer: PreviewImporter
Importing 'GUID: 920c7a6bcbdcb6c4f9efdc8e7b0d450c - Path: Assets/Scripts/Cards/DeckManager.cs - Importer: PreviewImporter' with importer (PreviewImporter)
Imported 'GUID: 920c7a6bcbdcb6c4f9efdc8e7b0d450c' -> (Import Result ID: '0e959202186f839f787fc46568b30f91') in 0.001 seconds [static and dynamic dependencies]. Details - ImportResultOutputID=fc7777b06659fa4a4eacb95880062344 DependenciesID=a6a1c836ca13d0977f834dc74b759901 StaticDependenciesID=5203a7d42f97d6c5497ace0405f497b6 
Number of updated asset objects reloaded before import = 0
Number of asset objects unloaded after import = 0
========================================================================
Received Import Request.
  Time of request: 2026-08-19T16:55:57.532584Z
  Time since last request: 0.0018813 seconds.
  importAddress: GUID: 920c7a6bcbdcb6c4f9efdc8e7b0d450c - Path: Assets/Scripts/Cards/DeckManager.cs - Importer: PreviewImporter
Importing 'GUID: 920c7a6bcbdcb6c4f9efdc8e7b0d450c - Path: Assets/Scripts/Cards/DeckManager.cs - Importer: PreviewImporter' with importer (PreviewImporter)
Imported 'GUID: 920c7a6bcbdcb6c4f9efdc8e7b0d450c' -> (Import Result ID: '0e959202186f839f787fc46568b30f91') in 0.001 seconds [static and dynamic dependencies]. Details - ImportResultOutputID=fc7777b06659fa4a4eacb95880062344 DependenciesID=a6a1c836ca13d0977f834dc74b759901 StaticDependenciesID=5203a7d42f97d6c5497ace0405f497b6 
Number of updated asset objects reloaded before import = 0
Number of asset objects unloaded after import = 0
========================================================================
Received Import Request.
  Time of request: 2026-08-19T16:55:57.5638262Z
  Time since last request: 0.0009363 seconds.
  importAddress: GUID: 920c7a6bcbdcb6c4f9efdc8e7b0d450c - Path: Assets/Scripts/Cards/DeckManager.cs - Importer: PreviewImporter
Importing 'GUID: 920c7a6bcbdcb6c4f9efdc8e7b0d450c - Path: Assets/Scripts/Cards/DeckManager.cs - Importer: PreviewImporter' with importer (PreviewImporter)
Imported 'GUID: 920c7a6bcbdcb6c4f9efdc8e7b0d450c' -> (Import Result ID: '0e959202186f839f787fc46568b30f91') in 0.001 seconds [static and dynamic dependencies]. Details - ImportResultOutputID=fc7777b06659fa4a4eacb95880062344 DependenciesID=a6a1c836ca13d0977f834dc74b759901 StaticDependenciesID=5203a7d42f97d6c5497ace0405f497b6 
Number of updated asset objects reloaded before import = 0
Number of asset objects unloaded after import = 0
========================================================================
Received Import Request.
  Time of request: 2026-08-19T16:55:57.5992122Z
  Time since last request: 0.0011206 seconds.
  importAddress: GUID: 920c7a6bcbdcb6c4f9efdc8e7b0d450c - Path: Assets/Scripts/Cards/DeckManager.cs - Importer: PreviewImporter
Importing 'GUID: 920c7a6bcbdcb6c4f9efdc8e7b0d450c - Path: Assets/Scripts/Cards/DeckManager.cs - Importer: PreviewImporter' with importer (PreviewImporter)
Imported 'GUID: 920c7a6bcbdcb6c4f9efdc8e7b0d450c' -> (Import Result ID: '0e959202186f839f787fc46568b30f91') in 0.001 seconds [static and dynamic dependencies]. Details - ImportResultOutputID=fc7777b06659fa4a4eacb95880062344 DependenciesID=a6a1c836ca13d0977f834dc74b759901 StaticDependenciesID=5203a7d42f97d6c5497ace0405f497b6 
Number of updated asset objects reloaded before import = 0
Number of asset objects unloaded after import = 0
========================================================================
Received Import Request.
  Time of request: 2026-08-19T16:55:57.6310043Z
  Time since last request: 0.0033844 seconds.
  importAddress: GUID: 920c7a6bcbdcb6c4f9efdc8e7b0d450c - Path: Assets/Scripts/Cards/DeckManager.cs - Importer: PreviewImporter
Importing 'GUID: 920c7a6bcbdcb6c4f9efdc8e7b0d450c - Path: Assets/Scripts/Cards/DeckManager.cs - Importer: PreviewImporter' with importer (PreviewImporter)
Imported 'GUID: 920c7a6bcbdcb6c4f9efdc8e7b0d450c' -> (Import Result ID: '0e959202186f839f787fc46568b30f91') in 0.001 seconds [static and dynamic dependencies]. Details - ImportResultOutputID=fc7777b06659fa4a4eacb95880062344 DependenciesID=a6a1c836ca13d0977f834dc74b759901 StaticDependenciesID=5203a7d42f97d6c5497ace0405f497b6 
Number of updated asset objects reloaded before import = 0
Number of asset objects unloaded after import = 0
========================================================================
Received Import Request.
  Time of request: 2026-08-19T16:55:57.664821Z
  Time since last request: 0.0012234 seconds.
  importAddress: GUID: 920c7a6bcbdcb6c4f9efdc8e7b0d450c - Path: Assets/Scripts/Cards/DeckManager.cs - Importer: PreviewImporter
Importing 'GUID: 920c7a6bcbdcb6c4f9efdc8e7b0d450c - Path: Assets/Scripts/Cards/DeckManager.cs - Importer: PreviewImporter' with importer (PreviewImporter)
Imported 'GUID: 920c7a6bcbdcb6c4f9efdc8e7b0d450c' -> (Import Result ID: '0e959202186f839f787fc46568b30f91') in 0.001 seconds [static and dynamic dependencies]. Details - ImportResultOutputID=fc7777b06659fa4a4eacb95880062344 DependenciesID=a6a1c836ca13d0977f834dc74b759901 StaticDependenciesID=5203a7d42f97d6c5497ace0405f497b6 
Number of updated asset objects reloaded before import = 0
Number of asset objects unloaded after import = 0
========================================================================
Received Import Request.
  Time of request: 2026-08-19T16:55:57.6944115Z
  Time since last request: 0.0010553 seconds.
  importAddress: GUID: 920c7a6bcbdcb6c4f9efdc8e7b0d450c - Path: Assets/Scripts/Cards/DeckManager.cs - Importer: PreviewImporter
Importing 'GUID: 920c7a6bcbdcb6c4f9efdc8e7b0d450c - Path: Assets/Scripts/Cards/DeckManager.cs - Importer: PreviewImporter' with importer (PreviewImporter)
Imported 'GUID: 920c7a6bcbdcb6c4f9efdc8e7b0d450c' -> (Import Result ID: '0e959202186f839f787fc46568b30f91') in 0.001 seconds [static and dynamic dependencies]. Details - ImportResultOutputID=fc7777b06659fa4a4eacb95880062344 DependenciesID=a6a1c836ca13d0977f834dc74b759901 StaticDependenciesID=5203a7d42f97d6c5497ace0405f497b6 
Number of updated asset objects reloaded before import = 0
Number of asset objects unloaded after import = 0
========================================================================
Received Import Request.
  Time of request: 2026-08-19T16:55:57.7325274Z
  Time since last request: 0.0052808 seconds.
  importAddress: GUID: 920c7a6bcbdcb6c4f9efdc8e7b0d450c - Path: Assets/Scripts/Cards/DeckManager.cs - Importer: PreviewImporter
Importing 'GUID: 920c7a6bcbdcb6c4f9efdc8e7b0d450c - Path: Assets/Scripts/Cards/DeckManager.cs - Importer: PreviewImporter' with importer (PreviewImporter)
Imported 'GUID: 920c7a6bcbdcb6c4f9efdc8e7b0d450c' -> (Import Result ID: '0e959202186f839f787fc46568b30f91') in 0.001 seconds [static and dynamic dependencies]. Details - ImportResultOutputID=fc7777b06659fa4a4eacb95880062344 DependenciesID=a6a1c836ca13d0977f834dc74b759901 StaticDependenciesID=5203a7d42f97d6c5497ace0405f497b6 
Number of updated asset objects reloaded before import = 0
Number of asset objects unloaded after import = 0
========================================================================
Received Import Request.
  Time of request: 2026-08-19T16:55:57.7710348Z
  Time since last request: 0.0059871 seconds.
  importAddress: GUID: 920c7a6bcbdcb6c4f9efdc8e7b0d450c - Path: Assets/Scripts/Cards/DeckManager.cs - Importer: PreviewImporter
Importing 'GUID: 920c7a6bcbdcb6c4f9efdc8e7b0d450c - Path: Assets/Scripts/Cards/DeckManager.cs - Importer: PreviewImporter' with importer (PreviewImporter)
Imported 'GUID: 920c7a6bcbdcb6c4f9efdc8e7b0d450c' -> (Import Result ID: '0e959202186f839f787fc46568b30f91') in 0.001 seconds [static and dynamic dependencies]. Details - ImportResultOutputID=fc7777b06659fa4a4eacb95880062344 DependenciesID=a6a1c836ca13d0977f834dc74b759901 StaticDependenciesID=5203a7d42f97d6c5497ace0405f497b6 
Number of updated asset objects reloaded before import = 0
Number of asset objects unloaded after import = 0
========================================================================
Received Import Request.
  Time of request: 2026-08-19T16:55:57.8090955Z
  Time since last request: 0.0040603 seconds.
  importAddress: GUID: 920c7a6bcbdcb6c4f9efdc8e7b0d450c - Path: Assets/Scripts/Cards/DeckManager.cs - Importer: PreviewImporter
Importing 'GUID: 920c7a6bcbdcb6c4f9efdc8e7b0d450c - Path: Assets/Scripts/Cards/DeckManager.cs - Importer: PreviewImporter' with importer (PreviewImporter)
Imported 'GUID: 920c7a6bcbdcb6c4f9efdc8e7b0d450c' -> (Import Result ID: '0e959202186f839f787fc46568b30f91') in 0.001 seconds [static and dynamic dependencies]. Details - ImportResultOutputID=fc7777b06659fa4a4eacb95880062344 DependenciesID=a6a1c836ca13d0977f834dc74b759901 StaticDependenciesID=5203a7d42f97d6c5497ace0405f497b6 
Number of updated asset objects reloaded before import = 0
Number of asset objects unloaded after import = 0
========================================================================
Received Import Request.
  Time of request: 2026-08-19T16:55:57.8477885Z
  Time since last request: 0.0042149 seconds.
  importAddress: GUID: 920c7a6bcbdcb6c4f9efdc8e7b0d450c - Path: Assets/Scripts/Cards/DeckManager.cs - Importer: PreviewImporter
Importing 'GUID: 920c7a6bcbdcb6c4f9efdc8e7b0d450c - Path: Assets/Scripts/Cards/DeckManager.cs - Importer: PreviewImporter' with importer (PreviewImporter)
Imported 'GUID: 920c7a6bcbdcb6c4f9efdc8e7b0d450c' -> (Import Result ID: '0e959202186f839f787fc46568b30f91') in 0.001 seconds [static and dynamic dependencies]. Details - ImportResultOutputID=fc7777b06659fa4a4eacb95880062344 DependenciesID=a6a1c836ca13d0977f834dc74b759901 StaticDependenciesID=5203a7d42f97d6c5497ace0405f497b6 
Number of updated asset objects reloaded before import = 0
Number of asset objects unloaded after import = 0
========================================================================
Received Import Request.
  Time of request: 2026-08-19T16:55:57.884516Z
  Time since last request: 0.0047047 seconds.
  importAddress: GUID: 920c7a6bcbdcb6c4f9efdc8e7b0d450c - Path: Assets/Scripts/Cards/DeckManager.cs - Importer: PreviewImporter
Importing 'GUID: 920c7a6bcbdcb6c4f9efdc8e7b0d450c - Path: Assets/Scripts/Cards/DeckManager.cs - Importer: PreviewImporter' with importer (PreviewImporter)
Imported 'GUID: 920c7a6bcbdcb6c4f9efdc8e7b0d450c' -> (Import Result ID: '0e959202186f839f787fc46568b30f91') in 0.001 seconds [static and dynamic dependencies]. Details - ImportResultOutputID=fc7777b06659fa4a4eacb95880062344 DependenciesID=a6a1c836ca13d0977f834dc74b759901 StaticDependenciesID=5203a7d42f97d6c5497ace0405f497b6 
Number of updated asset objects reloaded before import = 0
Number of asset objects unloaded after import = 0
========================================================================
Received Import Request.
  Time of request: 2026-08-19T16:55:57.9232106Z
  Time since last request: 0.0058098 seconds.
  importAddress: GUID: 920c7a6bcbdcb6c4f9efdc8e7b0d450c - Path: Assets/Scripts/Cards/DeckManager.cs - Importer: PreviewImporter
Importing 'GUID: 920c7a6bcbdcb6c4f9efdc8e7b0d450c - Path: Assets/Scripts/Cards/DeckManager.cs - Importer: PreviewImporter' with importer (PreviewImporter)
Imported 'GUID: 920c7a6bcbdcb6c4f9efdc8e7b0d450c' -> (Import Result ID: '0e959202186f839f787fc46568b30f91') in 0.001 seconds [static and dynamic dependencies]. Details - ImportResultOutputID=fc7777b06659fa4a4eacb95880062344 DependenciesID=a6a1c836ca13d0977f834dc74b759901 StaticDependenciesID=5203a7d42f97d6c5497ace0405f497b6 
Number of updated asset objects reloaded before import = 0
Number of asset objects unloaded after import = 0
========================================================================
Received Import Request.
  Time of request: 2026-08-19T16:55:57.9634501Z
  Time since last request: 0.005042 seconds.
  importAddress: GUID: 920c7a6bcbdcb6c4f9efdc8e7b0d450c - Path: Assets/Scripts/Cards/DeckManager.cs - Importer: PreviewImporter
Importing 'GUID: 920c7a6bcbdcb6c4f9efdc8e7b0d450c - Path: Assets/Scripts/Cards/DeckManager.cs - Importer: PreviewImporter' with importer (PreviewImporter)
Imported 'GUID: 920c7a6bcbdcb6c4f9efdc8e7b0d450c' -> (Import Result ID: '0e959202186f839f787fc46568b30f91') in 0.001 seconds [static and dynamic dependencies]. Details - ImportResultOutputID=fc7777b06659fa4a4eacb95880062344 DependenciesID=a6a1c836ca13d0977f834dc74b759901 StaticDependenciesID=5203a7d42f97d6c5497ace0405f497b6 
Number of updated asset objects reloaded before import = 0
Number of asset objects unloaded after import = 0
========================================================================
Received Import Request.
  Time of request: 2026-08-19T16:55:57.9969435Z
  Time since last request: 0.0055208 seconds.
  importAddress: GUID: 920c7a6bcbdcb6c4f9efdc8e7b0d450c - Path: Assets/Scripts/Cards/DeckManager.cs - Importer: PreviewImporter
Importing 'GUID: 920c7a6bcbdcb6c4f9efdc8e7b0d450c - Path: Assets/Scripts/Cards/DeckManager.cs - Importer: PreviewImporter' with importer (PreviewImporter)
Imported 'GUID: 920c7a6bcbdcb6c4f9efdc8e7b0d450c' -> (Import Result ID: '0e959202186f839f787fc46568b30f91') in 0.001 seconds [static and dynamic dependencies]. Details - ImportResultOutputID=fc7777b06659fa4a4eacb95880062344 DependenciesID=a6a1c836ca13d0977f834dc74b759901 StaticDependenciesID=5203a7d42f97d6c5497ace0405f497b6 
Number of updated asset objects reloaded before import = 0
Number of asset objects unloaded after import = 0
========================================================================
Received Import Request.
  Time of request: 2026-08-19T16:55:58.0336297Z
  Time since last request: 0.0008329 seconds.
  importAddress: GUID: 920c7a6bcbdcb6c4f9efdc8e7b0d450c - Path: Assets/Scripts/Cards/DeckManager.cs - Importer: PreviewImporter
Importing 'GUID: 920c7a6bcbdcb6c4f9efdc8e7b0d450c - Path: Assets/Scripts/Cards/DeckManager.cs - Importer: PreviewImporter' with importer (PreviewImporter)
Imported 'GUID: 920c7a6bcbdcb6c4f9efdc8e7b0d450c' -> (Import Result ID: '0e959202186f839f787fc46568b30f91') in 0.001 seconds [static and dynamic dependencies]. Details - ImportResultOutputID=fc7777b06659fa4a4eacb95880062344 DependenciesID=a6a1c836ca13d0977f834dc74b759901 StaticDependenciesID=5203a7d42f97d6c5497ace0405f497b6 
Number of updated asset objects reloaded before import = 0
Number of asset objects unloaded after import = 0
========================================================================
Received Import Request.
  Time of request: 2026-08-19T16:55:58.0676759Z
  Time since last request: 0.0008404 seconds.
  importAddress: GUID: 920c7a6bcbdcb6c4f9efdc8e7b0d450c - Path: Assets/Scripts/Cards/DeckManager.cs - Importer: PreviewImporter
Importing 'GUID: 920c7a6bcbdcb6c4f9efdc8e7b0d450c - Path: Assets/Scripts/Cards/DeckManager.cs - Importer: PreviewImporter' with importer (PreviewImporter)
Imported 'GUID: 920c7a6bcbdcb6c4f9efdc8e7b0d450c' -> (Import Result ID: '0e959202186f839f787fc46568b30f91') in 0.001 seconds [static and dynamic dependencies]. Details - ImportResultOutputID=fc7777b06659fa4a4eacb95880062344 DependenciesID=a6a1c836ca13d0977f834dc74b759901 StaticDependenciesID=5203a7d42f97d6c5497ace0405f497b6 
Number of updated asset objects reloaded before import = 0
Number of asset objects unloaded after import = 0
========================================================================
Received Import Request.
  Time of request: 2026-08-19T16:55:58.1006788Z
  Time since last request: 0.0055744 seconds.
  importAddress: GUID: 920c7a6bcbdcb6c4f9efdc8e7b0d450c - Path: Assets/Scripts/Cards/DeckManager.cs - Importer: PreviewImporter
Importing 'GUID: 920c7a6bcbdcb6c4f9efdc8e7b0d450c - Path: Assets/Scripts/Cards/DeckManager.cs - Importer: PreviewImporter' with importer (PreviewImporter)
Imported 'GUID: 920c7a6bcbdcb6c4f9efdc8e7b0d450c' -> (Import Result ID: '0e959202186f839f787fc46568b30f91') in 0.001 seconds [static and dynamic dependencies]. Details - ImportResultOutputID=fc7777b06659fa4a4eacb95880062344 DependenciesID=a6a1c836ca13d0977f834dc74b759901 StaticDependenciesID=5203a7d42f97d6c5497ace0405f497b6 
Number of updated asset objects reloaded before import = 0
Number of asset objects unloaded after import = 0
========================================================================
Received Import Request.
  Time of request: 2026-08-19T16:55:58.1371258Z
  Time since last request: 0.0037073 seconds.
  importAddress: GUID: 920c7a6bcbdcb6c4f9efdc8e7b0d450c - Path: Assets/Scripts/Cards/DeckManager.cs - Importer: PreviewImporter
Importing 'GUID: 920c7a6bcbdcb6c4f9efdc8e7b0d450c - Path: Assets/Scripts/Cards/DeckManager.cs - Importer: PreviewImporter' with importer (PreviewImporter)
Imported 'GUID: 920c7a6bcbdcb6c4f9efdc8e7b0d450c' -> (Import Result ID: '0e959202186f839f787fc46568b30f91') in 0.001 seconds [static and dynamic dependencies]. Details - ImportResultOutputID=fc7777b06659fa4a4eacb95880062344 DependenciesID=a6a1c836ca13d0977f834dc74b759901 StaticDependenciesID=5203a7d42f97d6c5497ace0405f497b6 
Number of updated asset objects reloaded before import = 0
Number of asset objects unloaded after import = 0
========================================================================
Received Import Request.
  Time of request: 2026-08-19T16:55:58.1785902Z
  Time since last request: 0.004103 seconds.
  importAddress: GUID: 920c7a6bcbdcb6c4f9efdc8e7b0d450c - Path: Assets/Scripts/Cards/DeckManager.cs - Importer: PreviewImporter
Importing 'GUID: 920c7a6bcbdcb6c4f9efdc8e7b0d450c - Path: Assets/Scripts/Cards/DeckManager.cs - Importer: PreviewImporter' with importer (PreviewImporter)
Imported 'GUID: 920c7a6bcbdcb6c4f9efdc8e7b0d450c' -> (Import Result ID: '0e959202186f839f787fc46568b30f91') in 0.001 seconds [static and dynamic dependencies]. Details - ImportResultOutputID=fc7777b06659fa4a4eacb95880062344 DependenciesID=a6a1c836ca13d0977f834dc74b759901 StaticDependenciesID=5203a7d42f97d6c5497ace0405f497b6 
Number of updated asset objects reloaded before import = 0
Number of asset objects unloaded after import = 0
========================================================================
Received Import Request.
  Time of request: 2026-08-19T16:55:58.2126028Z
  Time since last request: 0.0052356 seconds.
  importAddress: GUID: 920c7a6bcbdcb6c4f9efdc8e7b0d450c - Path: Assets/Scripts/Cards/DeckManager.cs - Importer: PreviewImporter
Importing 'GUID: 920c7a6bcbdcb6c4f9efdc8e7b0d450c - Path: Assets/Scripts/Cards/DeckManager.cs - Importer: PreviewImporter' with importer (PreviewImporter)
Imported 'GUID: 920c7a6bcbdcb6c4f9efdc8e7b0d450c' -> (Import Result ID: '0e959202186f839f787fc46568b30f91') in 0.001 seconds [static and dynamic dependencies]. Details - ImportResultOutputID=fc7777b06659fa4a4eacb95880062344 DependenciesID=a6a1c836ca13d0977f834dc74b759901 StaticDependenciesID=5203a7d42f97d6c5497ace0405f497b6 
Number of updated asset objects reloaded before import = 0
Number of asset objects unloaded after import = 0
========================================================================
Received Import Request.
  Time of request: 2026-08-19T16:55:58.2465993Z
  Time since last request: 0.0038212 seconds.
  importAddress: GUID: 920c7a6bcbdcb6c4f9efdc8e7b0d450c - Path: Assets/Scripts/Cards/DeckManager.cs - Importer: PreviewImporter
Importing 'GUID: 920c7a6bcbdcb6c4f9efdc8e7b0d450c - Path: Assets/Scripts/Cards/DeckManager.cs - Importer: PreviewImporter' with importer (PreviewImporter)
Imported 'GUID: 920c7a6bcbdcb6c4f9efdc8e7b0d450c' -> (Import Result ID: '0e959202186f839f787fc46568b30f91') in 0.001 seconds [static and dynamic dependencies]. Details - ImportResultOutputID=fc7777b06659fa4a4eacb95880062344 DependenciesID=a6a1c836ca13d0977f834dc74b759901 StaticDependenciesID=5203a7d42f97d6c5497ace0405f497b6 
Number of updated asset objects reloaded before import = 0
Number of asset objects unloaded after import = 0
========================================================================
Received Import Request.
  Time of request: 2026-08-19T16:55:58.2814077Z
  Time since last request: 0.0012095 seconds.
  importAddress: GUID: 920c7a6bcbdcb6c4f9efdc8e7b0d450c - Path: Assets/Scripts/Cards/DeckManager.cs - Importer: PreviewImporter
Importing 'GUID: 920c7a6bcbdcb6c4f9efdc8e7b0d450c - Path: Assets/Scripts/Cards/DeckManager.cs - Importer: PreviewImporter' with importer (PreviewImporter)
Imported 'GUID: 920c7a6bcbdcb6c4f9efdc8e7b0d450c' -> (Import Result ID: '0e959202186f839f787fc46568b30f91') in 0.001 seconds [static and dynamic dependencies]. Details - ImportResultOutputID=fc7777b06659fa4a4eacb95880062344 DependenciesID=a6a1c836ca13d0977f834dc74b759901 StaticDependenciesID=5203a7d42f97d6c5497ace0405f497b6 
Number of updated asset objects reloaded before import = 0
Number of asset objects unloaded after import = 0
========================================================================
Received Import Request.
  Time of request: 2026-08-19T16:55:58.3143741Z
  Time since last request: 0.0046203 seconds.
  importAddress: GUID: 920c7a6bcbdcb6c4f9efdc8e7b0d450c - Path: Assets/Scripts/Cards/DeckManager.cs - Importer: PreviewImporter
Importing 'GUID: 920c7a6bcbdcb6c4f9efdc8e7b0d450c - Path: Assets/Scripts/Cards/DeckManager.cs - Importer: PreviewImporter' with importer (PreviewImporter)
Imported 'GUID: 920c7a6bcbdcb6c4f9efdc8e7b0d450c' -> (Import Result ID: '0e959202186f839f787fc46568b30f91') in 0.001 seconds [static and dynamic dependencies]. Details - ImportResultOutputID=fc7777b06659fa4a4eacb95880062344 DependenciesID=a6a1c836ca13d0977f834dc74b759901 StaticDependenciesID=5203a7d42f97d6c5497ace0405f497b6 
Number of updated asset objects reloaded before import = 0
Number of asset objects unloaded after import = 0
========================================================================
Received Import Request.
  Time of request: 2026-08-19T16:55:58.3475333Z
  Time since last request: 0.0021826 seconds.
  importAddress: GUID: 920c7a6bcbdcb6c4f9efdc8e7b0d450c - Path: Assets/Scripts/Cards/DeckManager.cs - Importer: PreviewImporter
Importing 'GUID: 920c7a6bcbdcb6c4f9efdc8e7b0d450c - Path: Assets/Scripts/Cards/DeckManager.cs - Importer: PreviewImporter' with importer (PreviewImporter)
Imported 'GUID: 920c7a6bcbdcb6c4f9efdc8e7b0d450c' -> (Import Result ID: '0e959202186f839f787fc46568b30f91') in 0.001 seconds [static and dynamic dependencies]. Details - ImportResultOutputID=fc7777b06659fa4a4eacb95880062344 DependenciesID=a6a1c836ca13d0977f834dc74b759901 StaticDependenciesID=5203a7d42f97d6c5497ace0405f497b6 
Number of updated asset objects reloaded before import = 0
Number of asset objects unloaded after import = 0
========================================================================
Received Import Request.
  Time of request: 2026-08-19T16:55:58.3835842Z
  Time since last request: 0.0021675 seconds.
  importAddress: GUID: 920c7a6bcbdcb6c4f9efdc8e7b0d450c - Path: Assets/Scripts/Cards/DeckManager.cs - Importer: PreviewImporter
Importing 'GUID: 920c7a6bcbdcb6c4f9efdc8e7b0d450c - Path: Assets/Scripts/Cards/DeckManager.cs - Importer: PreviewImporter' with importer (PreviewImporter)
Imported 'GUID: 920c7a6bcbdcb6c4f9efdc8e7b0d450c' -> (Import Result ID: '0e959202186f839f787fc46568b30f91') in 0.001 seconds [static and dynamic dependencies]. Details - ImportResultOutputID=fc7777b06659fa4a4eacb95880062344 DependenciesID=a6a1c836ca13d0977f834dc74b759901 StaticDependenciesID=5203a7d42f97d6c5497ace0405f497b6 
Number of updated asset objects reloaded before import = 0
Number of asset objects unloaded after import = 0
========================================================================
Received Import Request.
  Time of request: 2026-08-19T16:55:58.4185299Z
  Time since last request: 0.0007293 seconds.
  importAddress: GUID: 920c7a6bcbdcb6c4f9efdc8e7b0d450c - Path: Assets/Scripts/Cards/DeckManager.cs - Importer: PreviewImporter
Importing 'GUID: 920c7a6bcbdcb6c4f9efdc8e7b0d450c - Path: Assets/Scripts/Cards/DeckManager.cs - Importer: PreviewImporter' with importer (PreviewImporter)
Imported 'GUID: 920c7a6bcbdcb6c4f9efdc8e7b0d450c' -> (Import Result ID: '0e959202186f839f787fc46568b30f91') in 0.001 seconds [static and dynamic dependencies]. Details - ImportResultOutputID=fc7777b06659fa4a4eacb95880062344 DependenciesID=a6a1c836ca13d0977f834dc74b759901 StaticDependenciesID=5203a7d42f97d6c5497ace0405f497b6 
Number of updated asset objects reloaded before import = 0
Number of asset objects unloaded after import = 0
========================================================================
Received Import Request.
  Time of request: 2026-08-19T16:55:58.454102Z
  Time since last request: 0.0035059 seconds.
  importAddress: GUID: 920c7a6bcbdcb6c4f9efdc8e7b0d450c - Path: Assets/Scripts/Cards/DeckManager.cs - Importer: PreviewImporter
Importing 'GUID: 920c7a6bcbdcb6c4f9efdc8e7b0d450c - Path: Assets/Scripts/Cards/DeckManager.cs - Importer: PreviewImporter' with importer (PreviewImporter)
Imported 'GUID: 920c7a6bcbdcb6c4f9efdc8e7b0d450c' -> (Import Result ID: '0e959202186f839f787fc46568b30f91') in 0.001 seconds [static and dynamic dependencies]. Details - ImportResultOutputID=fc7777b06659fa4a4eacb95880062344 DependenciesID=a6a1c836ca13d0977f834dc74b759901 StaticDependenciesID=5203a7d42f97d6c5497ace0405f497b6 
Number of updated asset objects reloaded before import = 0
Number of asset objects unloaded after import = 0
========================================================================
Received Import Request.
  Time of request: 2026-08-19T16:55:58.4880908Z
  Time since last request: 0.0041462 seconds.
  importAddress: GUID: 920c7a6bcbdcb6c4f9efdc8e7b0d450c - Path: Assets/Scripts/Cards/DeckManager.cs - Importer: PreviewImporter
Importing 'GUID: 920c7a6bcbdcb6c4f9efdc8e7b0d450c - Path: Assets/Scripts/Cards/DeckManager.cs - Importer: PreviewImporter' with importer (PreviewImporter)
Imported 'GUID: 920c7a6bcbdcb6c4f9efdc8e7b0d450c' -> (Import Result ID: '0e959202186f839f787fc46568b30f91') in 0.001 seconds [static and dynamic dependencies]. Details - ImportResultOutputID=fc7777b06659fa4a4eacb95880062344 DependenciesID=a6a1c836ca13d0977f834dc74b759901 StaticDependenciesID=5203a7d42f97d6c5497ace0405f497b6 
Number of updated asset objects reloaded before import = 0
Number of asset objects unloaded after import = 0
========================================================================
Received Import Request.
  Time of request: 2026-08-19T16:55:58.5197995Z
  Time since last request: 0.0006789 seconds.
  importAddress: GUID: 920c7a6bcbdcb6c4f9efdc8e7b0d450c - Path: Assets/Scripts/Cards/DeckManager.cs - Importer: PreviewImporter
Importing 'GUID: 920c7a6bcbdcb6c4f9efdc8e7b0d450c - Path: Assets/Scripts/Cards/DeckManager.cs - Importer: PreviewImporter' with importer (PreviewImporter)
Imported 'GUID: 920c7a6bcbdcb6c4f9efdc8e7b0d450c' -> (Import Result ID: '0e959202186f839f787fc46568b30f91') in 0.001 seconds [static and dynamic dependencies]. Details - ImportResultOutputID=fc7777b06659fa4a4eacb95880062344 DependenciesID=a6a1c836ca13d0977f834dc74b759901 StaticDependenciesID=5203a7d42f97d6c5497ace0405f497b6 
Number of updated asset objects reloaded before import = 0
Number of asset objects unloaded after import = 0
========================================================================
Received Import Request.
  Time of request: 2026-08-19T16:55:58.5588844Z
  Time since last request: 0.0053079 seconds.
  importAddress: GUID: 920c7a6bcbdcb6c4f9efdc8e7b0d450c - Path: Assets/Scripts/Cards/DeckManager.cs - Importer: PreviewImporter
Importing 'GUID: 920c7a6bcbdcb6c4f9efdc8e7b0d450c - Path: Assets/Scripts/Cards/DeckManager.cs - Importer: PreviewImporter' with importer (PreviewImporter)
Imported 'GUID: 920c7a6bcbdcb6c4f9efdc8e7b0d450c' -> (Import Result ID: '0e959202186f839f787fc46568b30f91') in 0.001 seconds [static and dynamic dependencies]. Details - ImportResultOutputID=fc7777b06659fa4a4eacb95880062344 DependenciesID=a6a1c836ca13d0977f834dc74b759901 StaticDependenciesID=5203a7d42f97d6c5497ace0405f497b6 
Number of updated asset objects reloaded before import = 0
Number of asset objects unloaded after import = 0
========================================================================
Received Import Request.
  Time of request: 2026-08-19T16:55:58.5968898Z
  Time since last request: 0.00093 seconds.
  importAddress: GUID: 920c7a6bcbdcb6c4f9efdc8e7b0d450c - Path: Assets/Scripts/Cards/DeckManager.cs - Importer: PreviewImporter
Importing 'GUID: 920c7a6bcbdcb6c4f9efdc8e7b0d450c - Path: Assets/Scripts/Cards/DeckManager.cs - Importer: PreviewImporter' with importer (PreviewImporter)
Imported 'GUID: 920c7a6bcbdcb6c4f9efdc8e7b0d450c' -> (Import Result ID: '0e959202186f839f787fc46568b30f91') in 0.001 seconds [static and dynamic dependencies]. Details - ImportResultOutputID=fc7777b06659fa4a4eacb95880062344 DependenciesID=a6a1c836ca13d0977f834dc74b759901 StaticDependenciesID=5203a7d42f97d6c5497ace0405f497b6 
Number of updated asset objects reloaded before import = 0
Number of asset objects unloaded after import = 0
========================================================================
Received Import Request.
  Time of request: 2026-08-19T16:55:58.6295717Z
  Time since last request: 0.0046087 seconds.
  importAddress: GUID: 920c7a6bcbdcb6c4f9efdc8e7b0d450c - Path: Assets/Scripts/Cards/DeckManager.cs - Importer: PreviewImporter
Importing 'GUID: 920c7a6bcbdcb6c4f9efdc8e7b0d450c - Path: Assets/Scripts/Cards/DeckManager.cs - Importer: PreviewImporter' with importer (PreviewImporter)
Imported 'GUID: 920c7a6bcbdcb6c4f9efdc8e7b0d450c' -> (Import Result ID: '0e959202186f839f787fc46568b30f91') in 0.001 seconds [static and dynamic dependencies]. Details - ImportResultOutputID=fc7777b06659fa4a4eacb95880062344 DependenciesID=a6a1c836ca13d0977f834dc74b759901 StaticDependenciesID=5203a7d42f97d6c5497ace0405f497b6 
Number of updated asset objects reloaded before import = 0
Number of asset objects unloaded after import = 0
========================================================================
Received Import Request.
  Time of request: 2026-08-19T16:55:58.6636279Z
  Time since last request: 0.0024559 seconds.
  importAddress: GUID: 920c7a6bcbdcb6c4f9efdc8e7b0d450c - Path: Assets/Scripts/Cards/DeckManager.cs - Importer: PreviewImporter
Importing 'GUID: 920c7a6bcbdcb6c4f9efdc8e7b0d450c - Path: Assets/Scripts/Cards/DeckManager.cs - Importer: PreviewImporter' with importer (PreviewImporter)
Imported 'GUID: 920c7a6bcbdcb6c4f9efdc8e7b0d450c' -> (Import Result ID: '0e959202186f839f787fc46568b30f91') in 0.001 seconds [static and dynamic dependencies]. Details - ImportResultOutputID=fc7777b06659fa4a4eacb95880062344 DependenciesID=a6a1c836ca13d0977f834dc74b759901 StaticDependenciesID=5203a7d42f97d6c5497ace0405f497b6 
Number of updated asset objects reloaded before import = 0
Number of asset objects unloaded after import = 0
========================================================================
Received Import Request.
  Time of request: 2026-08-19T16:55:58.6981085Z
  Time since last request: 0.0013089 seconds.
  importAddress: GUID: 920c7a6bcbdcb6c4f9efdc8e7b0d450c - Path: Assets/Scripts/Cards/DeckManager.cs - Importer: PreviewImporter
Importing 'GUID: 920c7a6bcbdcb6c4f9efdc8e7b0d450c - Path: Assets/Scripts/Cards/DeckManager.cs - Importer: PreviewImporter' with importer (PreviewImporter)
Imported 'GUID: 920c7a6bcbdcb6c4f9efdc8e7b0d450c' -> (Import Result ID: '0e959202186f839f787fc46568b30f91') in 0.001 seconds [static and dynamic dependencies]. Details - ImportResultOutputID=fc7777b06659fa4a4eacb95880062344 DependenciesID=a6a1c836ca13d0977f834dc74b759901 StaticDependenciesID=5203a7d42f97d6c5497ace0405f497b6 
Number of updated asset objects reloaded before import = 0
Number of asset objects unloaded after import = 0
========================================================================
Received Import Request.
  Time of request: 2026-08-19T16:55:58.732133Z
  Time since last request: 0.004504 seconds.
  importAddress: GUID: 920c7a6bcbdcb6c4f9efdc8e7b0d450c - Path: Assets/Scripts/Cards/DeckManager.cs - Importer: PreviewImporter
Importing 'GUID: 920c7a6bcbdcb6c4f9efdc8e7b0d450c - Path: Assets/Scripts/Cards/DeckManager.cs - Importer: PreviewImporter' with importer (PreviewImporter)
Imported 'GUID: 920c7a6bcbdcb6c4f9efdc8e7b0d450c' -> (Import Result ID: '0e959202186f839f787fc46568b30f91') in 0.001 seconds [static and dynamic dependencies]. Details - ImportResultOutputID=fc7777b06659fa4a4eacb95880062344 DependenciesID=a6a1c836ca13d0977f834dc74b759901 StaticDependenciesID=5203a7d42f97d6c5497ace0405f497b6 
Number of updated asset objects reloaded before import = 0
Number of asset objects unloaded after import = 0
========================================================================
Received Import Request.
  Time of request: 2026-08-19T16:55:58.7659492Z
  Time since last request: 0.0055877 seconds.
  importAddress: GUID: 920c7a6bcbdcb6c4f9efdc8e7b0d450c - Path: Assets/Scripts/Cards/DeckManager.cs - Importer: PreviewImporter
Importing 'GUID: 920c7a6bcbdcb6c4f9efdc8e7b0d450c - Path: Assets/Scripts/Cards/DeckManager.cs - Importer: PreviewImporter' with importer (PreviewImporter)
Imported 'GUID: 920c7a6bcbdcb6c4f9efdc8e7b0d450c' -> (Import Result ID: '0e959202186f839f787fc46568b30f91') in 0.001 seconds [static and dynamic dependencies]. Details - ImportResultOutputID=fc7777b06659fa4a4eacb95880062344 DependenciesID=a6a1c836ca13d0977f834dc74b759901 StaticDependenciesID=5203a7d42f97d6c5497ace0405f497b6 
Number of updated asset objects reloaded before import = 0
Number of asset objects unloaded after import = 0
========================================================================
Received Import Request.
  Time of request: 2026-08-19T16:55:58.7997194Z
  Time since last request: 0.0032183 seconds.
  importAddress: GUID: 920c7a6bcbdcb6c4f9efdc8e7b0d450c - Path: Assets/Scripts/Cards/DeckManager.cs - Importer: PreviewImporter
Importing 'GUID: 920c7a6bcbdcb6c4f9efdc8e7b0d450c - Path: Assets/Scripts/Cards/DeckManager.cs - Importer: PreviewImporter' with importer (PreviewImporter)
Imported 'GUID: 920c7a6bcbdcb6c4f9efdc8e7b0d450c' -> (Import Result ID: '0e959202186f839f787fc46568b30f91') in 0.001 seconds [static and dynamic dependencies]. Details - ImportResultOutputID=fc7777b06659fa4a4eacb95880062344 DependenciesID=a6a1c836ca13d0977f834dc74b759901 StaticDependenciesID=5203a7d42f97d6c5497ace0405f497b6 
Number of updated asset objects reloaded before import = 0
Number of asset objects unloaded after import = 0
========================================================================
Received Import Request.
  Time of request: 2026-08-19T16:55:58.8310968Z
  Time since last request: 0.0011705 seconds.
  importAddress: GUID: 920c7a6bcbdcb6c4f9efdc8e7b0d450c - Path: Assets/Scripts/Cards/DeckManager.cs - Importer: PreviewImporter
Importing 'GUID: 920c7a6bcbdcb6c4f9efdc8e7b0d450c - Path: Assets/Scripts/Cards/DeckManager.cs - Importer: PreviewImporter' with importer (PreviewImporter)
Imported 'GUID: 920c7a6bcbdcb6c4f9efdc8e7b0d450c' -> (Import Result ID: '0e959202186f839f787fc46568b30f91') in 0.001 seconds [static and dynamic dependencies]. Details - ImportResultOutputID=fc7777b06659fa4a4eacb95880062344 DependenciesID=a6a1c836ca13d0977f834dc74b759901 StaticDependenciesID=5203a7d42f97d6c5497ace0405f497b6 
Number of updated asset objects reloaded before import = 0
Number of asset objects unloaded after import = 0
========================================================================
Received Import Request.
  Time of request: 2026-08-19T16:55:58.8601834Z
  Time since last request: 0.0007229 seconds.
  importAddress: GUID: 920c7a6bcbdcb6c4f9efdc8e7b0d450c - Path: Assets/Scripts/Cards/DeckManager.cs - Importer: PreviewImporter
Importing 'GUID: 920c7a6bcbdcb6c4f9efdc8e7b0d450c - Path: Assets/Scripts/Cards/DeckManager.cs - Importer: PreviewImporter' with importer (PreviewImporter)
Imported 'GUID: 920c7a6bcbdcb6c4f9efdc8e7b0d450c' -> (Import Result ID: '0e959202186f839f787fc46568b30f91') in 0.001 seconds [static and dynamic dependencies]. Details - ImportResultOutputID=fc7777b06659fa4a4eacb95880062344 DependenciesID=a6a1c836ca13d0977f834dc74b759901 StaticDependenciesID=5203a7d42f97d6c5497ace0405f497b6 
Number of updated asset objects reloaded before import = 0
Number of asset objects unloaded after import = 0
========================================================================
Received Import Request.
  Time of request: 2026-08-19T16:55:58.8948184Z
  Time since last request: 0.0015719 seconds.
  importAddress: GUID: 920c7a6bcbdcb6c4f9efdc8e7b0d450c - Path: Assets/Scripts/Cards/DeckManager.cs - Importer: PreviewImporter
Importing 'GUID: 920c7a6bcbdcb6c4f9efdc8e7b0d450c - Path: Assets/Scripts/Cards/DeckManager.cs - Importer: PreviewImporter' with importer (PreviewImporter)
Imported 'GUID: 920c7a6bcbdcb6c4f9efdc8e7b0d450c' -> (Import Result ID: '0e959202186f839f787fc46568b30f91') in 0.001 seconds [static and dynamic dependencies]. Details - ImportResultOutputID=fc7777b06659fa4a4eacb95880062344 DependenciesID=a6a1c836ca13d0977f834dc74b759901 StaticDependenciesID=5203a7d42f97d6c5497ace0405f497b6 
Number of updated asset objects reloaded before import = 0
Number of asset objects unloaded after import = 0
========================================================================
Received Import Request.
  Time of request: 2026-08-19T16:55:58.9303089Z
  Time since last request: 0.0046868 seconds.
  importAddress: GUID: 920c7a6bcbdcb6c4f9efdc8e7b0d450c - Path: Assets/Scripts/Cards/DeckManager.cs - Importer: PreviewImporter
Importing 'GUID: 920c7a6bcbdcb6c4f9efdc8e7b0d450c - Path: Assets/Scripts/Cards/DeckManager.cs - Importer: PreviewImporter' with importer (PreviewImporter)
Imported 'GUID: 920c7a6bcbdcb6c4f9efdc8e7b0d450c' -> (Import Result ID: '0e959202186f839f787fc46568b30f91') in 0.001 seconds [static and dynamic dependencies]. Details - ImportResultOutputID=fc7777b06659fa4a4eacb95880062344 DependenciesID=a6a1c836ca13d0977f834dc74b759901 StaticDependenciesID=5203a7d42f97d6c5497ace0405f497b6 
Number of updated asset objects reloaded before import = 0
Number of asset objects unloaded after import = 0
========================================================================
Received Import Request.
  Time of request: 2026-08-19T16:55:58.9651038Z
  Time since last request: 0.0027147 seconds.
  importAddress: GUID: 920c7a6bcbdcb6c4f9efdc8e7b0d450c - Path: Assets/Scripts/Cards/DeckManager.cs - Importer: PreviewImporter
Importing 'GUID: 920c7a6bcbdcb6c4f9efdc8e7b0d450c - Path: Assets/Scripts/Cards/DeckManager.cs - Importer: PreviewImporter' with importer (PreviewImporter)
Imported 'GUID: 920c7a6bcbdcb6c4f9efdc8e7b0d450c' -> (Import Result ID: '0e959202186f839f787fc46568b30f91') in 0.001 seconds [static and dynamic dependencies]. Details - ImportResultOutputID=fc7777b06659fa4a4eacb95880062344 DependenciesID=a6a1c836ca13d0977f834dc74b759901 StaticDependenciesID=5203a7d42f97d6c5497ace0405f497b6 
Number of updated asset objects reloaded before import = 0
Number of asset objects unloaded after import = 0
========================================================================
Received Import Request.
  Time of request: 2026-08-19T16:55:59.0018225Z
  Time since last request: 0.00443 seconds.
  importAddress: GUID: 920c7a6bcbdcb6c4f9efdc8e7b0d450c - Path: Assets/Scripts/Cards/DeckManager.cs - Importer: PreviewImporter
Importing 'GUID: 920c7a6bcbdcb6c4f9efdc8e7b0d450c - Path: Assets/Scripts/Cards/DeckManager.cs - Importer: PreviewImporter' with importer (PreviewImporter)
Imported 'GUID: 920c7a6bcbdcb6c4f9efdc8e7b0d450c' -> (Import Result ID: '0e959202186f839f787fc46568b30f91') in 0.001 seconds [static and dynamic dependencies]. Details - ImportResultOutputID=fc7777b06659fa4a4eacb95880062344 DependenciesID=a6a1c836ca13d0977f834dc74b759901 StaticDependenciesID=5203a7d42f97d6c5497ace0405f497b6 
Number of updated asset objects reloaded before import = 0
Number of asset objects unloaded after import = 0
========================================================================
Received Import Request.
  Time of request: 2026-08-19T16:55:59.0397548Z
  Time since last request: 0.0020751 seconds.
  importAddress: GUID: 920c7a6bcbdcb6c4f9efdc8e7b0d450c - Path: Assets/Scripts/Cards/DeckManager.cs - Importer: PreviewImporter
Importing 'GUID: 920c7a6bcbdcb6c4f9efdc8e7b0d450c - Path: Assets/Scripts/Cards/DeckManager.cs - Importer: PreviewImporter' with importer (PreviewImporter)
Imported 'GUID: 920c7a6bcbdcb6c4f9efdc8e7b0d450c' -> (Import Result ID: '0e959202186f839f787fc46568b30f91') in 0.001 seconds [static and dynamic dependencies]. Details - ImportResultOutputID=fc7777b06659fa4a4eacb95880062344 DependenciesID=a6a1c836ca13d0977f834dc74b759901 StaticDependenciesID=5203a7d42f97d6c5497ace0405f497b6 
Number of updated asset objects reloaded before import = 0
Number of asset objects unloaded after import = 0
========================================================================
Received Import Request.
  Time of request: 2026-08-19T16:55:59.0772783Z
  Time since last request: 0.0042584 seconds.
  importAddress: GUID: 920c7a6bcbdcb6c4f9efdc8e7b0d450c - Path: Assets/Scripts/Cards/DeckManager.cs - Importer: PreviewImporter
Importing 'GUID: 920c7a6bcbdcb6c4f9efdc8e7b0d450c - Path: Assets/Scripts/Cards/DeckManager.cs - Importer: PreviewImporter' with importer (PreviewImporter)
Imported 'GUID: 920c7a6bcbdcb6c4f9efdc8e7b0d450c' -> (Import Result ID: '0e959202186f839f787fc46568b30f91') in 0.001 seconds [static and dynamic dependencies]. Details - ImportResultOutputID=fc7777b06659fa4a4eacb95880062344 DependenciesID=a6a1c836ca13d0977f834dc74b759901 StaticDependenciesID=5203a7d42f97d6c5497ace0405f497b6 
Number of updated asset objects reloaded before import = 0
Number of asset objects unloaded after import = 0
========================================================================
Received Import Request.
  Time of request: 2026-08-19T16:55:59.1099518Z
  Time since last request: 0.001195 seconds.
  importAddress: GUID: 920c7a6bcbdcb6c4f9efdc8e7b0d450c - Path: Assets/Scripts/Cards/DeckManager.cs - Importer: PreviewImporter
Importing 'GUID: 920c7a6bcbdcb6c4f9efdc8e7b0d450c - Path: Assets/Scripts/Cards/DeckManager.cs - Importer: PreviewImporter' with importer (PreviewImporter)
Imported 'GUID: 920c7a6bcbdcb6c4f9efdc8e7b0d450c' -> (Import Result ID: '0e959202186f839f787fc46568b30f91') in 0.001 seconds [static and dynamic dependencies]. Details - ImportResultOutputID=fc7777b06659fa4a4eacb95880062344 DependenciesID=a6a1c836ca13d0977f834dc74b759901 StaticDependenciesID=5203a7d42f97d6c5497ace0405f497b6 
Number of updated asset objects reloaded before import = 0
Number of asset objects unloaded after import = 0
========================================================================
Received Import Request.
  Time of request: 2026-08-19T16:55:59.1475057Z
  Time since last request: 0.0012599 seconds.
  importAddress: GUID: 920c7a6bcbdcb6c4f9efdc8e7b0d450c - Path: Assets/Scripts/Cards/DeckManager.cs - Importer: PreviewImporter
Importing 'GUID: 920c7a6bcbdcb6c4f9efdc8e7b0d450c - Path: Assets/Scripts/Cards/DeckManager.cs - Importer: PreviewImporter' with importer (PreviewImporter)
Imported 'GUID: 920c7a6bcbdcb6c4f9efdc8e7b0d450c' -> (Import Result ID: '0e959202186f839f787fc46568b30f91') in 0.001 seconds [static and dynamic dependencies]. Details - ImportResultOutputID=fc7777b06659fa4a4eacb95880062344 DependenciesID=a6a1c836ca13d0977f834dc74b759901 StaticDependenciesID=5203a7d42f97d6c5497ace0405f497b6 
Number of updated asset objects reloaded before import = 0
Number of asset objects unloaded after import = 0
========================================================================
Received Import Request.
  Time of request: 2026-08-19T16:55:59.1818033Z
  Time since last request: 0.0031905 seconds.
  importAddress: GUID: 920c7a6bcbdcb6c4f9efdc8e7b0d450c - Path: Assets/Scripts/Cards/DeckManager.cs - Importer: PreviewImporter
Importing 'GUID: 920c7a6bcbdcb6c4f9efdc8e7b0d450c - Path: Assets/Scripts/Cards/DeckManager.cs - Importer: PreviewImporter' with importer (PreviewImporter)
Imported 'GUID: 920c7a6bcbdcb6c4f9efdc8e7b0d450c' -> (Import Result ID: '0e959202186f839f787fc46568b30f91') in 0.001 seconds [static and dynamic dependencies]. Details - ImportResultOutputID=fc7777b06659fa4a4eacb95880062344 DependenciesID=a6a1c836ca13d0977f834dc74b759901 StaticDependenciesID=5203a7d42f97d6c5497ace0405f497b6 
Number of updated asset objects reloaded before import = 0
Number of asset objects unloaded after import = 0
========================================================================
Received Import Request.
  Time of request: 2026-08-19T16:55:59.2307119Z
  Time since last request: 0.0044128 seconds.
  importAddress: GUID: 920c7a6bcbdcb6c4f9efdc8e7b0d450c - Path: Assets/Scripts/Cards/DeckManager.cs - Importer: PreviewImporter
Importing 'GUID: 920c7a6bcbdcb6c4f9efdc8e7b0d450c - Path: Assets/Scripts/Cards/DeckManager.cs - Importer: PreviewImporter' with importer (PreviewImporter)
Imported 'GUID: 920c7a6bcbdcb6c4f9efdc8e7b0d450c' -> (Import Result ID: '0e959202186f839f787fc46568b30f91') in 0.001 seconds [static and dynamic dependencies]. Details - ImportResultOutputID=fc7777b06659fa4a4eacb95880062344 DependenciesID=a6a1c836ca13d0977f834dc74b759901 StaticDependenciesID=5203a7d42f97d6c5497ace0405f497b6 
Number of updated asset objects reloaded before import = 0
Number of asset objects unloaded after import = 0
========================================================================
Received Import Request.
  Time of request: 2026-08-19T16:55:59.26622Z
  Time since last request: 0.0047448 seconds.
  importAddress: GUID: 920c7a6bcbdcb6c4f9efdc8e7b0d450c - Path: Assets/Scripts/Cards/DeckManager.cs - Importer: PreviewImporter
Importing 'GUID: 920c7a6bcbdcb6c4f9efdc8e7b0d450c - Path: Assets/Scripts/Cards/DeckManager.cs - Importer: PreviewImporter' with importer (PreviewImporter)
Imported 'GUID: 920c7a6bcbdcb6c4f9efdc8e7b0d450c' -> (Import Result ID: '0e959202186f839f787fc46568b30f91') in 0.001 seconds [static and dynamic dependencies]. Details - ImportResultOutputID=fc7777b06659fa4a4eacb95880062344 DependenciesID=a6a1c836ca13d0977f834dc74b759901 StaticDependenciesID=5203a7d42f97d6c5497ace0405f497b6 
Number of updated asset objects reloaded before import = 0
Number of asset objects unloaded after import = 0
========================================================================
Received Import Request.
  Time of request: 2026-08-19T16:55:59.3087455Z
  Time since last request: 0.0058428 seconds.
  importAddress: GUID: 920c7a6bcbdcb6c4f9efdc8e7b0d450c - Path: Assets/Scripts/Cards/DeckManager.cs - Importer: PreviewImporter
Importing 'GUID: 920c7a6bcbdcb6c4f9efdc8e7b0d450c - Path: Assets/Scripts/Cards/DeckManager.cs - Importer: PreviewImporter' with importer (PreviewImporter)
Imported 'GUID: 920c7a6bcbdcb6c4f9efdc8e7b0d450c' -> (Import Result ID: '0e959202186f839f787fc46568b30f91') in 0.001 seconds [static and dynamic dependencies]. Details - ImportResultOutputID=fc7777b06659fa4a4eacb95880062344 DependenciesID=a6a1c836ca13d0977f834dc74b759901 StaticDependenciesID=5203a7d42f97d6c5497ace0405f497b6 
Number of updated asset objects reloaded before import = 0
Number of asset objects unloaded after import = 0
========================================================================
Received Import Request.
  Time of request: 2026-08-19T16:55:59.3456859Z
  Time since last request: 0.0009517 seconds.
  importAddress: GUID: 920c7a6bcbdcb6c4f9efdc8e7b0d450c - Path: Assets/Scripts/Cards/DeckManager.cs - Importer: PreviewImporter
Importing 'GUID: 920c7a6bcbdcb6c4f9efdc8e7b0d450c - Path: Assets/Scripts/Cards/DeckManager.cs - Importer: PreviewImporter' with importer (PreviewImporter)
Imported 'GUID: 920c7a6bcbdcb6c4f9efdc8e7b0d450c' -> (Import Result ID: '0e959202186f839f787fc46568b30f91') in 0.001 seconds [static and dynamic dependencies]. Details - ImportResultOutputID=fc7777b06659fa4a4eacb95880062344 DependenciesID=a6a1c836ca13d0977f834dc74b759901 StaticDependenciesID=5203a7d42f97d6c5497ace0405f497b6 
Number of updated asset objects reloaded before import = 0
Number of asset objects unloaded after import = 0
========================================================================
Received Import Request.
  Time of request: 2026-08-19T16:55:59.3817595Z
  Time since last request: 0.0014933 seconds.
  importAddress: GUID: 920c7a6bcbdcb6c4f9efdc8e7b0d450c - Path: Assets/Scripts/Cards/DeckManager.cs - Importer: PreviewImporter
Importing 'GUID: 920c7a6bcbdcb6c4f9efdc8e7b0d450c - Path: Assets/Scripts/Cards/DeckManager.cs - Importer: PreviewImporter' with importer (PreviewImporter)
Imported 'GUID: 920c7a6bcbdcb6c4f9efdc8e7b0d450c' -> (Import Result ID: '0e959202186f839f787fc46568b30f91') in 0.001 seconds [static and dynamic dependencies]. Details - ImportResultOutputID=fc7777b06659fa4a4eacb95880062344 DependenciesID=a6a1c836ca13d0977f834dc74b759901 StaticDependenciesID=5203a7d42f97d6c5497ace0405f497b6 
Number of updated asset objects reloaded before import = 0
Number of asset objects unloaded after import = 0
========================================================================
Received Import Request.
  Time of request: 2026-08-19T16:55:59.4137955Z
  Time since last request: 0.0008954 seconds.
  importAddress: GUID: 920c7a6bcbdcb6c4f9efdc8e7b0d450c - Path: Assets/Scripts/Cards/DeckManager.cs - Importer: PreviewImporter
Importing 'GUID: 920c7a6bcbdcb6c4f9efdc8e7b0d450c - Path: Assets/Scripts/Cards/DeckManager.cs - Importer: PreviewImporter' with importer (PreviewImporter)
Imported 'GUID: 920c7a6bcbdcb6c4f9efdc8e7b0d450c' -> (Import Result ID: '0e959202186f839f787fc46568b30f91') in 0.001 seconds [static and dynamic dependencies]. Details - ImportResultOutputID=fc7777b06659fa4a4eacb95880062344 DependenciesID=a6a1c836ca13d0977f834dc74b759901 StaticDependenciesID=5203a7d42f97d6c5497ace0405f497b6 
Number of updated asset objects reloaded before import = 0
Number of asset objects unloaded after import = 0
========================================================================
Received Import Request.
  Time of request: 2026-08-19T16:55:59.4520129Z
  Time since last request: 0.0027351 seconds.
  importAddress: GUID: 920c7a6bcbdcb6c4f9efdc8e7b0d450c - Path: Assets/Scripts/Cards/DeckManager.cs - Importer: PreviewImporter
Importing 'GUID: 920c7a6bcbdcb6c4f9efdc8e7b0d450c - Path: Assets/Scripts/Cards/DeckManager.cs - Importer: PreviewImporter' with importer (PreviewImporter)
Imported 'GUID: 920c7a6bcbdcb6c4f9efdc8e7b0d450c' -> (Import Result ID: '0e959202186f839f787fc46568b30f91') in 0.001 seconds [static and dynamic dependencies]. Details - ImportResultOutputID=fc7777b06659fa4a4eacb95880062344 DependenciesID=a6a1c836ca13d0977f834dc74b759901 StaticDependenciesID=5203a7d42f97d6c5497ace0405f497b6 
Number of updated asset objects reloaded before import = 0
Number of asset objects unloaded after import = 0
========================================================================
Received Import Request.
  Time of request: 2026-08-19T16:55:59.4900251Z
  Time since last request: 0.0028637 seconds.
  importAddress: GUID: 920c7a6bcbdcb6c4f9efdc8e7b0d450c - Path: Assets/Scripts/Cards/DeckManager.cs - Importer: PreviewImporter
Importing 'GUID: 920c7a6bcbdcb6c4f9efdc8e7b0d450c - Path: Assets/Scripts/Cards/DeckManager.cs - Importer: PreviewImporter' with importer (PreviewImporter)
Imported 'GUID: 920c7a6bcbdcb6c4f9efdc8e7b0d450c' -> (Import Result ID: '0e959202186f839f787fc46568b30f91') in 0.001 seconds [static and dynamic dependencies]. Details - ImportResultOutputID=fc7777b06659fa4a4eacb95880062344 DependenciesID=a6a1c836ca13d0977f834dc74b759901 StaticDependenciesID=5203a7d42f97d6c5497ace0405f497b6 
Number of updated asset objects reloaded before import = 0
Number of asset objects unloaded after import = 0
========================================================================
Received Import Request.
  Time of request: 2026-08-19T16:55:59.5251571Z
  Time since last request: 0.0035728 seconds.
  importAddress: GUID: 920c7a6bcbdcb6c4f9efdc8e7b0d450c - Path: Assets/Scripts/Cards/DeckManager.cs - Importer: PreviewImporter
Importing 'GUID: 920c7a6bcbdcb6c4f9efdc8e7b0d450c - Path: Assets/Scripts/Cards/DeckManager.cs - Importer: PreviewImporter' with importer (PreviewImporter)
Imported 'GUID: 920c7a6bcbdcb6c4f9efdc8e7b0d450c' -> (Import Result ID: '0e959202186f839f787fc46568b30f91') in 0.001 seconds [static and dynamic dependencies]. Details - ImportResultOutputID=fc7777b06659fa4a4eacb95880062344 DependenciesID=a6a1c836ca13d0977f834dc74b759901 StaticDependenciesID=5203a7d42f97d6c5497ace0405f497b6 
Number of updated asset objects reloaded before import = 0
Number of asset objects unloaded after import = 0
========================================================================
Received Import Request.
  Time of request: 2026-08-19T16:55:59.5584407Z
  Time since last request: 0.00343 seconds.
  importAddress: GUID: 920c7a6bcbdcb6c4f9efdc8e7b0d450c - Path: Assets/Scripts/Cards/DeckManager.cs - Importer: PreviewImporter
Importing 'GUID: 920c7a6bcbdcb6c4f9efdc8e7b0d450c - Path: Assets/Scripts/Cards/DeckManager.cs - Importer: PreviewImporter' with importer (PreviewImporter)
Imported 'GUID: 920c7a6bcbdcb6c4f9efdc8e7b0d450c' -> (Import Result ID: '0e959202186f839f787fc46568b30f91') in 0.001 seconds [static and dynamic dependencies]. Details - ImportResultOutputID=fc7777b06659fa4a4eacb95880062344 DependenciesID=a6a1c836ca13d0977f834dc74b759901 StaticDependenciesID=5203a7d42f97d6c5497ace0405f497b6 
Number of updated asset objects reloaded before import = 0
Number of asset objects unloaded after import = 0
========================================================================
Received Import Request.
  Time of request: 2026-08-19T16:55:59.5919553Z
  Time since last request: 0.0035847 seconds.
  importAddress: GUID: 920c7a6bcbdcb6c4f9efdc8e7b0d450c - Path: Assets/Scripts/Cards/DeckManager.cs - Importer: PreviewImporter
Importing 'GUID: 920c7a6bcbdcb6c4f9efdc8e7b0d450c - Path: Assets/Scripts/Cards/DeckManager.cs - Importer: PreviewImporter' with importer (PreviewImporter)
Imported 'GUID: 920c7a6bcbdcb6c4f9efdc8e7b0d450c' -> (Import Result ID: '0e959202186f839f787fc46568b30f91') in 0.001 seconds [static and dynamic dependencies]. Details - ImportResultOutputID=fc7777b06659fa4a4eacb95880062344 DependenciesID=a6a1c836ca13d0977f834dc74b759901 StaticDependenciesID=5203a7d42f97d6c5497ace0405f497b6 
Number of updated asset objects reloaded before import = 0
Number of asset objects unloaded after import = 0
========================================================================
Received Import Request.
  Time of request: 2026-08-19T16:55:59.6262096Z
  Time since last request: 0.0007058 seconds.
  importAddress: GUID: 920c7a6bcbdcb6c4f9efdc8e7b0d450c - Path: Assets/Scripts/Cards/DeckManager.cs - Importer: PreviewImporter
Importing 'GUID: 920c7a6bcbdcb6c4f9efdc8e7b0d450c - Path: Assets/Scripts/Cards/DeckManager.cs - Importer: PreviewImporter' with importer (PreviewImporter)
Imported 'GUID: 920c7a6bcbdcb6c4f9efdc8e7b0d450c' -> (Import Result ID: '0e959202186f839f787fc46568b30f91') in 0.001 seconds [static and dynamic dependencies]. Details - ImportResultOutputID=fc7777b06659fa4a4eacb95880062344 DependenciesID=a6a1c836ca13d0977f834dc74b759901 StaticDependenciesID=5203a7d42f97d6c5497ace0405f497b6 
Number of updated asset objects reloaded before import = 0
Number of asset objects unloaded after import = 0
========================================================================
Received Import Request.
  Time of request: 2026-08-19T16:55:59.6593013Z
  Time since last request: 0.000773 seconds.
  importAddress: GUID: 920c7a6bcbdcb6c4f9efdc8e7b0d450c - Path: Assets/Scripts/Cards/DeckManager.cs - Importer: PreviewImporter
Importing 'GUID: 920c7a6bcbdcb6c4f9efdc8e7b0d450c - Path: Assets/Scripts/Cards/DeckManager.cs - Importer: PreviewImporter' with importer (PreviewImporter)
Imported 'GUID: 920c7a6bcbdcb6c4f9efdc8e7b0d450c' -> (Import Result ID: '0e959202186f839f787fc46568b30f91') in 0.001 seconds [static and dynamic dependencies]. Details - ImportResultOutputID=fc7777b06659fa4a4eacb95880062344 DependenciesID=a6a1c836ca13d0977f834dc74b759901 StaticDependenciesID=5203a7d42f97d6c5497ace0405f497b6 
Number of updated asset objects reloaded before import = 0
Number of asset objects unloaded after import = 0
========================================================================
Received Import Request.
  Time of request: 2026-08-19T16:55:59.6937178Z
  Time since last request: 0.0016273 seconds.
  importAddress: GUID: 920c7a6bcbdcb6c4f9efdc8e7b0d450c - Path: Assets/Scripts/Cards/DeckManager.cs - Importer: PreviewImporter
Importing 'GUID: 920c7a6bcbdcb6c4f9efdc8e7b0d450c - Path: Assets/Scripts/Cards/DeckManager.cs - Importer: PreviewImporter' with importer (PreviewImporter)
Imported 'GUID: 920c7a6bcbdcb6c4f9efdc8e7b0d450c' -> (Import Result ID: '0e959202186f839f787fc46568b30f91') in 0.001 seconds [static and dynamic dependencies]. Details - ImportResultOutputID=fc7777b06659fa4a4eacb95880062344 DependenciesID=a6a1c836ca13d0977f834dc74b759901 StaticDependenciesID=5203a7d42f97d6c5497ace0405f497b6 
Number of updated asset objects reloaded before import = 0
Number of asset objects unloaded after import = 0
========================================================================
Received Import Request.
  Time of request: 2026-08-19T16:55:59.7281273Z
  Time since last request: 0.0018232 seconds.
  importAddress: GUID: 920c7a6bcbdcb6c4f9efdc8e7b0d450c - Path: Assets/Scripts/Cards/DeckManager.cs - Importer: PreviewImporter
Importing 'GUID: 920c7a6bcbdcb6c4f9efdc8e7b0d450c - Path: Assets/Scripts/Cards/DeckManager.cs - Importer: PreviewImporter' with importer (PreviewImporter)
Imported 'GUID: 920c7a6bcbdcb6c4f9efdc8e7b0d450c' -> (Import Result ID: '0e959202186f839f787fc46568b30f91') in 0.001 seconds [static and dynamic dependencies]. Details - ImportResultOutputID=fc7777b06659fa4a4eacb95880062344 DependenciesID=a6a1c836ca13d0977f834dc74b759901 StaticDependenciesID=5203a7d42f97d6c5497ace0405f497b6 
Number of updated asset objects reloaded before import = 0
Number of asset objects unloaded after import = 0
========================================================================
Received Import Request.
  Time of request: 2026-08-19T16:55:59.7612007Z
  Time since last request: 0.001791 seconds.
  importAddress: GUID: 920c7a6bcbdcb6c4f9efdc8e7b0d450c - Path: Assets/Scripts/Cards/DeckManager.cs - Importer: PreviewImporter
Importing 'GUID: 920c7a6bcbdcb6c4f9efdc8e7b0d450c - Path: Assets/Scripts/Cards/DeckManager.cs - Importer: PreviewImporter' with importer (PreviewImporter)
Imported 'GUID: 920c7a6bcbdcb6c4f9efdc8e7b0d450c' -> (Import Result ID: '0e959202186f839f787fc46568b30f91') in 0.001 seconds [static and dynamic dependencies]. Details - ImportResultOutputID=fc7777b06659fa4a4eacb95880062344 DependenciesID=a6a1c836ca13d0977f834dc74b759901 StaticDependenciesID=5203a7d42f97d6c5497ace0405f497b6 
Number of updated asset objects reloaded before import = 0
Number of asset objects unloaded after import = 0
========================================================================
Received Import Request.
  Time of request: 2026-08-19T16:55:59.7946965Z
  Time since last request: 0.0025802 seconds.
  importAddress: GUID: 920c7a6bcbdcb6c4f9efdc8e7b0d450c - Path: Assets/Scripts/Cards/DeckManager.cs - Importer: PreviewImporter
Importing 'GUID: 920c7a6bcbdcb6c4f9efdc8e7b0d450c - Path: Assets/Scripts/Cards/DeckManager.cs - Importer: PreviewImporter' with importer (PreviewImporter)
Imported 'GUID: 920c7a6bcbdcb6c4f9efdc8e7b0d450c' -> (Import Result ID: '0e959202186f839f787fc46568b30f91') in 0.001 seconds [static and dynamic dependencies]. Details - ImportResultOutputID=fc7777b06659fa4a4eacb95880062344 DependenciesID=a6a1c836ca13d0977f834dc74b759901 StaticDependenciesID=5203a7d42f97d6c5497ace0405f497b6 
Number of updated asset objects reloaded before import = 0
Number of asset objects unloaded after import = 0
========================================================================
Received Import Request.
  Time of request: 2026-08-19T16:55:59.8296658Z
  Time since last request: 0.000699 seconds.
  importAddress: GUID: 920c7a6bcbdcb6c4f9efdc8e7b0d450c - Path: Assets/Scripts/Cards/DeckManager.cs - Importer: PreviewImporter
Importing 'GUID: 920c7a6bcbdcb6c4f9efdc8e7b0d450c - Path: Assets/Scripts/Cards/DeckManager.cs - Importer: PreviewImporter' with importer (PreviewImporter)
Imported 'GUID: 920c7a6bcbdcb6c4f9efdc8e7b0d450c' -> (Import Result ID: '0e959202186f839f787fc46568b30f91') in 0.001 seconds [static and dynamic dependencies]. Details - ImportResultOutputID=fc7777b06659fa4a4eacb95880062344 DependenciesID=a6a1c836ca13d0977f834dc74b759901 StaticDependenciesID=5203a7d42f97d6c5497ace0405f497b6 
Number of updated asset objects reloaded before import = 0
Number of asset objects unloaded after import = 0
========================================================================
Received Import Request.
  Time of request: 2026-08-19T16:55:59.8625798Z
  Time since last request: 0.0045688 seconds.
  importAddress: GUID: 920c7a6bcbdcb6c4f9efdc8e7b0d450c - Path: Assets/Scripts/Cards/DeckManager.cs - Importer: PreviewImporter
Importing 'GUID: 920c7a6bcbdcb6c4f9efdc8e7b0d450c - Path: Assets/Scripts/Cards/DeckManager.cs - Importer: PreviewImporter' with importer (PreviewImporter)
Imported 'GUID: 920c7a6bcbdcb6c4f9efdc8e7b0d450c' -> (Import Result ID: '0e959202186f839f787fc46568b30f91') in 0.001 seconds [static and dynamic dependencies]. Details - ImportResultOutputID=fc7777b06659fa4a4eacb95880062344 DependenciesID=a6a1c836ca13d0977f834dc74b759901 StaticDependenciesID=5203a7d42f97d6c5497ace0405f497b6 
Number of updated asset objects reloaded before import = 0
Number of asset objects unloaded after import = 0
========================================================================
Received Import Request.
  Time of request: 2026-08-19T16:55:59.8991997Z
  Time since last request: 0.004356 seconds.
  importAddress: GUID: 920c7a6bcbdcb6c4f9efdc8e7b0d450c - Path: Assets/Scripts/Cards/DeckManager.cs - Importer: PreviewImporter
Importing 'GUID: 920c7a6bcbdcb6c4f9efdc8e7b0d450c - Path: Assets/Scripts/Cards/DeckManager.cs - Importer: PreviewImporter' with importer (PreviewImporter)
Imported 'GUID: 920c7a6bcbdcb6c4f9efdc8e7b0d450c' -> (Import Result ID: '0e959202186f839f787fc46568b30f91') in 0.001 seconds [static and dynamic dependencies]. Details - ImportResultOutputID=fc7777b06659fa4a4eacb95880062344 DependenciesID=a6a1c836ca13d0977f834dc74b759901 StaticDependenciesID=5203a7d42f97d6c5497ace0405f497b6 
Number of updated asset objects reloaded before import = 0
Number of asset objects unloaded after import = 0
========================================================================
Received Import Request.
  Time of request: 2026-08-19T16:55:59.9309785Z
  Time since last request: 0.0019797 seconds.
  importAddress: GUID: 920c7a6bcbdcb6c4f9efdc8e7b0d450c - Path: Assets/Scripts/Cards/DeckManager.cs - Importer: PreviewImporter
Importing 'GUID: 920c7a6bcbdcb6c4f9efdc8e7b0d450c - Path: Assets/Scripts/Cards/DeckManager.cs - Importer: PreviewImporter' with importer (PreviewImporter)
Imported 'GUID: 920c7a6bcbdcb6c4f9efdc8e7b0d450c' -> (Import Result ID: '0e959202186f839f787fc46568b30f91') in 0.001 seconds [static and dynamic dependencies]. Details - ImportResultOutputID=fc7777b06659fa4a4eacb95880062344 DependenciesID=a6a1c836ca13d0977f834dc74b759901 StaticDependenciesID=5203a7d42f97d6c5497ace0405f497b6 
Number of updated asset objects reloaded before import = 0
Number of asset objects unloaded after import = 0
========================================================================
Received Import Request.
  Time of request: 2026-08-19T16:55:59.9637912Z
  Time since last request: 0.0043437 seconds.
  importAddress: GUID: 920c7a6bcbdcb6c4f9efdc8e7b0d450c - Path: Assets/Scripts/Cards/DeckManager.cs - Importer: PreviewImporter
Importing 'GUID: 920c7a6bcbdcb6c4f9efdc8e7b0d450c - Path: Assets/Scripts/Cards/DeckManager.cs - Importer: PreviewImporter' with importer (PreviewImporter)
Imported 'GUID: 920c7a6bcbdcb6c4f9efdc8e7b0d450c' -> (Import Result ID: '0e959202186f839f787fc46568b30f91') in 0.001 seconds [static and dynamic dependencies]. Details - ImportResultOutputID=fc7777b06659fa4a4eacb95880062344 DependenciesID=a6a1c836ca13d0977f834dc74b759901 StaticDependenciesID=5203a7d42f97d6c5497ace0405f497b6 
Number of updated asset objects reloaded before import = 0
Number of asset objects unloaded after import = 0
========================================================================
Received Import Request.
  Time of request: 2026-08-19T16:55:59.9947148Z
  Time since last request: 0.0042301 seconds.
  importAddress: GUID: 920c7a6bcbdcb6c4f9efdc8e7b0d450c - Path: Assets/Scripts/Cards/DeckManager.cs - Importer: PreviewImporter
Importing 'GUID: 920c7a6bcbdcb6c4f9efdc8e7b0d450c - Path: Assets/Scripts/Cards/DeckManager.cs - Importer: PreviewImporter' with importer (PreviewImporter)
Imported 'GUID: 920c7a6bcbdcb6c4f9efdc8e7b0d450c' -> (Import Result ID: '0e959202186f839f787fc46568b30f91') in 0.001 seconds [static and dynamic dependencies]. Details - ImportResultOutputID=fc7777b06659fa4a4eacb95880062344 DependenciesID=a6a1c836ca13d0977f834dc74b759901 StaticDependenciesID=5203a7d42f97d6c5497ace0405f497b6 
Number of updated asset objects reloaded before import = 0
Number of asset objects unloaded after import = 0
========================================================================
Received Import Request.
  Time of request: 2026-08-19T16:56:00.0353581Z
  Time since last request: 0.0033426 seconds.
  importAddress: GUID: 920c7a6bcbdcb6c4f9efdc8e7b0d450c - Path: Assets/Scripts/Cards/DeckManager.cs - Importer: PreviewImporter
Importing 'GUID: 920c7a6bcbdcb6c4f9efdc8e7b0d450c - Path: Assets/Scripts/Cards/DeckManager.cs - Importer: PreviewImporter' with importer (PreviewImporter)
Imported 'GUID: 920c7a6bcbdcb6c4f9efdc8e7b0d450c' -> (Import Result ID: '0e959202186f839f787fc46568b30f91') in 0.001 seconds [static and dynamic dependencies]. Details - ImportResultOutputID=fc7777b06659fa4a4eacb95880062344 DependenciesID=a6a1c836ca13d0977f834dc74b759901 StaticDependenciesID=5203a7d42f97d6c5497ace0405f497b6 
Number of updated asset objects reloaded before import = 0
Number of asset objects unloaded after import = 0
========================================================================
Received Import Request.
  Time of request: 2026-08-19T16:56:00.0657168Z
  Time since last request: 0.0027016 seconds.
  importAddress: GUID: 920c7a6bcbdcb6c4f9efdc8e7b0d450c - Path: Assets/Scripts/Cards/DeckManager.cs - Importer: PreviewImporter
Importing 'GUID: 920c7a6bcbdcb6c4f9efdc8e7b0d450c - Path: Assets/Scripts/Cards/DeckManager.cs - Importer: PreviewImporter' with importer (PreviewImporter)
Imported 'GUID: 920c7a6bcbdcb6c4f9efdc8e7b0d450c' -> (Import Result ID: '0e959202186f839f787fc46568b30f91') in 0.001 seconds [static and dynamic dependencies]. Details - ImportResultOutputID=fc7777b06659fa4a4eacb95880062344 DependenciesID=a6a1c836ca13d0977f834dc74b759901 StaticDependenciesID=5203a7d42f97d6c5497ace0405f497b6 
Number of updated asset objects reloaded before import = 0
Number of asset objects unloaded after import = 0
========================================================================
Received Import Request.
  Time of request: 2026-08-19T16:56:00.0900511Z
  Time since last request: 0.0005855 seconds.
  importAddress: GUID: 920c7a6bcbdcb6c4f9efdc8e7b0d450c - Path: Assets/Scripts/Cards/DeckManager.cs - Importer: PreviewImporter
Importing 'GUID: 920c7a6bcbdcb6c4f9efdc8e7b0d450c - Path: Assets/Scripts/Cards/DeckManager.cs - Importer: PreviewImporter' with importer (PreviewImporter)
Imported 'GUID: 920c7a6bcbdcb6c4f9efdc8e7b0d450c' -> (Import Result ID: '0e959202186f839f787fc46568b30f91') in 0.001 seconds [static and dynamic dependencies]. Details - ImportResultOutputID=fc7777b06659fa4a4eacb95880062344 DependenciesID=a6a1c836ca13d0977f834dc74b759901 StaticDependenciesID=5203a7d42f97d6c5497ace0405f497b6 
Number of updated asset objects reloaded before import = 0
Number of asset objects unloaded after import = 0
========================================================================
Received Import Request.
  Time of request: 2026-08-19T16:56:00.1228295Z
  Time since last request: 0.0041963 seconds.
  importAddress: GUID: 920c7a6bcbdcb6c4f9efdc8e7b0d450c - Path: Assets/Scripts/Cards/DeckManager.cs - Importer: PreviewImporter
Importing 'GUID: 920c7a6bcbdcb6c4f9efdc8e7b0d450c - Path: Assets/Scripts/Cards/DeckManager.cs - Importer: PreviewImporter' with importer (PreviewImporter)
Imported 'GUID: 920c7a6bcbdcb6c4f9efdc8e7b0d450c' -> (Import Result ID: '0e959202186f839f787fc46568b30f91') in 0.001 seconds [static and dynamic dependencies]. Details - ImportResultOutputID=fc7777b06659fa4a4eacb95880062344 DependenciesID=a6a1c836ca13d0977f834dc74b759901 StaticDependenciesID=5203a7d42f97d6c5497ace0405f497b6 
Number of updated asset objects reloaded before import = 0
Number of asset objects unloaded after import = 0
========================================================================
Received Import Request.
  Time of request: 2026-08-19T16:56:00.1547889Z
  Time since last request: 0.0013908 seconds.
  importAddress: GUID: 920c7a6bcbdcb6c4f9efdc8e7b0d450c - Path: Assets/Scripts/Cards/DeckManager.cs - Importer: PreviewImporter
Importing 'GUID: 920c7a6bcbdcb6c4f9efdc8e7b0d450c - Path: Assets/Scripts/Cards/DeckManager.cs - Importer: PreviewImporter' with importer (PreviewImporter)
Imported 'GUID: 920c7a6bcbdcb6c4f9efdc8e7b0d450c' -> (Import Result ID: '0e959202186f839f787fc46568b30f91') in 0.001 seconds [static and dynamic dependencies]. Details - ImportResultOutputID=fc7777b06659fa4a4eacb95880062344 DependenciesID=a6a1c836ca13d0977f834dc74b759901 StaticDependenciesID=5203a7d42f97d6c5497ace0405f497b6 
Number of updated asset objects reloaded before import = 0
Number of asset objects unloaded after import = 0
========================================================================
Received Import Request.
  Time of request: 2026-08-19T16:56:00.1860438Z
  Time since last request: 0.0006238 seconds.
  importAddress: GUID: 920c7a6bcbdcb6c4f9efdc8e7b0d450c - Path: Assets/Scripts/Cards/DeckManager.cs - Importer: PreviewImporter
Importing 'GUID: 920c7a6bcbdcb6c4f9efdc8e7b0d450c - Path: Assets/Scripts/Cards/DeckManager.cs - Importer: PreviewImporter' with importer (PreviewImporter)
Imported 'GUID: 920c7a6bcbdcb6c4f9efdc8e7b0d450c' -> (Import Result ID: '0e959202186f839f787fc46568b30f91') in 0.001 seconds [static and dynamic dependencies]. Details - ImportResultOutputID=fc7777b06659fa4a4eacb95880062344 DependenciesID=a6a1c836ca13d0977f834dc74b759901 StaticDependenciesID=5203a7d42f97d6c5497ace0405f497b6 
Number of updated asset objects reloaded before import = 0
Number of asset objects unloaded after import = 0
========================================================================
Received Import Request.
  Time of request: 2026-08-19T16:56:00.2159856Z
  Time since last request: 0.0028089 seconds.
  importAddress: GUID: 920c7a6bcbdcb6c4f9efdc8e7b0d450c - Path: Assets/Scripts/Cards/DeckManager.cs - Importer: PreviewImporter
Importing 'GUID: 920c7a6bcbdcb6c4f9efdc8e7b0d450c - Path: Assets/Scripts/Cards/DeckManager.cs - Importer: PreviewImporter' with importer (PreviewImporter)
Imported 'GUID: 920c7a6bcbdcb6c4f9efdc8e7b0d450c' -> (Import Result ID: '0e959202186f839f787fc46568b30f91') in 0.001 seconds [static and dynamic dependencies]. Details - ImportResultOutputID=fc7777b06659fa4a4eacb95880062344 DependenciesID=a6a1c836ca13d0977f834dc74b759901 StaticDependenciesID=5203a7d42f97d6c5497ace0405f497b6 
Number of updated asset objects reloaded before import = 0
Number of asset objects unloaded after import = 0
========================================================================
Received Import Request.
  Time of request: 2026-08-19T16:56:00.2478332Z
  Time since last request: 0.0008028 seconds.
  importAddress: GUID: 920c7a6bcbdcb6c4f9efdc8e7b0d450c - Path: Assets/Scripts/Cards/DeckManager.cs - Importer: PreviewImporter
Importing 'GUID: 920c7a6bcbdcb6c4f9efdc8e7b0d450c - Path: Assets/Scripts/Cards/DeckManager.cs - Importer: PreviewImporter' with importer (PreviewImporter)
Imported 'GUID: 920c7a6bcbdcb6c4f9efdc8e7b0d450c' -> (Import Result ID: '0e959202186f839f787fc46568b30f91') in 0.001 seconds [static and dynamic dependencies]. Details - ImportResultOutputID=fc7777b06659fa4a4eacb95880062344 DependenciesID=a6a1c836ca13d0977f834dc74b759901 StaticDependenciesID=5203a7d42f97d6c5497ace0405f497b6 
Number of updated asset objects reloaded before import = 0
Number of asset objects unloaded after import = 0
========================================================================
Received Import Request.
  Time of request: 2026-08-19T16:56:00.2840591Z
  Time since last request: 0.0043186 seconds.
  importAddress: GUID: 920c7a6bcbdcb6c4f9efdc8e7b0d450c - Path: Assets/Scripts/Cards/DeckManager.cs - Importer: PreviewImporter
Importing 'GUID: 920c7a6bcbdcb6c4f9efdc8e7b0d450c - Path: Assets/Scripts/Cards/DeckManager.cs - Importer: PreviewImporter' with importer (PreviewImporter)
Imported 'GUID: 920c7a6bcbdcb6c4f9efdc8e7b0d450c' -> (Import Result ID: '0e959202186f839f787fc46568b30f91') in 0.001 seconds [static and dynamic dependencies]. Details - ImportResultOutputID=fc7777b06659fa4a4eacb95880062344 DependenciesID=a6a1c836ca13d0977f834dc74b759901 StaticDependenciesID=5203a7d42f97d6c5497ace0405f497b6 
Number of updated asset objects reloaded before import = 0
Number of asset objects unloaded after import = 0
========================================================================
Received Import Request.
  Time of request: 2026-08-19T16:56:00.3119756Z
  Time since last request: 0.0007869 seconds.
  importAddress: GUID: 920c7a6bcbdcb6c4f9efdc8e7b0d450c - Path: Assets/Scripts/Cards/DeckManager.cs - Importer: PreviewImporter
Importing 'GUID: 920c7a6bcbdcb6c4f9efdc8e7b0d450c - Path: Assets/Scripts/Cards/DeckManager.cs - Importer: PreviewImporter' with importer (PreviewImporter)
Imported 'GUID: 920c7a6bcbdcb6c4f9efdc8e7b0d450c' -> (Import Result ID: '0e959202186f839f787fc46568b30f91') in 0.001 seconds [static and dynamic dependencies]. Details - ImportResultOutputID=fc7777b06659fa4a4eacb95880062344 DependenciesID=a6a1c836ca13d0977f834dc74b759901 StaticDependenciesID=5203a7d42f97d6c5497ace0405f497b6 
Number of updated asset objects reloaded before import = 0
Number of asset objects unloaded after import = 0
========================================================================
Received Import Request.
  Time of request: 2026-08-19T16:56:00.3468357Z
  Time since last request: 0.004988 seconds.
  importAddress: GUID: 920c7a6bcbdcb6c4f9efdc8e7b0d450c - Path: Assets/Scripts/Cards/DeckManager.cs - Importer: PreviewImporter
Importing 'GUID: 920c7a6bcbdcb6c4f9efdc8e7b0d450c - Path: Assets/Scripts/Cards/DeckManager.cs - Importer: PreviewImporter' with importer (PreviewImporter)
Imported 'GUID: 920c7a6bcbdcb6c4f9efdc8e7b0d450c' -> (Import Result ID: '0e959202186f839f787fc46568b30f91') in 0.001 seconds [static and dynamic dependencies]. Details - ImportResultOutputID=fc7777b06659fa4a4eacb95880062344 DependenciesID=a6a1c836ca13d0977f834dc74b759901 StaticDependenciesID=5203a7d42f97d6c5497ace0405f497b6 
Number of updated asset objects reloaded before import = 0
Number of asset objects unloaded after import = 0
========================================================================
Received Import Request.
  Time of request: 2026-08-19T16:56:00.38279Z
  Time since last request: 0.0047568 seconds.
  importAddress: GUID: 920c7a6bcbdcb6c4f9efdc8e7b0d450c - Path: Assets/Scripts/Cards/DeckManager.cs - Importer: PreviewImporter
Importing 'GUID: 920c7a6bcbdcb6c4f9efdc8e7b0d450c - Path: Assets/Scripts/Cards/DeckManager.cs - Importer: PreviewImporter' with importer (PreviewImporter)
Imported 'GUID: 920c7a6bcbdcb6c4f9efdc8e7b0d450c' -> (Import Result ID: '0e959202186f839f787fc46568b30f91') in 0.001 seconds [static and dynamic dependencies]. Details - ImportResultOutputID=fc7777b06659fa4a4eacb95880062344 DependenciesID=a6a1c836ca13d0977f834dc74b759901 StaticDependenciesID=5203a7d42f97d6c5497ace0405f497b6 
Number of updated asset objects reloaded before import = 0
Number of asset objects unloaded after import = 0
========================================================================
Received Import Request.
  Time of request: 2026-08-19T16:56:00.4141178Z
  Time since last request: 0.0047351 seconds.
  importAddress: GUID: 920c7a6bcbdcb6c4f9efdc8e7b0d450c - Path: Assets/Scripts/Cards/DeckManager.cs - Importer: PreviewImporter
Importing 'GUID: 920c7a6bcbdcb6c4f9efdc8e7b0d450c - Path: Assets/Scripts/Cards/DeckManager.cs - Importer: PreviewImporter' with importer (PreviewImporter)
Imported 'GUID: 920c7a6bcbdcb6c4f9efdc8e7b0d450c' -> (Import Result ID: '0e959202186f839f787fc46568b30f91') in 0.001 seconds [static and dynamic dependencies]. Details - ImportResultOutputID=fc7777b06659fa4a4eacb95880062344 DependenciesID=a6a1c836ca13d0977f834dc74b759901 StaticDependenciesID=5203a7d42f97d6c5497ace0405f497b6 
Number of updated asset objects reloaded before import = 0
Number of asset objects unloaded after import = 0
========================================================================
Received Import Request.
  Time of request: 2026-08-19T16:56:00.4426222Z
  Time since last request: 0.0018208 seconds.
  importAddress: GUID: 920c7a6bcbdcb6c4f9efdc8e7b0d450c - Path: Assets/Scripts/Cards/DeckManager.cs - Importer: PreviewImporter
Importing 'GUID: 920c7a6bcbdcb6c4f9efdc8e7b0d450c - Path: Assets/Scripts/Cards/DeckManager.cs - Importer: PreviewImporter' with importer (PreviewImporter)
Imported 'GUID: 920c7a6bcbdcb6c4f9efdc8e7b0d450c' -> (Import Result ID: '0e959202186f839f787fc46568b30f91') in 0.001 seconds [static and dynamic dependencies]. Details - ImportResultOutputID=fc7777b06659fa4a4eacb95880062344 DependenciesID=a6a1c836ca13d0977f834dc74b759901 StaticDependenciesID=5203a7d42f97d6c5497ace0405f497b6 
Number of updated asset objects reloaded before import = 0
Number of asset objects unloaded after import = 0
========================================================================
Received Import Request.
  Time of request: 2026-08-19T16:56:00.4742914Z
  Time since last request: 0.004838 seconds.
  importAddress: GUID: 920c7a6bcbdcb6c4f9efdc8e7b0d450c - Path: Assets/Scripts/Cards/DeckManager.cs - Importer: PreviewImporter
Importing 'GUID: 920c7a6bcbdcb6c4f9efdc8e7b0d450c - Path: Assets/Scripts/Cards/DeckManager.cs - Importer: PreviewImporter' with importer (PreviewImporter)
Imported 'GUID: 920c7a6bcbdcb6c4f9efdc8e7b0d450c' -> (Import Result ID: '0e959202186f839f787fc46568b30f91') in 0.001 seconds [static and dynamic dependencies]. Details - ImportResultOutputID=fc7777b06659fa4a4eacb95880062344 DependenciesID=a6a1c836ca13d0977f834dc74b759901 StaticDependenciesID=5203a7d42f97d6c5497ace0405f497b6 
Number of updated asset objects reloaded before import = 0
Number of asset objects unloaded after import = 0
========================================================================
Received Import Request.
  Time of request: 2026-08-19T16:56:00.508879Z
  Time since last request: 0.0046409 seconds.
  importAddress: GUID: 920c7a6bcbdcb6c4f9efdc8e7b0d450c - Path: Assets/Scripts/Cards/DeckManager.cs - Importer: PreviewImporter
Importing 'GUID: 920c7a6bcbdcb6c4f9efdc8e7b0d450c - Path: Assets/Scripts/Cards/DeckManager.cs - Importer: PreviewImporter' with importer (PreviewImporter)
Imported 'GUID: 920c7a6bcbdcb6c4f9efdc8e7b0d450c' -> (Import Result ID: '0e959202186f839f787fc46568b30f91') in 0.001 seconds [static and dynamic dependencies]. Details - ImportResultOutputID=fc7777b06659fa4a4eacb95880062344 DependenciesID=a6a1c836ca13d0977f834dc74b759901 StaticDependenciesID=5203a7d42f97d6c5497ace0405f497b6 
Number of updated asset objects reloaded before import = 0
Number of asset objects unloaded after import = 0
========================================================================
Received Import Request.
  Time of request: 2026-08-19T16:56:00.5444496Z
  Time since last request: 0.0049228 seconds.
  importAddress: GUID: 920c7a6bcbdcb6c4f9efdc8e7b0d450c - Path: Assets/Scripts/Cards/DeckManager.cs - Importer: PreviewImporter
Importing 'GUID: 920c7a6bcbdcb6c4f9efdc8e7b0d450c - Path: Assets/Scripts/Cards/DeckManager.cs - Importer: PreviewImporter' with importer (PreviewImporter)
Imported 'GUID: 920c7a6bcbdcb6c4f9efdc8e7b0d450c' -> (Import Result ID: '0e959202186f839f787fc46568b30f91') in 0.001 seconds [static and dynamic dependencies]. Details - ImportResultOutputID=fc7777b06659fa4a4eacb95880062344 DependenciesID=a6a1c836ca13d0977f834dc74b759901 StaticDependenciesID=5203a7d42f97d6c5497ace0405f497b6 
Number of updated asset objects reloaded before import = 0
Number of asset objects unloaded after import = 0
========================================================================
Received Import Request.
  Time of request: 2026-08-19T16:56:00.5764777Z
  Time since last request: 0.0022953 seconds.
  importAddress: GUID: 920c7a6bcbdcb6c4f9efdc8e7b0d450c - Path: Assets/Scripts/Cards/DeckManager.cs - Importer: PreviewImporter
Importing 'GUID: 920c7a6bcbdcb6c4f9efdc8e7b0d450c - Path: Assets/Scripts/Cards/DeckManager.cs - Importer: PreviewImporter' with importer (PreviewImporter)
Imported 'GUID: 920c7a6bcbdcb6c4f9efdc8e7b0d450c' -> (Import Result ID: '0e959202186f839f787fc46568b30f91') in 0.001 seconds [static and dynamic dependencies]. Details - ImportResultOutputID=fc7777b06659fa4a4eacb95880062344 DependenciesID=a6a1c836ca13d0977f834dc74b759901 StaticDependenciesID=5203a7d42f97d6c5497ace0405f497b6 
Number of updated asset objects reloaded before import = 0
Number of asset objects unloaded after import = 0
========================================================================
Received Import Request.
  Time of request: 2026-08-19T16:56:00.6090881Z
  Time since last request: 0.0040161 seconds.
  importAddress: GUID: 920c7a6bcbdcb6c4f9efdc8e7b0d450c - Path: Assets/Scripts/Cards/DeckManager.cs - Importer: PreviewImporter
Importing 'GUID: 920c7a6bcbdcb6c4f9efdc8e7b0d450c - Path: Assets/Scripts/Cards/DeckManager.cs - Importer: PreviewImporter' with importer (PreviewImporter)
Imported 'GUID: 920c7a6bcbdcb6c4f9efdc8e7b0d450c' -> (Import Result ID: '0e959202186f839f787fc46568b30f91') in 0.001 seconds [static and dynamic dependencies]. Details - ImportResultOutputID=fc7777b06659fa4a4eacb95880062344 DependenciesID=a6a1c836ca13d0977f834dc74b759901 StaticDependenciesID=5203a7d42f97d6c5497ace0405f497b6 
Number of updated asset objects reloaded before import = 0
Number of asset objects unloaded after import = 0
========================================================================
Received Import Request.
  Time of request: 2026-08-19T16:56:00.6438565Z
  Time since last request: 0.003965 seconds.
  importAddress: GUID: 920c7a6bcbdcb6c4f9efdc8e7b0d450c - Path: Assets/Scripts/Cards/DeckManager.cs - Importer: PreviewImporter
Importing 'GUID: 920c7a6bcbdcb6c4f9efdc8e7b0d450c - Path: Assets/Scripts/Cards/DeckManager.cs - Importer: PreviewImporter' with importer (PreviewImporter)
Imported 'GUID: 920c7a6bcbdcb6c4f9efdc8e7b0d450c' -> (Import Result ID: '0e959202186f839f787fc46568b30f91') in 0.001 seconds [static and dynamic dependencies]. Details - ImportResultOutputID=fc7777b06659fa4a4eacb95880062344 DependenciesID=a6a1c836ca13d0977f834dc74b759901 StaticDependenciesID=5203a7d42f97d6c5497ace0405f497b6 
Number of updated asset objects reloaded before import = 0
Number of asset objects unloaded after import = 0
========================================================================
Received Import Request.
  Time of request: 2026-08-19T16:56:00.674563Z
  Time since last request: 0.0012805 seconds.
  importAddress: GUID: 920c7a6bcbdcb6c4f9efdc8e7b0d450c - Path: Assets/Scripts/Cards/DeckManager.cs - Importer: PreviewImporter
Importing 'GUID: 920c7a6bcbdcb6c4f9efdc8e7b0d450c - Path: Assets/Scripts/Cards/DeckManager.cs - Importer: PreviewImporter' with importer (PreviewImporter)
Imported 'GUID: 920c7a6bcbdcb6c4f9efdc8e7b0d450c' -> (Import Result ID: '0e959202186f839f787fc46568b30f91') in 0.001 seconds [static and dynamic dependencies]. Details - ImportResultOutputID=fc7777b06659fa4a4eacb95880062344 DependenciesID=a6a1c836ca13d0977f834dc74b759901 StaticDependenciesID=5203a7d42f97d6c5497ace0405f497b6 
Number of updated asset objects reloaded before import = 0
Number of asset objects unloaded after import = 0
========================================================================
Received Import Request.
  Time of request: 2026-08-19T16:56:00.7069587Z
  Time since last request: 0.0008867 seconds.
  importAddress: GUID: 920c7a6bcbdcb6c4f9efdc8e7b0d450c - Path: Assets/Scripts/Cards/DeckManager.cs - Importer: PreviewImporter
Importing 'GUID: 920c7a6bcbdcb6c4f9efdc8e7b0d450c - Path: Assets/Scripts/Cards/DeckManager.cs - Importer: PreviewImporter' with importer (PreviewImporter)
Imported 'GUID: 920c7a6bcbdcb6c4f9efdc8e7b0d450c' -> (Import Result ID: '0e959202186f839f787fc46568b30f91') in 0.001 seconds [static and dynamic dependencies]. Details - ImportResultOutputID=fc7777b06659fa4a4eacb95880062344 DependenciesID=a6a1c836ca13d0977f834dc74b759901 StaticDependenciesID=5203a7d42f97d6c5497ace0405f497b6 
Number of updated asset objects reloaded before import = 0
Number of asset objects unloaded after import = 0
========================================================================
Received Import Request.
  Time of request: 2026-08-19T16:56:00.7377276Z
  Time since last request: 0.0005347 seconds.
  importAddress: GUID: 920c7a6bcbdcb6c4f9efdc8e7b0d450c - Path: Assets/Scripts/Cards/DeckManager.cs - Importer: PreviewImporter
Importing 'GUID: 920c7a6bcbdcb6c4f9efdc8e7b0d450c - Path: Assets/Scripts/Cards/DeckManager.cs - Importer: PreviewImporter' with importer (PreviewImporter)
Imported 'GUID: 920c7a6bcbdcb6c4f9efdc8e7b0d450c' -> (Import Result ID: '0e959202186f839f787fc46568b30f91') in 0.001 seconds [static and dynamic dependencies]. Details - ImportResultOutputID=fc7777b06659fa4a4eacb95880062344 DependenciesID=a6a1c836ca13d0977f834dc74b759901 StaticDependenciesID=5203a7d42f97d6c5497ace0405f497b6 
Number of updated asset objects reloaded before import = 0
Number of asset objects unloaded after import = 0
========================================================================
Received Import Request.
  Time of request: 2026-08-19T16:56:00.7716141Z
  Time since last request: 0.0006431 seconds.
  importAddress: GUID: 920c7a6bcbdcb6c4f9efdc8e7b0d450c - Path: Assets/Scripts/Cards/DeckManager.cs - Importer: PreviewImporter
Importing 'GUID: 920c7a6bcbdcb6c4f9efdc8e7b0d450c - Path: Assets/Scripts/Cards/DeckManager.cs - Importer: PreviewImporter' with importer (PreviewImporter)
Imported 'GUID: 920c7a6bcbdcb6c4f9efdc8e7b0d450c' -> (Import Result ID: '0e959202186f839f787fc46568b30f91') in 0.001 seconds [static and dynamic dependencies]. Details - ImportResultOutputID=fc7777b06659fa4a4eacb95880062344 DependenciesID=a6a1c836ca13d0977f834dc74b759901 StaticDependenciesID=5203a7d42f97d6c5497ace0405f497b6 
Number of updated asset objects reloaded before import = 0
Number of asset objects unloaded after import = 0
========================================================================
Received Import Request.
  Time of request: 2026-08-19T16:56:00.803139Z
  Time since last request: 0.000616 seconds.
  importAddress: GUID: 920c7a6bcbdcb6c4f9efdc8e7b0d450c - Path: Assets/Scripts/Cards/DeckManager.cs - Importer: PreviewImporter
Importing 'GUID: 920c7a6bcbdcb6c4f9efdc8e7b0d450c - Path: Assets/Scripts/Cards/DeckManager.cs - Importer: PreviewImporter' with importer (PreviewImporter)
Imported 'GUID: 920c7a6bcbdcb6c4f9efdc8e7b0d450c' -> (Import Result ID: '0e959202186f839f787fc46568b30f91') in 0.001 seconds [static and dynamic dependencies]. Details - ImportResultOutputID=fc7777b06659fa4a4eacb95880062344 DependenciesID=a6a1c836ca13d0977f834dc74b759901 StaticDependenciesID=5203a7d42f97d6c5497ace0405f497b6 
Number of updated asset objects reloaded before import = 0
Number of asset objects unloaded after import = 0
========================================================================
Received Import Request.
  Time of request: 2026-08-19T16:56:00.8341761Z
  Time since last request: 0.0028163 seconds.
  importAddress: GUID: 920c7a6bcbdcb6c4f9efdc8e7b0d450c - Path: Assets/Scripts/Cards/DeckManager.cs - Importer: PreviewImporter
Importing 'GUID: 920c7a6bcbdcb6c4f9efdc8e7b0d450c - Path: Assets/Scripts/Cards/DeckManager.cs - Importer: PreviewImporter' with importer (PreviewImporter)
Imported 'GUID: 920c7a6bcbdcb6c4f9efdc8e7b0d450c' -> (Import Result ID: '0e959202186f839f787fc46568b30f91') in 0.001 seconds [static and dynamic dependencies]. Details - ImportResultOutputID=fc7777b06659fa4a4eacb95880062344 DependenciesID=a6a1c836ca13d0977f834dc74b759901 StaticDependenciesID=5203a7d42f97d6c5497ace0405f497b6 
Number of updated asset objects reloaded before import = 0
Number of asset objects unloaded after import = 0
========================================================================
Received Import Request.
  Time of request: 2026-08-19T16:56:00.8711356Z
  Time since last request: 0.0036459 seconds.
  importAddress: GUID: 920c7a6bcbdcb6c4f9efdc8e7b0d450c - Path: Assets/Scripts/Cards/DeckManager.cs - Importer: PreviewImporter
Importing 'GUID: 920c7a6bcbdcb6c4f9efdc8e7b0d450c - Path: Assets/Scripts/Cards/DeckManager.cs - Importer: PreviewImporter' with importer (PreviewImporter)
Imported 'GUID: 920c7a6bcbdcb6c4f9efdc8e7b0d450c' -> (Import Result ID: '0e959202186f839f787fc46568b30f91') in 0.001 seconds [static and dynamic dependencies]. Details - ImportResultOutputID=fc7777b06659fa4a4eacb95880062344 DependenciesID=a6a1c836ca13d0977f834dc74b759901 StaticDependenciesID=5203a7d42f97d6c5497ace0405f497b6 
Number of updated asset objects reloaded before import = 0
Number of asset objects unloaded after import = 0
========================================================================
Received Import Request.
  Time of request: 2026-08-19T16:56:00.9051158Z
  Time since last request: 0.002271 seconds.
  importAddress: GUID: 920c7a6bcbdcb6c4f9efdc8e7b0d450c - Path: Assets/Scripts/Cards/DeckManager.cs - Importer: PreviewImporter
Importing 'GUID: 920c7a6bcbdcb6c4f9efdc8e7b0d450c - Path: Assets/Scripts/Cards/DeckManager.cs - Importer: PreviewImporter' with importer (PreviewImporter)
Imported 'GUID: 920c7a6bcbdcb6c4f9efdc8e7b0d450c' -> (Import Result ID: '0e959202186f839f787fc46568b30f91') in 0.001 seconds [static and dynamic dependencies]. Details - ImportResultOutputID=fc7777b06659fa4a4eacb95880062344 DependenciesID=a6a1c836ca13d0977f834dc74b759901 StaticDependenciesID=5203a7d42f97d6c5497ace0405f497b6 
Number of updated asset objects reloaded before import = 0
Number of asset objects unloaded after import = 0
========================================================================
Received Import Request.
  Time of request: 2026-08-19T16:56:00.9407038Z
  Time since last request: 0.0033327 seconds.
  importAddress: GUID: 920c7a6bcbdcb6c4f9efdc8e7b0d450c - Path: Assets/Scripts/Cards/DeckManager.cs - Importer: PreviewImporter
Importing 'GUID: 920c7a6bcbdcb6c4f9efdc8e7b0d450c - Path: Assets/Scripts/Cards/DeckManager.cs - Importer: PreviewImporter' with importer (PreviewImporter)
Imported 'GUID: 920c7a6bcbdcb6c4f9efdc8e7b0d450c' -> (Import Result ID: '0e959202186f839f787fc46568b30f91') in 0.001 seconds [static and dynamic dependencies]. Details - ImportResultOutputID=fc7777b06659fa4a4eacb95880062344 DependenciesID=a6a1c836ca13d0977f834dc74b759901 StaticDependenciesID=5203a7d42f97d6c5497ace0405f497b6 
Number of updated asset objects reloaded before import = 0
Number of asset objects unloaded after import = 0
========================================================================
Received Import Request.
  Time of request: 2026-08-19T16:56:00.973385Z
  Time since last request: 0.0017336 seconds.
  importAddress: GUID: 920c7a6bcbdcb6c4f9efdc8e7b0d450c - Path: Assets/Scripts/Cards/DeckManager.cs - Importer: PreviewImporter
Importing 'GUID: 920c7a6bcbdcb6c4f9efdc8e7b0d450c - Path: Assets/Scripts/Cards/DeckManager.cs - Importer: PreviewImporter' with importer (PreviewImporter)
Imported 'GUID: 920c7a6bcbdcb6c4f9efdc8e7b0d450c' -> (Import Result ID: '0e959202186f839f787fc46568b30f91') in 0.001 seconds [static and dynamic dependencies]. Details - ImportResultOutputID=fc7777b06659fa4a4eacb95880062344 DependenciesID=a6a1c836ca13d0977f834dc74b759901 StaticDependenciesID=5203a7d42f97d6c5497ace0405f497b6 
Number of updated asset objects reloaded before import = 0
Number of asset objects unloaded after import = 0
========================================================================
Received Import Request.
  Time of request: 2026-08-19T16:56:01.0105714Z
  Time since last request: 0.0050868 seconds.
  importAddress: GUID: 920c7a6bcbdcb6c4f9efdc8e7b0d450c - Path: Assets/Scripts/Cards/DeckManager.cs - Importer: PreviewImporter
Importing 'GUID: 920c7a6bcbdcb6c4f9efdc8e7b0d450c - Path: Assets/Scripts/Cards/DeckManager.cs - Importer: PreviewImporter' with importer (PreviewImporter)
Imported 'GUID: 920c7a6bcbdcb6c4f9efdc8e7b0d450c' -> (Import Result ID: '0e959202186f839f787fc46568b30f91') in 0.001 seconds [static and dynamic dependencies]. Details - ImportResultOutputID=fc7777b06659fa4a4eacb95880062344 DependenciesID=a6a1c836ca13d0977f834dc74b759901 StaticDependenciesID=5203a7d42f97d6c5497ace0405f497b6 
Number of updated asset objects reloaded before import = 0
Number of asset objects unloaded after import = 0
========================================================================
Received Import Request.
  Time of request: 2026-08-19T16:56:01.0517299Z
  Time since last request: 0.0036889 seconds.
  importAddress: GUID: 920c7a6bcbdcb6c4f9efdc8e7b0d450c - Path: Assets/Scripts/Cards/DeckManager.cs - Importer: PreviewImporter
Importing 'GUID: 920c7a6bcbdcb6c4f9efdc8e7b0d450c - Path: Assets/Scripts/Cards/DeckManager.cs - Importer: PreviewImporter' with importer (PreviewImporter)
Imported 'GUID: 920c7a6bcbdcb6c4f9efdc8e7b0d450c' -> (Import Result ID: '0e959202186f839f787fc46568b30f91') in 0.001 seconds [static and dynamic dependencies]. Details - ImportResultOutputID=fc7777b06659fa4a4eacb95880062344 DependenciesID=a6a1c836ca13d0977f834dc74b759901 StaticDependenciesID=5203a7d42f97d6c5497ace0405f497b6 
Number of updated asset objects reloaded before import = 0
Number of asset objects unloaded after import = 0
========================================================================
Received Import Request.
  Time of request: 2026-08-19T16:56:01.0819506Z
  Time since last request: 0.0021513 seconds.
  importAddress: GUID: 920c7a6bcbdcb6c4f9efdc8e7b0d450c - Path: Assets/Scripts/Cards/DeckManager.cs - Importer: PreviewImporter
Importing 'GUID: 920c7a6bcbdcb6c4f9efdc8e7b0d450c - Path: Assets/Scripts/Cards/DeckManager.cs - Importer: PreviewImporter' with importer (PreviewImporter)
Imported 'GUID: 920c7a6bcbdcb6c4f9efdc8e7b0d450c' -> (Import Result ID: '0e959202186f839f787fc46568b30f91') in 0.001 seconds [static and dynamic dependencies]. Details - ImportResultOutputID=fc7777b06659fa4a4eacb95880062344 DependenciesID=a6a1c836ca13d0977f834dc74b759901 StaticDependenciesID=5203a7d42f97d6c5497ace0405f497b6 
Number of updated asset objects reloaded before import = 0
Number of asset objects unloaded after import = 0
========================================================================
Received Import Request.
  Time of request: 2026-08-19T16:56:01.1107056Z
  Time since last request: 0.0018278 seconds.
  importAddress: GUID: 920c7a6bcbdcb6c4f9efdc8e7b0d450c - Path: Assets/Scripts/Cards/DeckManager.cs - Importer: PreviewImporter
Importing 'GUID: 920c7a6bcbdcb6c4f9efdc8e7b0d450c - Path: Assets/Scripts/Cards/DeckManager.cs - Importer: PreviewImporter' with importer (PreviewImporter)
Imported 'GUID: 920c7a6bcbdcb6c4f9efdc8e7b0d450c' -> (Import Result ID: '0e959202186f839f787fc46568b30f91') in 0.001 seconds [static and dynamic dependencies]. Details - ImportResultOutputID=fc7777b06659fa4a4eacb95880062344 DependenciesID=a6a1c836ca13d0977f834dc74b759901 StaticDependenciesID=5203a7d42f97d6c5497ace0405f497b6 
Number of updated asset objects reloaded before import = 0
Number of asset objects unloaded after import = 0
========================================================================
Received Import Request.
  Time of request: 2026-08-19T16:56:01.1480017Z
  Time since last request: 0.0042525 seconds.
  importAddress: GUID: 920c7a6bcbdcb6c4f9efdc8e7b0d450c - Path: Assets/Scripts/Cards/DeckManager.cs - Importer: PreviewImporter
Importing 'GUID: 920c7a6bcbdcb6c4f9efdc8e7b0d450c - Path: Assets/Scripts/Cards/DeckManager.cs - Importer: PreviewImporter' with importer (PreviewImporter)
Imported 'GUID: 920c7a6bcbdcb6c4f9efdc8e7b0d450c' -> (Import Result ID: '0e959202186f839f787fc46568b30f91') in 0.001 seconds [static and dynamic dependencies]. Details - ImportResultOutputID=fc7777b06659fa4a4eacb95880062344 DependenciesID=a6a1c836ca13d0977f834dc74b759901 StaticDependenciesID=5203a7d42f97d6c5497ace0405f497b6 
Number of updated asset objects reloaded before import = 0
Number of asset objects unloaded after import = 0
========================================================================
Received Import Request.
  Time of request: 2026-08-19T16:56:01.1813856Z
  Time since last request: 0.004092 seconds.
  importAddress: GUID: 920c7a6bcbdcb6c4f9efdc8e7b0d450c - Path: Assets/Scripts/Cards/DeckManager.cs - Importer: PreviewImporter
Importing 'GUID: 920c7a6bcbdcb6c4f9efdc8e7b0d450c - Path: Assets/Scripts/Cards/DeckManager.cs - Importer: PreviewImporter' with importer (PreviewImporter)
Imported 'GUID: 920c7a6bcbdcb6c4f9efdc8e7b0d450c' -> (Import Result ID: '0e959202186f839f787fc46568b30f91') in 0.001 seconds [static and dynamic dependencies]. Details - ImportResultOutputID=fc7777b06659fa4a4eacb95880062344 DependenciesID=a6a1c836ca13d0977f834dc74b759901 StaticDependenciesID=5203a7d42f97d6c5497ace0405f497b6 
Number of updated asset objects reloaded before import = 0
Number of asset objects unloaded after import = 0
========================================================================
Received Import Request.
  Time of request: 2026-08-19T16:56:01.2190575Z
  Time since last request: 0.0043993 seconds.
  importAddress: GUID: 920c7a6bcbdcb6c4f9efdc8e7b0d450c - Path: Assets/Scripts/Cards/DeckManager.cs - Importer: PreviewImporter
Importing 'GUID: 920c7a6bcbdcb6c4f9efdc8e7b0d450c - Path: Assets/Scripts/Cards/DeckManager.cs - Importer: PreviewImporter' with importer (PreviewImporter)
Imported 'GUID: 920c7a6bcbdcb6c4f9efdc8e7b0d450c' -> (Import Result ID: '0e959202186f839f787fc46568b30f91') in 0.001 seconds [static and dynamic dependencies]. Details - ImportResultOutputID=fc7777b06659fa4a4eacb95880062344 DependenciesID=a6a1c836ca13d0977f834dc74b759901 StaticDependenciesID=5203a7d42f97d6c5497ace0405f497b6 
Number of updated asset objects reloaded before import = 0
Number of asset objects unloaded after import = 0
========================================================================
Received Import Request.
  Time of request: 2026-08-19T16:56:01.2523698Z
  Time since last request: 0.0007899 seconds.
  importAddress: GUID: 920c7a6bcbdcb6c4f9efdc8e7b0d450c - Path: Assets/Scripts/Cards/DeckManager.cs - Importer: PreviewImporter
Importing 'GUID: 920c7a6bcbdcb6c4f9efdc8e7b0d450c - Path: Assets/Scripts/Cards/DeckManager.cs - Importer: PreviewImporter' with importer (PreviewImporter)
Imported 'GUID: 920c7a6bcbdcb6c4f9efdc8e7b0d450c' -> (Import Result ID: '0e959202186f839f787fc46568b30f91') in 0.001 seconds [static and dynamic dependencies]. Details - ImportResultOutputID=fc7777b06659fa4a4eacb95880062344 DependenciesID=a6a1c836ca13d0977f834dc74b759901 StaticDependenciesID=5203a7d42f97d6c5497ace0405f497b6 
Number of updated asset objects reloaded before import = 0
Number of asset objects unloaded after import = 0
========================================================================
Received Import Request.
  Time of request: 2026-08-19T16:56:01.2816395Z
  Time since last request: 0.000629 seconds.
  importAddress: GUID: 920c7a6bcbdcb6c4f9efdc8e7b0d450c - Path: Assets/Scripts/Cards/DeckManager.cs - Importer: PreviewImporter
Importing 'GUID: 920c7a6bcbdcb6c4f9efdc8e7b0d450c - Path: Assets/Scripts/Cards/DeckManager.cs - Importer: PreviewImporter' with importer (PreviewImporter)
Imported 'GUID: 920c7a6bcbdcb6c4f9efdc8e7b0d450c' -> (Import Result ID: '0e959202186f839f787fc46568b30f91') in 0.001 seconds [static and dynamic dependencies]. Details - ImportResultOutputID=fc7777b06659fa4a4eacb95880062344 DependenciesID=a6a1c836ca13d0977f834dc74b759901 StaticDependenciesID=5203a7d42f97d6c5497ace0405f497b6 
Number of updated asset objects reloaded before import = 0
Number of asset objects unloaded after import = 0
========================================================================
Received Import Request.
  Time of request: 2026-08-19T16:56:01.3128157Z
  Time since last request: 0.0036849 seconds.
  importAddress: GUID: 920c7a6bcbdcb6c4f9efdc8e7b0d450c - Path: Assets/Scripts/Cards/DeckManager.cs - Importer: PreviewImporter
Importing 'GUID: 920c7a6bcbdcb6c4f9efdc8e7b0d450c - Path: Assets/Scripts/Cards/DeckManager.cs - Importer: PreviewImporter' with importer (PreviewImporter)
Imported 'GUID: 920c7a6bcbdcb6c4f9efdc8e7b0d450c' -> (Import Result ID: '0e959202186f839f787fc46568b30f91') in 0.001 seconds [static and dynamic dependencies]. Details - ImportResultOutputID=fc7777b06659fa4a4eacb95880062344 DependenciesID=a6a1c836ca13d0977f834dc74b759901 StaticDependenciesID=5203a7d42f97d6c5497ace0405f497b6 
Number of updated asset objects reloaded before import = 0
Number of asset objects unloaded after import = 0
========================================================================
Received Import Request.
  Time of request: 2026-08-19T16:56:01.3435469Z
  Time since last request: 0.0010845 seconds.
  importAddress: GUID: 920c7a6bcbdcb6c4f9efdc8e7b0d450c - Path: Assets/Scripts/Cards/DeckManager.cs - Importer: PreviewImporter
Importing 'GUID: 920c7a6bcbdcb6c4f9efdc8e7b0d450c - Path: Assets/Scripts/Cards/DeckManager.cs - Importer: PreviewImporter' with importer (PreviewImporter)
Imported 'GUID: 920c7a6bcbdcb6c4f9efdc8e7b0d450c' -> (Import Result ID: '0e959202186f839f787fc46568b30f91') in 0.001 seconds [static and dynamic dependencies]. Details - ImportResultOutputID=fc7777b06659fa4a4eacb95880062344 DependenciesID=a6a1c836ca13d0977f834dc74b759901 StaticDependenciesID=5203a7d42f97d6c5497ace0405f497b6 
Number of updated asset objects reloaded before import = 0
Number of asset objects unloaded after import = 0
========================================================================
Received Import Request.
  Time of request: 2026-08-19T16:56:01.3784343Z
  Time since last request: 0.0042335 seconds.
  importAddress: GUID: 920c7a6bcbdcb6c4f9efdc8e7b0d450c - Path: Assets/Scripts/Cards/DeckManager.cs - Importer: PreviewImporter
Importing 'GUID: 920c7a6bcbdcb6c4f9efdc8e7b0d450c - Path: Assets/Scripts/Cards/DeckManager.cs - Importer: PreviewImporter' with importer (PreviewImporter)
Imported 'GUID: 920c7a6bcbdcb6c4f9efdc8e7b0d450c' -> (Import Result ID: '0e959202186f839f787fc46568b30f91') in 0.001 seconds [static and dynamic dependencies]. Details - ImportResultOutputID=fc7777b06659fa4a4eacb95880062344 DependenciesID=a6a1c836ca13d0977f834dc74b759901 StaticDependenciesID=5203a7d42f97d6c5497ace0405f497b6 
Number of updated asset objects reloaded before import = 0
Number of asset objects unloaded after import = 0
========================================================================
Received Import Request.
  Time of request: 2026-08-19T16:56:01.4117425Z
  Time since last request: 0.0009096 seconds.
  importAddress: GUID: 920c7a6bcbdcb6c4f9efdc8e7b0d450c - Path: Assets/Scripts/Cards/DeckManager.cs - Importer: PreviewImporter
Importing 'GUID: 920c7a6bcbdcb6c4f9efdc8e7b0d450c - Path: Assets/Scripts/Cards/DeckManager.cs - Importer: PreviewImporter' with importer (PreviewImporter)
Imported 'GUID: 920c7a6bcbdcb6c4f9efdc8e7b0d450c' -> (Import Result ID: '0e959202186f839f787fc46568b30f91') in 0.001 seconds [static and dynamic dependencies]. Details - ImportResultOutputID=fc7777b06659fa4a4eacb95880062344 DependenciesID=a6a1c836ca13d0977f834dc74b759901 StaticDependenciesID=5203a7d42f97d6c5497ace0405f497b6 
Number of updated asset objects reloaded before import = 0
Number of asset objects unloaded after import = 0
========================================================================
Received Import Request.
  Time of request: 2026-08-19T16:56:01.4429307Z
  Time since last request: 0.0020346 seconds.
  importAddress: GUID: 920c7a6bcbdcb6c4f9efdc8e7b0d450c - Path: Assets/Scripts/Cards/DeckManager.cs - Importer: PreviewImporter
Importing 'GUID: 920c7a6bcbdcb6c4f9efdc8e7b0d450c - Path: Assets/Scripts/Cards/DeckManager.cs - Importer: PreviewImporter' with importer (PreviewImporter)
Imported 'GUID: 920c7a6bcbdcb6c4f9efdc8e7b0d450c' -> (Import Result ID: '0e959202186f839f787fc46568b30f91') in 0.001 seconds [static and dynamic dependencies]. Details - ImportResultOutputID=fc7777b06659fa4a4eacb95880062344 DependenciesID=a6a1c836ca13d0977f834dc74b759901 StaticDependenciesID=5203a7d42f97d6c5497ace0405f497b6 
Number of updated asset objects reloaded before import = 0
Number of asset objects unloaded after import = 0
========================================================================
Received Import Request.
  Time of request: 2026-08-19T16:56:01.4807754Z
  Time since last request: 0.0056839 seconds.
  importAddress: GUID: 920c7a6bcbdcb6c4f9efdc8e7b0d450c - Path: Assets/Scripts/Cards/DeckManager.cs - Importer: PreviewImporter
Importing 'GUID: 920c7a6bcbdcb6c4f9efdc8e7b0d450c - Path: Assets/Scripts/Cards/DeckManager.cs - Importer: PreviewImporter' with importer (PreviewImporter)
Imported 'GUID: 920c7a6bcbdcb6c4f9efdc8e7b0d450c' -> (Import Result ID: '0e959202186f839f787fc46568b30f91') in 0.001 seconds [static and dynamic dependencies]. Details - ImportResultOutputID=fc7777b06659fa4a4eacb95880062344 DependenciesID=a6a1c836ca13d0977f834dc74b759901 StaticDependenciesID=5203a7d42f97d6c5497ace0405f497b6 
Number of updated asset objects reloaded before import = 0
Number of asset objects unloaded after import = 0
========================================================================
Received Import Request.
  Time of request: 2026-08-19T16:56:01.5184481Z
  Time since last request: 0.0045537 seconds.
  importAddress: GUID: 920c7a6bcbdcb6c4f9efdc8e7b0d450c - Path: Assets/Scripts/Cards/DeckManager.cs - Importer: PreviewImporter
Importing 'GUID: 920c7a6bcbdcb6c4f9efdc8e7b0d450c - Path: Assets/Scripts/Cards/DeckManager.cs - Importer: PreviewImporter' with importer (PreviewImporter)
Imported 'GUID: 920c7a6bcbdcb6c4f9efdc8e7b0d450c' -> (Import Result ID: '0e959202186f839f787fc46568b30f91') in 0.001 seconds [static and dynamic dependencies]. Details - ImportResultOutputID=fc7777b06659fa4a4eacb95880062344 DependenciesID=a6a1c836ca13d0977f834dc74b759901 StaticDependenciesID=5203a7d42f97d6c5497ace0405f497b6 
Number of updated asset objects reloaded before import = 0
Number of asset objects unloaded after import = 0
========================================================================
Received Import Request.
  Time of request: 2026-08-19T16:56:01.5446981Z
  Time since last request: 0.0005506 seconds.
  importAddress: GUID: 920c7a6bcbdcb6c4f9efdc8e7b0d450c - Path: Assets/Scripts/Cards/DeckManager.cs - Importer: PreviewImporter
Importing 'GUID: 920c7a6bcbdcb6c4f9efdc8e7b0d450c - Path: Assets/Scripts/Cards/DeckManager.cs - Importer: PreviewImporter' with importer (PreviewImporter)
Imported 'GUID: 920c7a6bcbdcb6c4f9efdc8e7b0d450c' -> (Import Result ID: '0e959202186f839f787fc46568b30f91') in 0.001 seconds [static and dynamic dependencies]. Details - ImportResultOutputID=fc7777b06659fa4a4eacb95880062344 DependenciesID=a6a1c836ca13d0977f834dc74b759901 StaticDependenciesID=5203a7d42f97d6c5497ace0405f497b6 
Number of updated asset objects reloaded before import = 0
Number of asset objects unloaded after import = 0
========================================================================
Received Import Request.
  Time of request: 2026-08-19T16:56:01.5753486Z
  Time since last request: 0.0006849 seconds.
  importAddress: GUID: 920c7a6bcbdcb6c4f9efdc8e7b0d450c - Path: Assets/Scripts/Cards/DeckManager.cs - Importer: PreviewImporter
Importing 'GUID: 920c7a6bcbdcb6c4f9efdc8e7b0d450c - Path: Assets/Scripts/Cards/DeckManager.cs - Importer: PreviewImporter' with importer (PreviewImporter)
Imported 'GUID: 920c7a6bcbdcb6c4f9efdc8e7b0d450c' -> (Import Result ID: '0e959202186f839f787fc46568b30f91') in 0.001 seconds [static and dynamic dependencies]. Details - ImportResultOutputID=fc7777b06659fa4a4eacb95880062344 DependenciesID=a6a1c836ca13d0977f834dc74b759901 StaticDependenciesID=5203a7d42f97d6c5497ace0405f497b6 
Number of updated asset objects reloaded before import = 0
Number of asset objects unloaded after import = 0
========================================================================
Received Import Request.
  Time of request: 2026-08-19T16:56:01.6079005Z
  Time since last request: 0.0007837 seconds.
  importAddress: GUID: 920c7a6bcbdcb6c4f9efdc8e7b0d450c - Path: Assets/Scripts/Cards/DeckManager.cs - Importer: PreviewImporter
Importing 'GUID: 920c7a6bcbdcb6c4f9efdc8e7b0d450c - Path: Assets/Scripts/Cards/DeckManager.cs - Importer: PreviewImporter' with importer (PreviewImporter)
Imported 'GUID: 920c7a6bcbdcb6c4f9efdc8e7b0d450c' -> (Import Result ID: '0e959202186f839f787fc46568b30f91') in 0.001 seconds [static and dynamic dependencies]. Details - ImportResultOutputID=fc7777b06659fa4a4eacb95880062344 DependenciesID=a6a1c836ca13d0977f834dc74b759901 StaticDependenciesID=5203a7d42f97d6c5497ace0405f497b6 
Number of updated asset objects reloaded before import = 0
Number of asset objects unloaded after import = 0
========================================================================
Received Import Request.
  Time of request: 2026-08-19T16:56:01.6393242Z
  Time since last request: 0.0013793 seconds.
  importAddress: GUID: 920c7a6bcbdcb6c4f9efdc8e7b0d450c - Path: Assets/Scripts/Cards/DeckManager.cs - Importer: PreviewImporter
Importing 'GUID: 920c7a6bcbdcb6c4f9efdc8e7b0d450c - Path: Assets/Scripts/Cards/DeckManager.cs - Importer: PreviewImporter' with importer (PreviewImporter)
Imported 'GUID: 920c7a6bcbdcb6c4f9efdc8e7b0d450c' -> (Import Result ID: '0e959202186f839f787fc46568b30f91') in 0.001 seconds [static and dynamic dependencies]. Details - ImportResultOutputID=fc7777b06659fa4a4eacb95880062344 DependenciesID=a6a1c836ca13d0977f834dc74b759901 StaticDependenciesID=5203a7d42f97d6c5497ace0405f497b6 
Number of updated asset objects reloaded before import = 0
Number of asset objects unloaded after import = 0
========================================================================
Received Import Request.
  Time of request: 2026-08-19T16:56:01.6736243Z
  Time since last request: 0.0022841 seconds.
  importAddress: GUID: 920c7a6bcbdcb6c4f9efdc8e7b0d450c - Path: Assets/Scripts/Cards/DeckManager.cs - Importer: PreviewImporter
Importing 'GUID: 920c7a6bcbdcb6c4f9efdc8e7b0d450c - Path: Assets/Scripts/Cards/DeckManager.cs - Importer: PreviewImporter' with importer (PreviewImporter)
Imported 'GUID: 920c7a6bcbdcb6c4f9efdc8e7b0d450c' -> (Import Result ID: '0e959202186f839f787fc46568b30f91') in 0.001 seconds [static and dynamic dependencies]. Details - ImportResultOutputID=fc7777b06659fa4a4eacb95880062344 DependenciesID=a6a1c836ca13d0977f834dc74b759901 StaticDependenciesID=5203a7d42f97d6c5497ace0405f497b6 
Number of updated asset objects reloaded before import = 0
Number of asset objects unloaded after import = 0
========================================================================
Received Import Request.
  Time of request: 2026-08-19T16:56:01.7049286Z
  Time since last request: 0.0012983 seconds.
  importAddress: GUID: 920c7a6bcbdcb6c4f9efdc8e7b0d450c - Path: Assets/Scripts/Cards/DeckManager.cs - Importer: PreviewImporter
Importing 'GUID: 920c7a6bcbdcb6c4f9efdc8e7b0d450c - Path: Assets/Scripts/Cards/DeckManager.cs - Importer: PreviewImporter' with importer (PreviewImporter)
Imported 'GUID: 920c7a6bcbdcb6c4f9efdc8e7b0d450c' -> (Import Result ID: '0e959202186f839f787fc46568b30f91') in 0.001 seconds [static and dynamic dependencies]. Details - ImportResultOutputID=fc7777b06659fa4a4eacb95880062344 DependenciesID=a6a1c836ca13d0977f834dc74b759901 StaticDependenciesID=5203a7d42f97d6c5497ace0405f497b6 
Number of updated asset objects reloaded before import = 0
Number of asset objects unloaded after import = 0
========================================================================
Received Import Request.
  Time of request: 2026-08-19T16:56:01.7414483Z
  Time since last request: 0.0044375 seconds.
  importAddress: GUID: 920c7a6bcbdcb6c4f9efdc8e7b0d450c - Path: Assets/Scripts/Cards/DeckManager.cs - Importer: PreviewImporter
Importing 'GUID: 920c7a6bcbdcb6c4f9efdc8e7b0d450c - Path: Assets/Scripts/Cards/DeckManager.cs - Importer: PreviewImporter' with importer (PreviewImporter)
Imported 'GUID: 920c7a6bcbdcb6c4f9efdc8e7b0d450c' -> (Import Result ID: '0e959202186f839f787fc46568b30f91') in 0.001 seconds [static and dynamic dependencies]. Details - ImportResultOutputID=fc7777b06659fa4a4eacb95880062344 DependenciesID=a6a1c836ca13d0977f834dc74b759901 StaticDependenciesID=5203a7d42f97d6c5497ace0405f497b6 
Number of updated asset objects reloaded before import = 0
Number of asset objects unloaded after import = 0
========================================================================
Received Import Request.
  Time of request: 2026-08-19T16:56:01.7815335Z
  Time since last request: 0.0065106 seconds.
  importAddress: GUID: 920c7a6bcbdcb6c4f9efdc8e7b0d450c - Path: Assets/Scripts/Cards/DeckManager.cs - Importer: PreviewImporter
Importing 'GUID: 920c7a6bcbdcb6c4f9efdc8e7b0d450c - Path: Assets/Scripts/Cards/DeckManager.cs - Importer: PreviewImporter' with importer (PreviewImporter)
Imported 'GUID: 920c7a6bcbdcb6c4f9efdc8e7b0d450c' -> (Import Result ID: '0e959202186f839f787fc46568b30f91') in 0.001 seconds [static and dynamic dependencies]. Details - ImportResultOutputID=fc7777b06659fa4a4eacb95880062344 DependenciesID=a6a1c836ca13d0977f834dc74b759901 StaticDependenciesID=5203a7d42f97d6c5497ace0405f497b6 
Number of updated asset objects reloaded before import = 0
Number of asset objects unloaded after import = 0
========================================================================
Received Import Request.
  Time of request: 2026-08-19T16:56:01.8178349Z
  Time since last request: 0.0035628 seconds.
  importAddress: GUID: 920c7a6bcbdcb6c4f9efdc8e7b0d450c - Path: Assets/Scripts/Cards/DeckManager.cs - Importer: PreviewImporter
Importing 'GUID: 920c7a6bcbdcb6c4f9efdc8e7b0d450c - Path: Assets/Scripts/Cards/DeckManager.cs - Importer: PreviewImporter' with importer (PreviewImporter)
Imported 'GUID: 920c7a6bcbdcb6c4f9efdc8e7b0d450c' -> (Import Result ID: '0e959202186f839f787fc46568b30f91') in 0.001 seconds [static and dynamic dependencies]. Details - ImportResultOutputID=fc7777b06659fa4a4eacb95880062344 DependenciesID=a6a1c836ca13d0977f834dc74b759901 StaticDependenciesID=5203a7d42f97d6c5497ace0405f497b6 
Number of updated asset objects reloaded before import = 0
Number of asset objects unloaded after import = 0
========================================================================
Received Import Request.
  Time of request: 2026-08-19T16:56:01.8508011Z
  Time since last request: 0.001473 seconds.
  importAddress: GUID: 920c7a6bcbdcb6c4f9efdc8e7b0d450c - Path: Assets/Scripts/Cards/DeckManager.cs - Importer: PreviewImporter
Importing 'GUID: 920c7a6bcbdcb6c4f9efdc8e7b0d450c - Path: Assets/Scripts/Cards/DeckManager.cs - Importer: PreviewImporter' with importer (PreviewImporter)
Imported 'GUID: 920c7a6bcbdcb6c4f9efdc8e7b0d450c' -> (Import Result ID: '0e959202186f839f787fc46568b30f91') in 0.001 seconds [static and dynamic dependencies]. Details - ImportResultOutputID=fc7777b06659fa4a4eacb95880062344 DependenciesID=a6a1c836ca13d0977f834dc74b759901 StaticDependenciesID=5203a7d42f97d6c5497ace0405f497b6 
Number of updated asset objects reloaded before import = 0
Number of asset objects unloaded after import = 0
========================================================================
Received Import Request.
  Time of request: 2026-08-19T16:56:01.8830077Z
  Time since last request: 0.0037482 seconds.
  importAddress: GUID: 920c7a6bcbdcb6c4f9efdc8e7b0d450c - Path: Assets/Scripts/Cards/DeckManager.cs - Importer: PreviewImporter
Importing 'GUID: 920c7a6bcbdcb6c4f9efdc8e7b0d450c - Path: Assets/Scripts/Cards/DeckManager.cs - Importer: PreviewImporter' with importer (PreviewImporter)
Imported 'GUID: 920c7a6bcbdcb6c4f9efdc8e7b0d450c' -> (Import Result ID: '0e959202186f839f787fc46568b30f91') in 0.002 seconds [static and dynamic dependencies]. Details - ImportResultOutputID=fc7777b06659fa4a4eacb95880062344 DependenciesID=a6a1c836ca13d0977f834dc74b759901 StaticDependenciesID=5203a7d42f97d6c5497ace0405f497b6 
Number of updated asset objects reloaded before import = 0
Number of asset objects unloaded after import = 0
========================================================================
Received Import Request.
  Time of request: 2026-08-19T16:56:01.9132183Z
  Time since last request: 0.0009122 seconds.
  importAddress: GUID: 920c7a6bcbdcb6c4f9efdc8e7b0d450c - Path: Assets/Scripts/Cards/DeckManager.cs - Importer: PreviewImporter
Importing 'GUID: 920c7a6bcbdcb6c4f9efdc8e7b0d450c - Path: Assets/Scripts/Cards/DeckManager.cs - Importer: PreviewImporter' with importer (PreviewImporter)
Imported 'GUID: 920c7a6bcbdcb6c4f9efdc8e7b0d450c' -> (Import Result ID: '0e959202186f839f787fc46568b30f91') in 0.002 seconds [static and dynamic dependencies]. Details - ImportResultOutputID=fc7777b06659fa4a4eacb95880062344 DependenciesID=a6a1c836ca13d0977f834dc74b759901 StaticDependenciesID=5203a7d42f97d6c5497ace0405f497b6 
Number of updated asset objects reloaded before import = 0
Number of asset objects unloaded after import = 0
========================================================================
Received Import Request.
  Time of request: 2026-08-19T16:56:01.9469888Z
  Time since last request: 0.002192 seconds.
  importAddress: GUID: 920c7a6bcbdcb6c4f9efdc8e7b0d450c - Path: Assets/Scripts/Cards/DeckManager.cs - Importer: PreviewImporter
Importing 'GUID: 920c7a6bcbdcb6c4f9efdc8e7b0d450c - Path: Assets/Scripts/Cards/DeckManager.cs - Importer: PreviewImporter' with importer (PreviewImporter)
Imported 'GUID: 920c7a6bcbdcb6c4f9efdc8e7b0d450c' -> (Import Result ID: '0e959202186f839f787fc46568b30f91') in 0.001 seconds [static and dynamic dependencies]. Details - ImportResultOutputID=fc7777b06659fa4a4eacb95880062344 DependenciesID=a6a1c836ca13d0977f834dc74b759901 StaticDependenciesID=5203a7d42f97d6c5497ace0405f497b6 
Number of updated asset objects reloaded before import = 0
Number of asset objects unloaded after import = 0
========================================================================
Received Import Request.
  Time of request: 2026-08-19T16:56:01.9762982Z
  Time since last request: 0.0008128 seconds.
  importAddress: GUID: 920c7a6bcbdcb6c4f9efdc8e7b0d450c - Path: Assets/Scripts/Cards/DeckManager.cs - Importer: PreviewImporter
Importing 'GUID: 920c7a6bcbdcb6c4f9efdc8e7b0d450c - Path: Assets/Scripts/Cards/DeckManager.cs - Importer: PreviewImporter' with importer (PreviewImporter)
Imported 'GUID: 920c7a6bcbdcb6c4f9efdc8e7b0d450c' -> (Import Result ID: '0e959202186f839f787fc46568b30f91') in 0.001 seconds [static and dynamic dependencies]. Details - ImportResultOutputID=fc7777b06659fa4a4eacb95880062344 DependenciesID=a6a1c836ca13d0977f834dc74b759901 StaticDependenciesID=5203a7d42f97d6c5497ace0405f497b6 
Number of updated asset objects reloaded before import = 0
Number of asset objects unloaded after import = 0
========================================================================
Received Import Request.
  Time of request: 2026-08-19T16:56:02.0123869Z
  Time since last request: 0.0013658 seconds.
  importAddress: GUID: 920c7a6bcbdcb6c4f9efdc8e7b0d450c - Path: Assets/Scripts/Cards/DeckManager.cs - Importer: PreviewImporter
Importing 'GUID: 920c7a6bcbdcb6c4f9efdc8e7b0d450c - Path: Assets/Scripts/Cards/DeckManager.cs - Importer: PreviewImporter' with importer (PreviewImporter)
Imported 'GUID: 920c7a6bcbdcb6c4f9efdc8e7b0d450c' -> (Import Result ID: '0e959202186f839f787fc46568b30f91') in 0.001 seconds [static and dynamic dependencies]. Details - ImportResultOutputID=fc7777b06659fa4a4eacb95880062344 DependenciesID=a6a1c836ca13d0977f834dc74b759901 StaticDependenciesID=5203a7d42f97d6c5497ace0405f497b6 
Number of updated asset objects reloaded before import = 0
Number of asset objects unloaded after import = 0
========================================================================
Received Import Request.
  Time of request: 2026-08-19T16:56:02.0469676Z
  Time since last request: 0.00154 seconds.
  importAddress: GUID: 920c7a6bcbdcb6c4f9efdc8e7b0d450c - Path: Assets/Scripts/Cards/DeckManager.cs - Importer: PreviewImporter
Importing 'GUID: 920c7a6bcbdcb6c4f9efdc8e7b0d450c - Path: Assets/Scripts/Cards/DeckManager.cs - Importer: PreviewImporter' with importer (PreviewImporter)
Imported 'GUID: 920c7a6bcbdcb6c4f9efdc8e7b0d450c' -> (Import Result ID: '0e959202186f839f787fc46568b30f91') in 0.001 seconds [static and dynamic dependencies]. Details - ImportResultOutputID=fc7777b06659fa4a4eacb95880062344 DependenciesID=a6a1c836ca13d0977f834dc74b759901 StaticDependenciesID=5203a7d42f97d6c5497ace0405f497b6 
Number of updated asset objects reloaded before import = 0
Number of asset objects unloaded after import = 0
========================================================================
Received Import Request.
  Time of request: 2026-08-19T16:56:02.0820964Z
  Time since last request: 0.0035557 seconds.
  importAddress: GUID: 920c7a6bcbdcb6c4f9efdc8e7b0d450c - Path: Assets/Scripts/Cards/DeckManager.cs - Importer: PreviewImporter
Importing 'GUID: 920c7a6bcbdcb6c4f9efdc8e7b0d450c - Path: Assets/Scripts/Cards/DeckManager.cs - Importer: PreviewImporter' with importer (PreviewImporter)
Imported 'GUID: 920c7a6bcbdcb6c4f9efdc8e7b0d450c' -> (Import Result ID: '0e959202186f839f787fc46568b30f91') in 0.001 seconds [static and dynamic dependencies]. Details - ImportResultOutputID=fc7777b06659fa4a4eacb95880062344 DependenciesID=a6a1c836ca13d0977f834dc74b759901 StaticDependenciesID=5203a7d42f97d6c5497ace0405f497b6 
Number of updated asset objects reloaded before import = 0
Number of asset objects unloaded after import = 0
========================================================================
Received Import Request.
  Time of request: 2026-08-19T16:56:02.1198199Z
  Time since last request: 0.0020908 seconds.
  importAddress: GUID: 920c7a6bcbdcb6c4f9efdc8e7b0d450c - Path: Assets/Scripts/Cards/DeckManager.cs - Importer: PreviewImporter
Importing 'GUID: 920c7a6bcbdcb6c4f9efdc8e7b0d450c - Path: Assets/Scripts/Cards/DeckManager.cs - Importer: PreviewImporter' with importer (PreviewImporter)
Imported 'GUID: 920c7a6bcbdcb6c4f9efdc8e7b0d450c' -> (Import Result ID: '0e959202186f839f787fc46568b30f91') in 0.001 seconds [static and dynamic dependencies]. Details - ImportResultOutputID=fc7777b06659fa4a4eacb95880062344 DependenciesID=a6a1c836ca13d0977f834dc74b759901 StaticDependenciesID=5203a7d42f97d6c5497ace0405f497b6 
Number of updated asset objects reloaded before import = 0
Number of asset objects unloaded after import = 0
========================================================================
Received Import Request.
  Time of request: 2026-08-19T16:56:02.1533952Z
  Time since last request: 0.0041985 seconds.
  importAddress: GUID: 920c7a6bcbdcb6c4f9efdc8e7b0d450c - Path: Assets/Scripts/Cards/DeckManager.cs - Importer: PreviewImporter
Importing 'GUID: 920c7a6bcbdcb6c4f9efdc8e7b0d450c - Path: Assets/Scripts/Cards/DeckManager.cs - Importer: PreviewImporter' with importer (PreviewImporter)
Imported 'GUID: 920c7a6bcbdcb6c4f9efdc8e7b0d450c' -> (Import Result ID: '0e959202186f839f787fc46568b30f91') in 0.001 seconds [static and dynamic dependencies]. Details - ImportResultOutputID=fc7777b06659fa4a4eacb95880062344 DependenciesID=a6a1c836ca13d0977f834dc74b759901 StaticDependenciesID=5203a7d42f97d6c5497ace0405f497b6 
Number of updated asset objects reloaded before import = 0
Number of asset objects unloaded after import = 0
========================================================================
Received Import Request.
  Time of request: 2026-08-19T16:56:02.1861194Z
  Time since last request: 0.0013342 seconds.
  importAddress: GUID: 920c7a6bcbdcb6c4f9efdc8e7b0d450c - Path: Assets/Scripts/Cards/DeckManager.cs - Importer: PreviewImporter
Importing 'GUID: 920c7a6bcbdcb6c4f9efdc8e7b0d450c - Path: Assets/Scripts/Cards/DeckManager.cs - Importer: PreviewImporter' with importer (PreviewImporter)
Imported 'GUID: 920c7a6bcbdcb6c4f9efdc8e7b0d450c' -> (Import Result ID: '0e959202186f839f787fc46568b30f91') in 0.001 seconds [static and dynamic dependencies]. Details - ImportResultOutputID=fc7777b06659fa4a4eacb95880062344 DependenciesID=a6a1c836ca13d0977f834dc74b759901 StaticDependenciesID=5203a7d42f97d6c5497ace0405f497b6 
Number of updated asset objects reloaded before import = 0
Number of asset objects unloaded after import = 0
========================================================================
Received Import Request.
  Time of request: 2026-08-19T16:56:02.2217751Z
  Time since last request: 0.0060621 seconds.
  importAddress: GUID: 920c7a6bcbdcb6c4f9efdc8e7b0d450c - Path: Assets/Scripts/Cards/DeckManager.cs - Importer: PreviewImporter
Importing 'GUID: 920c7a6bcbdcb6c4f9efdc8e7b0d450c - Path: Assets/Scripts/Cards/DeckManager.cs - Importer: PreviewImporter' with importer (PreviewImporter)
Imported 'GUID: 920c7a6bcbdcb6c4f9efdc8e7b0d450c' -> (Import Result ID: '0e959202186f839f787fc46568b30f91') in 0.001 seconds [static and dynamic dependencies]. Details - ImportResultOutputID=fc7777b06659fa4a4eacb95880062344 DependenciesID=a6a1c836ca13d0977f834dc74b759901 StaticDependenciesID=5203a7d42f97d6c5497ace0405f497b6 
Number of updated asset objects reloaded before import = 0
Number of asset objects unloaded after import = 0
========================================================================
Received Import Request.
  Time of request: 2026-08-19T16:56:02.2594838Z
  Time since last request: 0.0050349 seconds.
  importAddress: GUID: 920c7a6bcbdcb6c4f9efdc8e7b0d450c - Path: Assets/Scripts/Cards/DeckManager.cs - Importer: PreviewImporter
Importing 'GUID: 920c7a6bcbdcb6c4f9efdc8e7b0d450c - Path: Assets/Scripts/Cards/DeckManager.cs - Importer: PreviewImporter' with importer (PreviewImporter)
Imported 'GUID: 920c7a6bcbdcb6c4f9efdc8e7b0d450c' -> (Import Result ID: '0e959202186f839f787fc46568b30f91') in 0.001 seconds [static and dynamic dependencies]. Details - ImportResultOutputID=fc7777b06659fa4a4eacb95880062344 DependenciesID=a6a1c836ca13d0977f834dc74b759901 StaticDependenciesID=5203a7d42f97d6c5497ace0405f497b6 
Number of updated asset objects reloaded before import = 0
Number of asset objects unloaded after import = 0
========================================================================
Received Import Request.
  Time of request: 2026-08-19T16:56:02.2908908Z
  Time since last request: 0.0019941 seconds.
  importAddress: GUID: 920c7a6bcbdcb6c4f9efdc8e7b0d450c - Path: Assets/Scripts/Cards/DeckManager.cs - Importer: PreviewImporter
Importing 'GUID: 920c7a6bcbdcb6c4f9efdc8e7b0d450c - Path: Assets/Scripts/Cards/DeckManager.cs - Importer: PreviewImporter' with importer (PreviewImporter)
Imported 'GUID: 920c7a6bcbdcb6c4f9efdc8e7b0d450c' -> (Import Result ID: '0e959202186f839f787fc46568b30f91') in 0.001 seconds [static and dynamic dependencies]. Details - ImportResultOutputID=fc7777b06659fa4a4eacb95880062344 DependenciesID=a6a1c836ca13d0977f834dc74b759901 StaticDependenciesID=5203a7d42f97d6c5497ace0405f497b6 
Number of updated asset objects reloaded before import = 0
Number of asset objects unloaded after import = 0
========================================================================
Received Import Request.
  Time of request: 2026-08-19T16:56:02.321297Z
  Time since last request: 0.0015657 seconds.
  importAddress: GUID: 920c7a6bcbdcb6c4f9efdc8e7b0d450c - Path: Assets/Scripts/Cards/DeckManager.cs - Importer: PreviewImporter
Importing 'GUID: 920c7a6bcbdcb6c4f9efdc8e7b0d450c - Path: Assets/Scripts/Cards/DeckManager.cs - Importer: PreviewImporter' with importer (PreviewImporter)
Imported 'GUID: 920c7a6bcbdcb6c4f9efdc8e7b0d450c' -> (Import Result ID: '0e959202186f839f787fc46568b30f91') in 0.001 seconds [static and dynamic dependencies]. Details - ImportResultOutputID=fc7777b06659fa4a4eacb95880062344 DependenciesID=a6a1c836ca13d0977f834dc74b759901 StaticDependenciesID=5203a7d42f97d6c5497ace0405f497b6 
Number of updated asset objects reloaded before import = 0
Number of asset objects unloaded after import = 0
========================================================================
Received Import Request.
  Time of request: 2026-08-19T16:56:02.3537899Z
  Time since last request: 0.0007609 seconds.
  importAddress: GUID: 920c7a6bcbdcb6c4f9efdc8e7b0d450c - Path: Assets/Scripts/Cards/DeckManager.cs - Importer: PreviewImporter
Importing 'GUID: 920c7a6bcbdcb6c4f9efdc8e7b0d450c - Path: Assets/Scripts/Cards/DeckManager.cs - Importer: PreviewImporter' with importer (PreviewImporter)
Imported 'GUID: 920c7a6bcbdcb6c4f9efdc8e7b0d450c' -> (Import Result ID: '0e959202186f839f787fc46568b30f91') in 0.001 seconds [static and dynamic dependencies]. Details - ImportResultOutputID=fc7777b06659fa4a4eacb95880062344 DependenciesID=a6a1c836ca13d0977f834dc74b759901 StaticDependenciesID=5203a7d42f97d6c5497ace0405f497b6 
Number of updated asset objects reloaded before import = 0
Number of asset objects unloaded after import = 0
========================================================================
Received Import Request.
  Time of request: 2026-08-19T16:56:02.3811027Z
  Time since last request: 0.0006346 seconds.
  importAddress: GUID: 920c7a6bcbdcb6c4f9efdc8e7b0d450c - Path: Assets/Scripts/Cards/DeckManager.cs - Importer: PreviewImporter
Importing 'GUID: 920c7a6bcbdcb6c4f9efdc8e7b0d450c - Path: Assets/Scripts/Cards/DeckManager.cs - Importer: PreviewImporter' with importer (PreviewImporter)
Imported 'GUID: 920c7a6bcbdcb6c4f9efdc8e7b0d450c' -> (Import Result ID: '0e959202186f839f787fc46568b30f91') in 0.001 seconds [static and dynamic dependencies]. Details - ImportResultOutputID=fc7777b06659fa4a4eacb95880062344 DependenciesID=a6a1c836ca13d0977f834dc74b759901 StaticDependenciesID=5203a7d42f97d6c5497ace0405f497b6 
Number of updated asset objects reloaded before import = 0
Number of asset objects unloaded after import = 0
========================================================================
Received Import Request.
  Time of request: 2026-08-19T16:56:02.4118547Z
  Time since last request: 0.0033912 seconds.
  importAddress: GUID: 920c7a6bcbdcb6c4f9efdc8e7b0d450c - Path: Assets/Scripts/Cards/DeckManager.cs - Importer: PreviewImporter
Importing 'GUID: 920c7a6bcbdcb6c4f9efdc8e7b0d450c - Path: Assets/Scripts/Cards/DeckManager.cs - Importer: PreviewImporter' with importer (PreviewImporter)
Imported 'GUID: 920c7a6bcbdcb6c4f9efdc8e7b0d450c' -> (Import Result ID: '0e959202186f839f787fc46568b30f91') in 0.001 seconds [static and dynamic dependencies]. Details - ImportResultOutputID=fc7777b06659fa4a4eacb95880062344 DependenciesID=a6a1c836ca13d0977f834dc74b759901 StaticDependenciesID=5203a7d42f97d6c5497ace0405f497b6 
Number of updated asset objects reloaded before import = 0
Number of asset objects unloaded after import = 0
========================================================================
Received Import Request.
  Time of request: 2026-08-19T16:56:02.4408364Z
  Time since last request: 0.0006329 seconds.
  importAddress: GUID: 920c7a6bcbdcb6c4f9efdc8e7b0d450c - Path: Assets/Scripts/Cards/DeckManager.cs - Importer: PreviewImporter
Importing 'GUID: 920c7a6bcbdcb6c4f9efdc8e7b0d450c - Path: Assets/Scripts/Cards/DeckManager.cs - Importer: PreviewImporter' with importer (PreviewImporter)
Imported 'GUID: 920c7a6bcbdcb6c4f9efdc8e7b0d450c' -> (Import Result ID: '0e959202186f839f787fc46568b30f91') in 0.001 seconds [static and dynamic dependencies]. Details - ImportResultOutputID=fc7777b06659fa4a4eacb95880062344 DependenciesID=a6a1c836ca13d0977f834dc74b759901 StaticDependenciesID=5203a7d42f97d6c5497ace0405f497b6 
Number of updated asset objects reloaded before import = 0
Number of asset objects unloaded after import = 0
========================================================================
Received Import Request.
  Time of request: 2026-08-19T16:56:02.4762084Z
  Time since last request: 0.0051519 seconds.
  importAddress: GUID: 920c7a6bcbdcb6c4f9efdc8e7b0d450c - Path: Assets/Scripts/Cards/DeckManager.cs - Importer: PreviewImporter
Importing 'GUID: 920c7a6bcbdcb6c4f9efdc8e7b0d450c - Path: Assets/Scripts/Cards/DeckManager.cs - Importer: PreviewImporter' with importer (PreviewImporter)
Imported 'GUID: 920c7a6bcbdcb6c4f9efdc8e7b0d450c' -> (Import Result ID: '0e959202186f839f787fc46568b30f91') in 0.001 seconds [static and dynamic dependencies]. Details - ImportResultOutputID=fc7777b06659fa4a4eacb95880062344 DependenciesID=a6a1c836ca13d0977f834dc74b759901 StaticDependenciesID=5203a7d42f97d6c5497ace0405f497b6 
Number of updated asset objects reloaded before import = 0
Number of asset objects unloaded after import = 0
========================================================================
Received Import Request.
  Time of request: 2026-08-19T16:56:02.5060937Z
  Time since last request: 0.0019936 seconds.
  importAddress: GUID: 920c7a6bcbdcb6c4f9efdc8e7b0d450c - Path: Assets/Scripts/Cards/DeckManager.cs - Importer: PreviewImporter
Importing 'GUID: 920c7a6bcbdcb6c4f9efdc8e7b0d450c - Path: Assets/Scripts/Cards/DeckManager.cs - Importer: PreviewImporter' with importer (PreviewImporter)
Imported 'GUID: 920c7a6bcbdcb6c4f9efdc8e7b0d450c' -> (Import Result ID: '0e959202186f839f787fc46568b30f91') in 0.001 seconds [static and dynamic dependencies]. Details - ImportResultOutputID=fc7777b06659fa4a4eacb95880062344 DependenciesID=a6a1c836ca13d0977f834dc74b759901 StaticDependenciesID=5203a7d42f97d6c5497ace0405f497b6 
Number of updated asset objects reloaded before import = 0
Number of asset objects unloaded after import = 0
========================================================================
Received Import Request.
  Time of request: 2026-08-19T16:56:02.5376265Z
  Time since last request: 0.0025056 seconds.
  importAddress: GUID: 920c7a6bcbdcb6c4f9efdc8e7b0d450c - Path: Assets/Scripts/Cards/DeckManager.cs - Importer: PreviewImporter
Importing 'GUID: 920c7a6bcbdcb6c4f9efdc8e7b0d450c - Path: Assets/Scripts/Cards/DeckManager.cs - Importer: PreviewImporter' with importer (PreviewImporter)
Imported 'GUID: 920c7a6bcbdcb6c4f9efdc8e7b0d450c' -> (Import Result ID: '0e959202186f839f787fc46568b30f91') in 0.001 seconds [static and dynamic dependencies]. Details - ImportResultOutputID=fc7777b06659fa4a4eacb95880062344 DependenciesID=a6a1c836ca13d0977f834dc74b759901 StaticDependenciesID=5203a7d42f97d6c5497ace0405f497b6 
Number of updated asset objects reloaded before import = 0
Number of asset objects unloaded after import = 0
========================================================================
Received Import Request.
  Time of request: 2026-08-19T16:56:02.5682079Z
  Time since last request: 0.0007486 seconds.
  importAddress: GUID: 920c7a6bcbdcb6c4f9efdc8e7b0d450c - Path: Assets/Scripts/Cards/DeckManager.cs - Importer: PreviewImporter
Importing 'GUID: 920c7a6bcbdcb6c4f9efdc8e7b0d450c - Path: Assets/Scripts/Cards/DeckManager.cs - Importer: PreviewImporter' with importer (PreviewImporter)
Imported 'GUID: 920c7a6bcbdcb6c4f9efdc8e7b0d450c' -> (Import Result ID: '0e959202186f839f787fc46568b30f91') in 0.001 seconds [static and dynamic dependencies]. Details - ImportResultOutputID=fc7777b06659fa4a4eacb95880062344 DependenciesID=a6a1c836ca13d0977f834dc74b759901 StaticDependenciesID=5203a7d42f97d6c5497ace0405f497b6 
Number of updated asset objects reloaded before import = 0
Number of asset objects unloaded after import = 0
========================================================================
Received Import Request.
  Time of request: 2026-08-19T16:56:02.5927219Z
  Time since last request: 0.0021014 seconds.
  importAddress: GUID: 920c7a6bcbdcb6c4f9efdc8e7b0d450c - Path: Assets/Scripts/Cards/DeckManager.cs - Importer: PreviewImporter
Importing 'GUID: 920c7a6bcbdcb6c4f9efdc8e7b0d450c - Path: Assets/Scripts/Cards/DeckManager.cs - Importer: PreviewImporter' with importer (PreviewImporter)
Imported 'GUID: 920c7a6bcbdcb6c4f9efdc8e7b0d450c' -> (Import Result ID: '0e959202186f839f787fc46568b30f91') in 0.001 seconds [static and dynamic dependencies]. Details - ImportResultOutputID=fc7777b06659fa4a4eacb95880062344 DependenciesID=a6a1c836ca13d0977f834dc74b759901 StaticDependenciesID=5203a7d42f97d6c5497ace0405f497b6 
Number of updated asset objects reloaded before import = 0
Number of asset objects unloaded after import = 0
========================================================================
Received Import Request.
  Time of request: 2026-08-19T16:56:02.6233609Z
  Time since last request: 0.0039429 seconds.
  importAddress: GUID: 920c7a6bcbdcb6c4f9efdc8e7b0d450c - Path: Assets/Scripts/Cards/DeckManager.cs - Importer: PreviewImporter
Importing 'GUID: 920c7a6bcbdcb6c4f9efdc8e7b0d450c - Path: Assets/Scripts/Cards/DeckManager.cs - Importer: PreviewImporter' with importer (PreviewImporter)
Imported 'GUID: 920c7a6bcbdcb6c4f9efdc8e7b0d450c' -> (Import Result ID: '0e959202186f839f787fc46568b30f91') in 0.001 seconds [static and dynamic dependencies]. Details - ImportResultOutputID=fc7777b06659fa4a4eacb95880062344 DependenciesID=a6a1c836ca13d0977f834dc74b759901 StaticDependenciesID=5203a7d42f97d6c5497ace0405f497b6 
Number of updated asset objects reloaded before import = 0
Number of asset objects unloaded after import = 0
========================================================================
Received Import Request.
  Time of request: 2026-08-19T16:56:02.659402Z
  Time since last request: 0.0057172 seconds.
  importAddress: GUID: 920c7a6bcbdcb6c4f9efdc8e7b0d450c - Path: Assets/Scripts/Cards/DeckManager.cs - Importer: PreviewImporter
Importing 'GUID: 920c7a6bcbdcb6c4f9efdc8e7b0d450c - Path: Assets/Scripts/Cards/DeckManager.cs - Importer: PreviewImporter' with importer (PreviewImporter)
Imported 'GUID: 920c7a6bcbdcb6c4f9efdc8e7b0d450c' -> (Import Result ID: '0e959202186f839f787fc46568b30f91') in 0.001 seconds [static and dynamic dependencies]. Details - ImportResultOutputID=fc7777b06659fa4a4eacb95880062344 DependenciesID=a6a1c836ca13d0977f834dc74b759901 StaticDependenciesID=5203a7d42f97d6c5497ace0405f497b6 
Number of updated asset objects reloaded before import = 0
Number of asset objects unloaded after import = 0
========================================================================
Received Import Request.
  Time of request: 2026-08-19T16:56:02.6906868Z
  Time since last request: 0.0010989 seconds.
  importAddress: GUID: 920c7a6bcbdcb6c4f9efdc8e7b0d450c - Path: Assets/Scripts/Cards/DeckManager.cs - Importer: PreviewImporter
Importing 'GUID: 920c7a6bcbdcb6c4f9efdc8e7b0d450c - Path: Assets/Scripts/Cards/DeckManager.cs - Importer: PreviewImporter' with importer (PreviewImporter)
Imported 'GUID: 920c7a6bcbdcb6c4f9efdc8e7b0d450c' -> (Import Result ID: '0e959202186f839f787fc46568b30f91') in 0.001 seconds [static and dynamic dependencies]. Details - ImportResultOutputID=fc7777b06659fa4a4eacb95880062344 DependenciesID=a6a1c836ca13d0977f834dc74b759901 StaticDependenciesID=5203a7d42f97d6c5497ace0405f497b6 
Number of updated asset objects reloaded before import = 0
Number of asset objects unloaded after import = 0
========================================================================
Received Import Request.
  Time of request: 2026-08-19T16:56:02.7227852Z
  Time since last request: 0.0027182 seconds.
  importAddress: GUID: 920c7a6bcbdcb6c4f9efdc8e7b0d450c - Path: Assets/Scripts/Cards/DeckManager.cs - Importer: PreviewImporter
Importing 'GUID: 920c7a6bcbdcb6c4f9efdc8e7b0d450c - Path: Assets/Scripts/Cards/DeckManager.cs - Importer: PreviewImporter' with importer (PreviewImporter)
Imported 'GUID: 920c7a6bcbdcb6c4f9efdc8e7b0d450c' -> (Import Result ID: '0e959202186f839f787fc46568b30f91') in 0.001 seconds [static and dynamic dependencies]. Details - ImportResultOutputID=fc7777b06659fa4a4eacb95880062344 DependenciesID=a6a1c836ca13d0977f834dc74b759901 StaticDependenciesID=5203a7d42f97d6c5497ace0405f497b6 
Number of updated asset objects reloaded before import = 0
Number of asset objects unloaded after import = 0
========================================================================
Received Import Request.
  Time of request: 2026-08-19T16:56:02.7544008Z
  Time since last request: 0.0022811 seconds.
  importAddress: GUID: 920c7a6bcbdcb6c4f9efdc8e7b0d450c - Path: Assets/Scripts/Cards/DeckManager.cs - Importer: PreviewImporter
Importing 'GUID: 920c7a6bcbdcb6c4f9efdc8e7b0d450c - Path: Assets/Scripts/Cards/DeckManager.cs - Importer: PreviewImporter' with importer (PreviewImporter)
Imported 'GUID: 920c7a6bcbdcb6c4f9efdc8e7b0d450c' -> (Import Result ID: '0e959202186f839f787fc46568b30f91') in 0.001 seconds [static and dynamic dependencies]. Details - ImportResultOutputID=fc7777b06659fa4a4eacb95880062344 DependenciesID=a6a1c836ca13d0977f834dc74b759901 StaticDependenciesID=5203a7d42f97d6c5497ace0405f497b6 
Number of updated asset objects reloaded before import = 0
Number of asset objects unloaded after import = 0
========================================================================
Received Import Request.
  Time of request: 2026-08-19T16:56:02.7877096Z
  Time since last request: 0.0031716 seconds.
  importAddress: GUID: 920c7a6bcbdcb6c4f9efdc8e7b0d450c - Path: Assets/Scripts/Cards/DeckManager.cs - Importer: PreviewImporter
Importing 'GUID: 920c7a6bcbdcb6c4f9efdc8e7b0d450c - Path: Assets/Scripts/Cards/DeckManager.cs - Importer: PreviewImporter' with importer (PreviewImporter)
Imported 'GUID: 920c7a6bcbdcb6c4f9efdc8e7b0d450c' -> (Import Result ID: '0e959202186f839f787fc46568b30f91') in 0.001 seconds [static and dynamic dependencies]. Details - ImportResultOutputID=fc7777b06659fa4a4eacb95880062344 DependenciesID=a6a1c836ca13d0977f834dc74b759901 StaticDependenciesID=5203a7d42f97d6c5497ace0405f497b6 
Number of updated asset objects reloaded before import = 0
Number of asset objects unloaded after import = 0
========================================================================
Received Import Request.
  Time of request: 2026-08-19T16:56:02.8242476Z
  Time since last request: 0.0048298 seconds.
  importAddress: GUID: 920c7a6bcbdcb6c4f9efdc8e7b0d450c - Path: Assets/Scripts/Cards/DeckManager.cs - Importer: PreviewImporter
Importing 'GUID: 920c7a6bcbdcb6c4f9efdc8e7b0d450c - Path: Assets/Scripts/Cards/DeckManager.cs - Importer: PreviewImporter' with importer (PreviewImporter)
Imported 'GUID: 920c7a6bcbdcb6c4f9efdc8e7b0d450c' -> (Import Result ID: '0e959202186f839f787fc46568b30f91') in 0.001 seconds [static and dynamic dependencies]. Details - ImportResultOutputID=fc7777b06659fa4a4eacb95880062344 DependenciesID=a6a1c836ca13d0977f834dc74b759901 StaticDependenciesID=5203a7d42f97d6c5497ace0405f497b6 
Number of updated asset objects reloaded before import = 0
Number of asset objects unloaded after import = 0
========================================================================
Received Import Request.
  Time of request: 2026-08-19T16:56:02.8540248Z
  Time since last request: 0.0016711 seconds.
  importAddress: GUID: 920c7a6bcbdcb6c4f9efdc8e7b0d450c - Path: Assets/Scripts/Cards/DeckManager.cs - Importer: PreviewImporter
Importing 'GUID: 920c7a6bcbdcb6c4f9efdc8e7b0d450c - Path: Assets/Scripts/Cards/DeckManager.cs - Importer: PreviewImporter' with importer (PreviewImporter)
Imported 'GUID: 920c7a6bcbdcb6c4f9efdc8e7b0d450c' -> (Import Result ID: '0e959202186f839f787fc46568b30f91') in 0.001 seconds [static and dynamic dependencies]. Details - ImportResultOutputID=fc7777b06659fa4a4eacb95880062344 DependenciesID=a6a1c836ca13d0977f834dc74b759901 StaticDependenciesID=5203a7d42f97d6c5497ace0405f497b6 
Number of updated asset objects reloaded before import = 0
Number of asset objects unloaded after import = 0
========================================================================
Received Import Request.
  Time of request: 2026-08-19T16:56:02.8857469Z
  Time since last request: 0.0044012 seconds.
  importAddress: GUID: 920c7a6bcbdcb6c4f9efdc8e7b0d450c - Path: Assets/Scripts/Cards/DeckManager.cs - Importer: PreviewImporter
Importing 'GUID: 920c7a6bcbdcb6c4f9efdc8e7b0d450c - Path: Assets/Scripts/Cards/DeckManager.cs - Importer: PreviewImporter' with importer (PreviewImporter)
Imported 'GUID: 920c7a6bcbdcb6c4f9efdc8e7b0d450c' -> (Import Result ID: '0e959202186f839f787fc46568b30f91') in 0.001 seconds [static and dynamic dependencies]. Details - ImportResultOutputID=fc7777b06659fa4a4eacb95880062344 DependenciesID=a6a1c836ca13d0977f834dc74b759901 StaticDependenciesID=5203a7d42f97d6c5497ace0405f497b6 
Number of updated asset objects reloaded before import = 0
Number of asset objects unloaded after import = 0
========================================================================
Received Import Request.
  Time of request: 2026-08-19T16:56:02.916107Z
  Time since last request: 0.0008278 seconds.
  importAddress: GUID: 920c7a6bcbdcb6c4f9efdc8e7b0d450c - Path: Assets/Scripts/Cards/DeckManager.cs - Importer: PreviewImporter
Importing 'GUID: 920c7a6bcbdcb6c4f9efdc8e7b0d450c - Path: Assets/Scripts/Cards/DeckManager.cs - Importer: PreviewImporter' with importer (PreviewImporter)
Imported 'GUID: 920c7a6bcbdcb6c4f9efdc8e7b0d450c' -> (Import Result ID: '0e959202186f839f787fc46568b30f91') in 0.001 seconds [static and dynamic dependencies]. Details - ImportResultOutputID=fc7777b06659fa4a4eacb95880062344 DependenciesID=a6a1c836ca13d0977f834dc74b759901 StaticDependenciesID=5203a7d42f97d6c5497ace0405f497b6 
Number of updated asset objects reloaded before import = 0
Number of asset objects unloaded after import = 0
========================================================================
Received Import Request.
  Time of request: 2026-08-19T16:56:02.9429168Z
  Time since last request: 0.0006069 seconds.
  importAddress: GUID: 920c7a6bcbdcb6c4f9efdc8e7b0d450c - Path: Assets/Scripts/Cards/DeckManager.cs - Importer: PreviewImporter
Importing 'GUID: 920c7a6bcbdcb6c4f9efdc8e7b0d450c - Path: Assets/Scripts/Cards/DeckManager.cs - Importer: PreviewImporter' with importer (PreviewImporter)
Imported 'GUID: 920c7a6bcbdcb6c4f9efdc8e7b0d450c' -> (Import Result ID: '0e959202186f839f787fc46568b30f91') in 0.001 seconds [static and dynamic dependencies]. Details - ImportResultOutputID=fc7777b06659fa4a4eacb95880062344 DependenciesID=a6a1c836ca13d0977f834dc74b759901 StaticDependenciesID=5203a7d42f97d6c5497ace0405f497b6 
Number of updated asset objects reloaded before import = 0
Number of asset objects unloaded after import = 0
========================================================================
Received Import Request.
  Time of request: 2026-08-19T16:56:02.9796658Z
  Time since last request: 0.0062647 seconds.
  importAddress: GUID: 920c7a6bcbdcb6c4f9efdc8e7b0d450c - Path: Assets/Scripts/Cards/DeckManager.cs - Importer: PreviewImporter
Importing 'GUID: 920c7a6bcbdcb6c4f9efdc8e7b0d450c - Path: Assets/Scripts/Cards/DeckManager.cs - Importer: PreviewImporter' with importer (PreviewImporter)
Imported 'GUID: 920c7a6bcbdcb6c4f9efdc8e7b0d450c' -> (Import Result ID: '0e959202186f839f787fc46568b30f91') in 0.001 seconds [static and dynamic dependencies]. Details - ImportResultOutputID=fc7777b06659fa4a4eacb95880062344 DependenciesID=a6a1c836ca13d0977f834dc74b759901 StaticDependenciesID=5203a7d42f97d6c5497ace0405f497b6 
Number of updated asset objects reloaded before import = 0
Number of asset objects unloaded after import = 0
========================================================================
Received Import Request.
  Time of request: 2026-08-19T16:56:03.0067132Z
  Time since last request: 0.0039009 seconds.
  importAddress: GUID: 920c7a6bcbdcb6c4f9efdc8e7b0d450c - Path: Assets/Scripts/Cards/DeckManager.cs - Importer: PreviewImporter
Importing 'GUID: 920c7a6bcbdcb6c4f9efdc8e7b0d450c - Path: Assets/Scripts/Cards/DeckManager.cs - Importer: PreviewImporter' with importer (PreviewImporter)
Imported 'GUID: 920c7a6bcbdcb6c4f9efdc8e7b0d450c' -> (Import Result ID: '0e959202186f839f787fc46568b30f91') in 0.001 seconds [static and dynamic dependencies]. Details - ImportResultOutputID=fc7777b06659fa4a4eacb95880062344 DependenciesID=a6a1c836ca13d0977f834dc74b759901 StaticDependenciesID=5203a7d42f97d6c5497ace0405f497b6 
Number of updated asset objects reloaded before import = 0
Number of asset objects unloaded after import = 0
========================================================================
Received Import Request.
  Time of request: 2026-08-19T16:56:03.0371762Z
  Time since last request: 0.0006508 seconds.
  importAddress: GUID: 920c7a6bcbdcb6c4f9efdc8e7b0d450c - Path: Assets/Scripts/Cards/DeckManager.cs - Importer: PreviewImporter
Importing 'GUID: 920c7a6bcbdcb6c4f9efdc8e7b0d450c - Path: Assets/Scripts/Cards/DeckManager.cs - Importer: PreviewImporter' with importer (PreviewImporter)
Imported 'GUID: 920c7a6bcbdcb6c4f9efdc8e7b0d450c' -> (Import Result ID: '0e959202186f839f787fc46568b30f91') in 0.001 seconds [static and dynamic dependencies]. Details - ImportResultOutputID=fc7777b06659fa4a4eacb95880062344 DependenciesID=a6a1c836ca13d0977f834dc74b759901 StaticDependenciesID=5203a7d42f97d6c5497ace0405f497b6 
Number of updated asset objects reloaded before import = 0
Number of asset objects unloaded after import = 0
========================================================================
Received Import Request.
  Time of request: 2026-08-19T16:56:03.0680076Z
  Time since last request: 0.0012564 seconds.
  importAddress: GUID: 920c7a6bcbdcb6c4f9efdc8e7b0d450c - Path: Assets/Scripts/Cards/DeckManager.cs - Importer: PreviewImporter
Importing 'GUID: 920c7a6bcbdcb6c4f9efdc8e7b0d450c - Path: Assets/Scripts/Cards/DeckManager.cs - Importer: PreviewImporter' with importer (PreviewImporter)
Imported 'GUID: 920c7a6bcbdcb6c4f9efdc8e7b0d450c' -> (Import Result ID: '0e959202186f839f787fc46568b30f91') in 0.001 seconds [static and dynamic dependencies]. Details - ImportResultOutputID=fc7777b06659fa4a4eacb95880062344 DependenciesID=a6a1c836ca13d0977f834dc74b759901 StaticDependenciesID=5203a7d42f97d6c5497ace0405f497b6 
Number of updated asset objects reloaded before import = 0
Number of asset objects unloaded after import = 0
========================================================================
Received Import Request.
  Time of request: 2026-08-19T16:56:03.0926764Z
  Time since last request: 0.0016692 seconds.
  importAddress: GUID: 920c7a6bcbdcb6c4f9efdc8e7b0d450c - Path: Assets/Scripts/Cards/DeckManager.cs - Importer: PreviewImporter
Importing 'GUID: 920c7a6bcbdcb6c4f9efdc8e7b0d450c - Path: Assets/Scripts/Cards/DeckManager.cs - Importer: PreviewImporter' with importer (PreviewImporter)
Imported 'GUID: 920c7a6bcbdcb6c4f9efdc8e7b0d450c' -> (Import Result ID: '0e959202186f839f787fc46568b30f91') in 0.001 seconds [static and dynamic dependencies]. Details - ImportResultOutputID=fc7777b06659fa4a4eacb95880062344 DependenciesID=a6a1c836ca13d0977f834dc74b759901 StaticDependenciesID=5203a7d42f97d6c5497ace0405f497b6 
Number of updated asset objects reloaded before import = 0
Number of asset objects unloaded after import = 0
========================================================================
Received Import Request.
  Time of request: 2026-08-19T16:56:03.1300314Z
  Time since last request: 0.0044527 seconds.
  importAddress: GUID: 920c7a6bcbdcb6c4f9efdc8e7b0d450c - Path: Assets/Scripts/Cards/DeckManager.cs - Importer: PreviewImporter
Importing 'GUID: 920c7a6bcbdcb6c4f9efdc8e7b0d450c - Path: Assets/Scripts/Cards/DeckManager.cs - Importer: PreviewImporter' with importer (PreviewImporter)
Imported 'GUID: 920c7a6bcbdcb6c4f9efdc8e7b0d450c' -> (Import Result ID: '0e959202186f839f787fc46568b30f91') in 0.001 seconds [static and dynamic dependencies]. Details - ImportResultOutputID=fc7777b06659fa4a4eacb95880062344 DependenciesID=a6a1c836ca13d0977f834dc74b759901 StaticDependenciesID=5203a7d42f97d6c5497ace0405f497b6 
Number of updated asset objects reloaded before import = 0
Number of asset objects unloaded after import = 0
========================================================================
Received Import Request.
  Time of request: 2026-08-19T16:56:03.1597355Z
  Time since last request: 0.0036189 seconds.
  importAddress: GUID: 920c7a6bcbdcb6c4f9efdc8e7b0d450c - Path: Assets/Scripts/Cards/DeckManager.cs - Importer: PreviewImporter
Importing 'GUID: 920c7a6bcbdcb6c4f9efdc8e7b0d450c - Path: Assets/Scripts/Cards/DeckManager.cs - Importer: PreviewImporter' with importer (PreviewImporter)
Imported 'GUID: 920c7a6bcbdcb6c4f9efdc8e7b0d450c' -> (Import Result ID: '0e959202186f839f787fc46568b30f91') in 0.001 seconds [static and dynamic dependencies]. Details - ImportResultOutputID=fc7777b06659fa4a4eacb95880062344 DependenciesID=a6a1c836ca13d0977f834dc74b759901 StaticDependenciesID=5203a7d42f97d6c5497ace0405f497b6 
Number of updated asset objects reloaded before import = 0
Number of asset objects unloaded after import = 0
========================================================================
Received Import Request.
  Time of request: 2026-08-19T16:56:03.194232Z
  Time since last request: 0.0041079 seconds.
  importAddress: GUID: 920c7a6bcbdcb6c4f9efdc8e7b0d450c - Path: Assets/Scripts/Cards/DeckManager.cs - Importer: PreviewImporter
Importing 'GUID: 920c7a6bcbdcb6c4f9efdc8e7b0d450c - Path: Assets/Scripts/Cards/DeckManager.cs - Importer: PreviewImporter' with importer (PreviewImporter)
Imported 'GUID: 920c7a6bcbdcb6c4f9efdc8e7b0d450c' -> (Import Result ID: '0e959202186f839f787fc46568b30f91') in 0.001 seconds [static and dynamic dependencies]. Details - ImportResultOutputID=fc7777b06659fa4a4eacb95880062344 DependenciesID=a6a1c836ca13d0977f834dc74b759901 StaticDependenciesID=5203a7d42f97d6c5497ace0405f497b6 
Number of updated asset objects reloaded before import = 0
Number of asset objects unloaded after import = 0
========================================================================
Received Import Request.
  Time of request: 2026-08-19T16:56:03.231321Z
  Time since last request: 0.0042824 seconds.
  importAddress: GUID: 920c7a6bcbdcb6c4f9efdc8e7b0d450c - Path: Assets/Scripts/Cards/DeckManager.cs - Importer: PreviewImporter
Importing 'GUID: 920c7a6bcbdcb6c4f9efdc8e7b0d450c - Path: Assets/Scripts/Cards/DeckManager.cs - Importer: PreviewImporter' with importer (PreviewImporter)
Imported 'GUID: 920c7a6bcbdcb6c4f9efdc8e7b0d450c' -> (Import Result ID: '0e959202186f839f787fc46568b30f91') in 0.001 seconds [static and dynamic dependencies]. Details - ImportResultOutputID=fc7777b06659fa4a4eacb95880062344 DependenciesID=a6a1c836ca13d0977f834dc74b759901 StaticDependenciesID=5203a7d42f97d6c5497ace0405f497b6 
Number of updated asset objects reloaded before import = 0
Number of asset objects unloaded after import = 0
========================================================================
Received Import Request.
  Time of request: 2026-08-19T16:56:03.2631081Z
  Time since last request: 0.0013468 seconds.
  importAddress: GUID: 920c7a6bcbdcb6c4f9efdc8e7b0d450c - Path: Assets/Scripts/Cards/DeckManager.cs - Importer: PreviewImporter
Importing 'GUID: 920c7a6bcbdcb6c4f9efdc8e7b0d450c - Path: Assets/Scripts/Cards/DeckManager.cs - Importer: PreviewImporter' with importer (PreviewImporter)
Imported 'GUID: 920c7a6bcbdcb6c4f9efdc8e7b0d450c' -> (Import Result ID: '0e959202186f839f787fc46568b30f91') in 0.001 seconds [static and dynamic dependencies]. Details - ImportResultOutputID=fc7777b06659fa4a4eacb95880062344 DependenciesID=a6a1c836ca13d0977f834dc74b759901 StaticDependenciesID=5203a7d42f97d6c5497ace0405f497b6 
Number of updated asset objects reloaded before import = 0
Number of asset objects unloaded after import = 0
========================================================================
Received Import Request.
  Time of request: 2026-08-19T16:56:03.2953066Z
  Time since last request: 0.0017588 seconds.
  importAddress: GUID: 920c7a6bcbdcb6c4f9efdc8e7b0d450c - Path: Assets/Scripts/Cards/DeckManager.cs - Importer: PreviewImporter
Importing 'GUID: 920c7a6bcbdcb6c4f9efdc8e7b0d450c - Path: Assets/Scripts/Cards/DeckManager.cs - Importer: PreviewImporter' with importer (PreviewImporter)
Imported 'GUID: 920c7a6bcbdcb6c4f9efdc8e7b0d450c' -> (Import Result ID: '0e959202186f839f787fc46568b30f91') in 0.001 seconds [static and dynamic dependencies]. Details - ImportResultOutputID=fc7777b06659fa4a4eacb95880062344 DependenciesID=a6a1c836ca13d0977f834dc74b759901 StaticDependenciesID=5203a7d42f97d6c5497ace0405f497b6 
Number of updated asset objects reloaded before import = 0
Number of asset objects unloaded after import = 0
========================================================================
Received Import Request.
  Time of request: 2026-08-19T16:56:03.3268601Z
  Time since last request: 0.005957 seconds.
  importAddress: GUID: 920c7a6bcbdcb6c4f9efdc8e7b0d450c - Path: Assets/Scripts/Cards/DeckManager.cs - Importer: PreviewImporter
Importing 'GUID: 920c7a6bcbdcb6c4f9efdc8e7b0d450c - Path: Assets/Scripts/Cards/DeckManager.cs - Importer: PreviewImporter' with importer (PreviewImporter)
Imported 'GUID: 920c7a6bcbdcb6c4f9efdc8e7b0d450c' -> (Import Result ID: '0e959202186f839f787fc46568b30f91') in 0.001 seconds [static and dynamic dependencies]. Details - ImportResultOutputID=fc7777b06659fa4a4eacb95880062344 DependenciesID=a6a1c836ca13d0977f834dc74b759901 StaticDependenciesID=5203a7d42f97d6c5497ace0405f497b6 
Number of updated asset objects reloaded before import = 0
Number of asset objects unloaded after import = 0
========================================================================
Received Import Request.
  Time of request: 2026-08-19T16:56:03.3634085Z
  Time since last request: 0.0051312 seconds.
  importAddress: GUID: 920c7a6bcbdcb6c4f9efdc8e7b0d450c - Path: Assets/Scripts/Cards/DeckManager.cs - Importer: PreviewImporter
Importing 'GUID: 920c7a6bcbdcb6c4f9efdc8e7b0d450c - Path: Assets/Scripts/Cards/DeckManager.cs - Importer: PreviewImporter' with importer (PreviewImporter)
Imported 'GUID: 920c7a6bcbdcb6c4f9efdc8e7b0d450c' -> (Import Result ID: '0e959202186f839f787fc46568b30f91') in 0.001 seconds [static and dynamic dependencies]. Details - ImportResultOutputID=fc7777b06659fa4a4eacb95880062344 DependenciesID=a6a1c836ca13d0977f834dc74b759901 StaticDependenciesID=5203a7d42f97d6c5497ace0405f497b6 
Number of updated asset objects reloaded before import = 0
Number of asset objects unloaded after import = 0
========================================================================
Received Import Request.
  Time of request: 2026-08-19T16:56:03.3963339Z
  Time since last request: 0.002784 seconds.
  importAddress: GUID: 920c7a6bcbdcb6c4f9efdc8e7b0d450c - Path: Assets/Scripts/Cards/DeckManager.cs - Importer: PreviewImporter
Importing 'GUID: 920c7a6bcbdcb6c4f9efdc8e7b0d450c - Path: Assets/Scripts/Cards/DeckManager.cs - Importer: PreviewImporter' with importer (PreviewImporter)
Imported 'GUID: 920c7a6bcbdcb6c4f9efdc8e7b0d450c' -> (Import Result ID: '0e959202186f839f787fc46568b30f91') in 0.001 seconds [static and dynamic dependencies]. Details - ImportResultOutputID=fc7777b06659fa4a4eacb95880062344 DependenciesID=a6a1c836ca13d0977f834dc74b759901 StaticDependenciesID=5203a7d42f97d6c5497ace0405f497b6 
Number of updated asset objects reloaded before import = 0
Number of asset objects unloaded after import = 0
========================================================================
Received Import Request.
  Time of request: 2026-08-19T16:56:03.4282803Z
  Time since last request: 0.0024762 seconds.
  importAddress: GUID: 920c7a6bcbdcb6c4f9efdc8e7b0d450c - Path: Assets/Scripts/Cards/DeckManager.cs - Importer: PreviewImporter
Importing 'GUID: 920c7a6bcbdcb6c4f9efdc8e7b0d450c - Path: Assets/Scripts/Cards/DeckManager.cs - Importer: PreviewImporter' with importer (PreviewImporter)
Imported 'GUID: 920c7a6bcbdcb6c4f9efdc8e7b0d450c' -> (Import Result ID: '0e959202186f839f787fc46568b30f91') in 0.001 seconds [static and dynamic dependencies]. Details - ImportResultOutputID=fc7777b06659fa4a4eacb95880062344 DependenciesID=a6a1c836ca13d0977f834dc74b759901 StaticDependenciesID=5203a7d42f97d6c5497ace0405f497b6 
Number of updated asset objects reloaded before import = 0
Number of asset objects unloaded after import = 0
========================================================================
Received Import Request.
  Time of request: 2026-08-19T16:56:03.4569299Z
  Time since last request: 0.0006133 seconds.
  importAddress: GUID: 920c7a6bcbdcb6c4f9efdc8e7b0d450c - Path: Assets/Scripts/Cards/DeckManager.cs - Importer: PreviewImporter
Importing 'GUID: 920c7a6bcbdcb6c4f9efdc8e7b0d450c - Path: Assets/Scripts/Cards/DeckManager.cs - Importer: PreviewImporter' with importer (PreviewImporter)
Imported 'GUID: 920c7a6bcbdcb6c4f9efdc8e7b0d450c' -> (Import Result ID: '0e959202186f839f787fc46568b30f91') in 0.001 seconds [static and dynamic dependencies]. Details - ImportResultOutputID=fc7777b06659fa4a4eacb95880062344 DependenciesID=a6a1c836ca13d0977f834dc74b759901 StaticDependenciesID=5203a7d42f97d6c5497ace0405f497b6 
Number of updated asset objects reloaded before import = 0
Number of asset objects unloaded after import = 0
========================================================================
Received Import Request.
  Time of request: 2026-08-19T16:56:03.485503Z
  Time since last request: 0.003528 seconds.
  importAddress: GUID: 920c7a6bcbdcb6c4f9efdc8e7b0d450c - Path: Assets/Scripts/Cards/DeckManager.cs - Importer: PreviewImporter
Importing 'GUID: 920c7a6bcbdcb6c4f9efdc8e7b0d450c - Path: Assets/Scripts/Cards/DeckManager.cs - Importer: PreviewImporter' with importer (PreviewImporter)
Imported 'GUID: 920c7a6bcbdcb6c4f9efdc8e7b0d450c' -> (Import Result ID: '0e959202186f839f787fc46568b30f91') in 0.001 seconds [static and dynamic dependencies]. Details - ImportResultOutputID=fc7777b06659fa4a4eacb95880062344 DependenciesID=a6a1c836ca13d0977f834dc74b759901 StaticDependenciesID=5203a7d42f97d6c5497ace0405f497b6 
Number of updated asset objects reloaded before import = 0
Number of asset objects unloaded after import = 0
========================================================================
Received Import Request.
  Time of request: 2026-08-19T16:56:03.5158297Z
  Time since last request: 0.0015248 seconds.
  importAddress: GUID: 920c7a6bcbdcb6c4f9efdc8e7b0d450c - Path: Assets/Scripts/Cards/DeckManager.cs - Importer: PreviewImporter
Importing 'GUID: 920c7a6bcbdcb6c4f9efdc8e7b0d450c - Path: Assets/Scripts/Cards/DeckManager.cs - Importer: PreviewImporter' with importer (PreviewImporter)
Imported 'GUID: 920c7a6bcbdcb6c4f9efdc8e7b0d450c' -> (Import Result ID: '0e959202186f839f787fc46568b30f91') in 0.001 seconds [static and dynamic dependencies]. Details - ImportResultOutputID=fc7777b06659fa4a4eacb95880062344 DependenciesID=a6a1c836ca13d0977f834dc74b759901 StaticDependenciesID=5203a7d42f97d6c5497ace0405f497b6 
Number of updated asset objects reloaded before import = 0
Number of asset objects unloaded after import = 0
========================================================================
Received Import Request.
  Time of request: 2026-08-19T16:56:03.5464085Z
  Time since last request: 0.0050492 seconds.
  importAddress: GUID: 920c7a6bcbdcb6c4f9efdc8e7b0d450c - Path: Assets/Scripts/Cards/DeckManager.cs - Importer: PreviewImporter
Importing 'GUID: 920c7a6bcbdcb6c4f9efdc8e7b0d450c - Path: Assets/Scripts/Cards/DeckManager.cs - Importer: PreviewImporter' with importer (PreviewImporter)
Imported 'GUID: 920c7a6bcbdcb6c4f9efdc8e7b0d450c' -> (Import Result ID: '0e959202186f839f787fc46568b30f91') in 0.001 seconds [static and dynamic dependencies]. Details - ImportResultOutputID=fc7777b06659fa4a4eacb95880062344 DependenciesID=a6a1c836ca13d0977f834dc74b759901 StaticDependenciesID=5203a7d42f97d6c5497ace0405f497b6 
Number of updated asset objects reloaded before import = 0
Number of asset objects unloaded after import = 0
========================================================================
Received Import Request.
  Time of request: 2026-08-19T16:56:03.5748469Z
  Time since last request: 0.0037218 seconds.
  importAddress: GUID: 920c7a6bcbdcb6c4f9efdc8e7b0d450c - Path: Assets/Scripts/Cards/DeckManager.cs - Importer: PreviewImporter
Importing 'GUID: 920c7a6bcbdcb6c4f9efdc8e7b0d450c - Path: Assets/Scripts/Cards/DeckManager.cs - Importer: PreviewImporter' with importer (PreviewImporter)
Imported 'GUID: 920c7a6bcbdcb6c4f9efdc8e7b0d450c' -> (Import Result ID: '0e959202186f839f787fc46568b30f91') in 0.001 seconds [static and dynamic dependencies]. Details - ImportResultOutputID=fc7777b06659fa4a4eacb95880062344 DependenciesID=a6a1c836ca13d0977f834dc74b759901 StaticDependenciesID=5203a7d42f97d6c5497ace0405f497b6 
Number of updated asset objects reloaded before import = 0
Number of asset objects unloaded after import = 0
========================================================================
Received Import Request.
  Time of request: 2026-08-19T16:56:03.6093829Z
  Time since last request: 0.0041209 seconds.
  importAddress: GUID: 920c7a6bcbdcb6c4f9efdc8e7b0d450c - Path: Assets/Scripts/Cards/DeckManager.cs - Importer: PreviewImporter
Importing 'GUID: 920c7a6bcbdcb6c4f9efdc8e7b0d450c - Path: Assets/Scripts/Cards/DeckManager.cs - Importer: PreviewImporter' with importer (PreviewImporter)
Imported 'GUID: 920c7a6bcbdcb6c4f9efdc8e7b0d450c' -> (Import Result ID: '0e959202186f839f787fc46568b30f91') in 0.001 seconds [static and dynamic dependencies]. Details - ImportResultOutputID=fc7777b06659fa4a4eacb95880062344 DependenciesID=a6a1c836ca13d0977f834dc74b759901 StaticDependenciesID=5203a7d42f97d6c5497ace0405f497b6 
Number of updated asset objects reloaded before import = 0
Number of asset objects unloaded after import = 0
========================================================================
Received Import Request.
  Time of request: 2026-08-19T16:56:03.639929Z
  Time since last request: 0.0009675 seconds.
  importAddress: GUID: 920c7a6bcbdcb6c4f9efdc8e7b0d450c - Path: Assets/Scripts/Cards/DeckManager.cs - Importer: PreviewImporter
Importing 'GUID: 920c7a6bcbdcb6c4f9efdc8e7b0d450c - Path: Assets/Scripts/Cards/DeckManager.cs - Importer: PreviewImporter' with importer (PreviewImporter)
Imported 'GUID: 920c7a6bcbdcb6c4f9efdc8e7b0d450c' -> (Import Result ID: '0e959202186f839f787fc46568b30f91') in 0.001 seconds [static and dynamic dependencies]. Details - ImportResultOutputID=fc7777b06659fa4a4eacb95880062344 DependenciesID=a6a1c836ca13d0977f834dc74b759901 StaticDependenciesID=5203a7d42f97d6c5497ace0405f497b6 
Number of updated asset objects reloaded before import = 0
Number of asset objects unloaded after import = 0
========================================================================
Received Import Request.
  Time of request: 2026-08-19T16:56:03.6687006Z
  Time since last request: 0.0023503 seconds.
  importAddress: GUID: 920c7a6bcbdcb6c4f9efdc8e7b0d450c - Path: Assets/Scripts/Cards/DeckManager.cs - Importer: PreviewImporter
Importing 'GUID: 920c7a6bcbdcb6c4f9efdc8e7b0d450c - Path: Assets/Scripts/Cards/DeckManager.cs - Importer: PreviewImporter' with importer (PreviewImporter)
Imported 'GUID: 920c7a6bcbdcb6c4f9efdc8e7b0d450c' -> (Import Result ID: '0e959202186f839f787fc46568b30f91') in 0.001 seconds [static and dynamic dependencies]. Details - ImportResultOutputID=fc7777b06659fa4a4eacb95880062344 DependenciesID=a6a1c836ca13d0977f834dc74b759901 StaticDependenciesID=5203a7d42f97d6c5497ace0405f497b6 
Number of updated asset objects reloaded before import = 0
Number of asset objects unloaded after import = 0
========================================================================
Received Import Request.
  Time of request: 2026-08-19T16:56:03.6994178Z
  Time since last request: 0.0011151 seconds.
  importAddress: GUID: 920c7a6bcbdcb6c4f9efdc8e7b0d450c - Path: Assets/Scripts/Cards/DeckManager.cs - Importer: PreviewImporter
Importing 'GUID: 920c7a6bcbdcb6c4f9efdc8e7b0d450c - Path: Assets/Scripts/Cards/DeckManager.cs - Importer: PreviewImporter' with importer (PreviewImporter)
Imported 'GUID: 920c7a6bcbdcb6c4f9efdc8e7b0d450c' -> (Import Result ID: '0e959202186f839f787fc46568b30f91') in 0.001 seconds [static and dynamic dependencies]. Details - ImportResultOutputID=fc7777b06659fa4a4eacb95880062344 DependenciesID=a6a1c836ca13d0977f834dc74b759901 StaticDependenciesID=5203a7d42f97d6c5497ace0405f497b6 
Number of updated asset objects reloaded before import = 0
Number of asset objects unloaded after import = 0
========================================================================
Received Import Request.
  Time of request: 2026-08-19T16:56:03.7287311Z
  Time since last request: 0.0007406 seconds.
  importAddress: GUID: 920c7a6bcbdcb6c4f9efdc8e7b0d450c - Path: Assets/Scripts/Cards/DeckManager.cs - Importer: PreviewImporter
Importing 'GUID: 920c7a6bcbdcb6c4f9efdc8e7b0d450c - Path: Assets/Scripts/Cards/DeckManager.cs - Importer: PreviewImporter' with importer (PreviewImporter)
Imported 'GUID: 920c7a6bcbdcb6c4f9efdc8e7b0d450c' -> (Import Result ID: '0e959202186f839f787fc46568b30f91') in 0.002 seconds [static and dynamic dependencies]. Details - ImportResultOutputID=fc7777b06659fa4a4eacb95880062344 DependenciesID=a6a1c836ca13d0977f834dc74b759901 StaticDependenciesID=5203a7d42f97d6c5497ace0405f497b6 
Number of updated asset objects reloaded before import = 0
Number of asset objects unloaded after import = 0
========================================================================
Received Import Request.
  Time of request: 2026-08-19T16:56:03.7615102Z
  Time since last request: 0.0032282 seconds.
  importAddress: GUID: 920c7a6bcbdcb6c4f9efdc8e7b0d450c - Path: Assets/Scripts/Cards/DeckManager.cs - Importer: PreviewImporter
Importing 'GUID: 920c7a6bcbdcb6c4f9efdc8e7b0d450c - Path: Assets/Scripts/Cards/DeckManager.cs - Importer: PreviewImporter' with importer (PreviewImporter)
Imported 'GUID: 920c7a6bcbdcb6c4f9efdc8e7b0d450c' -> (Import Result ID: '0e959202186f839f787fc46568b30f91') in 0.001 seconds [static and dynamic dependencies]. Details - ImportResultOutputID=fc7777b06659fa4a4eacb95880062344 DependenciesID=a6a1c836ca13d0977f834dc74b759901 StaticDependenciesID=5203a7d42f97d6c5497ace0405f497b6 
Number of updated asset objects reloaded before import = 0
Number of asset objects unloaded after import = 0
========================================================================
Received Import Request.
  Time of request: 2026-08-19T16:56:03.7915374Z
  Time since last request: 0.0024109 seconds.
  importAddress: GUID: 920c7a6bcbdcb6c4f9efdc8e7b0d450c - Path: Assets/Scripts/Cards/DeckManager.cs - Importer: PreviewImporter
Importing 'GUID: 920c7a6bcbdcb6c4f9efdc8e7b0d450c - Path: Assets/Scripts/Cards/DeckManager.cs - Importer: PreviewImporter' with importer (PreviewImporter)
Imported 'GUID: 920c7a6bcbdcb6c4f9efdc8e7b0d450c' -> (Import Result ID: '0e959202186f839f787fc46568b30f91') in 0.001 seconds [static and dynamic dependencies]. Details - ImportResultOutputID=fc7777b06659fa4a4eacb95880062344 DependenciesID=a6a1c836ca13d0977f834dc74b759901 StaticDependenciesID=5203a7d42f97d6c5497ace0405f497b6 
Number of updated asset objects reloaded before import = 0
Number of asset objects unloaded after import = 0
========================================================================
Received Import Request.
  Time of request: 2026-08-19T16:56:03.8202317Z
  Time since last request: 0.0006672 seconds.
  importAddress: GUID: 920c7a6bcbdcb6c4f9efdc8e7b0d450c - Path: Assets/Scripts/Cards/DeckManager.cs - Importer: PreviewImporter
Importing 'GUID: 920c7a6bcbdcb6c4f9efdc8e7b0d450c - Path: Assets/Scripts/Cards/DeckManager.cs - Importer: PreviewImporter' with importer (PreviewImporter)
Imported 'GUID: 920c7a6bcbdcb6c4f9efdc8e7b0d450c' -> (Import Result ID: '0e959202186f839f787fc46568b30f91') in 0.001 seconds [static and dynamic dependencies]. Details - ImportResultOutputID=fc7777b06659fa4a4eacb95880062344 DependenciesID=a6a1c836ca13d0977f834dc74b759901 StaticDependenciesID=5203a7d42f97d6c5497ace0405f497b6 
Number of updated asset objects reloaded before import = 0
Number of asset objects unloaded after import = 0
========================================================================
Received Import Request.
  Time of request: 2026-08-19T16:56:03.8492347Z
  Time since last request: 0.0031772 seconds.
  importAddress: GUID: 920c7a6bcbdcb6c4f9efdc8e7b0d450c - Path: Assets/Scripts/Cards/DeckManager.cs - Importer: PreviewImporter
Importing 'GUID: 920c7a6bcbdcb6c4f9efdc8e7b0d450c - Path: Assets/Scripts/Cards/DeckManager.cs - Importer: PreviewImporter' with importer (PreviewImporter)
Imported 'GUID: 920c7a6bcbdcb6c4f9efdc8e7b0d450c' -> (Import Result ID: '0e959202186f839f787fc46568b30f91') in 0.001 seconds [static and dynamic dependencies]. Details - ImportResultOutputID=fc7777b06659fa4a4eacb95880062344 DependenciesID=a6a1c836ca13d0977f834dc74b759901 StaticDependenciesID=5203a7d42f97d6c5497ace0405f497b6 
Number of updated asset objects reloaded before import = 0
Number of asset objects unloaded after import = 0
========================================================================
Received Import Request.
  Time of request: 2026-08-19T16:56:03.8849252Z
  Time since last request: 0.0021591 seconds.
  importAddress: GUID: 920c7a6bcbdcb6c4f9efdc8e7b0d450c - Path: Assets/Scripts/Cards/DeckManager.cs - Importer: PreviewImporter
Importing 'GUID: 920c7a6bcbdcb6c4f9efdc8e7b0d450c - Path: Assets/Scripts/Cards/DeckManager.cs - Importer: PreviewImporter' with importer (PreviewImporter)
Imported 'GUID: 920c7a6bcbdcb6c4f9efdc8e7b0d450c' -> (Import Result ID: '0e959202186f839f787fc46568b30f91') in 0.001 seconds [static and dynamic dependencies]. Details - ImportResultOutputID=fc7777b06659fa4a4eacb95880062344 DependenciesID=a6a1c836ca13d0977f834dc74b759901 StaticDependenciesID=5203a7d42f97d6c5497ace0405f497b6 
Number of updated asset objects reloaded before import = 0
Number of asset objects unloaded after import = 0
========================================================================
Received Import Request.
  Time of request: 2026-08-19T16:56:03.9163909Z
  Time since last request: 0.0014801 seconds.
  importAddress: GUID: 920c7a6bcbdcb6c4f9efdc8e7b0d450c - Path: Assets/Scripts/Cards/DeckManager.cs - Importer: PreviewImporter
Importing 'GUID: 920c7a6bcbdcb6c4f9efdc8e7b0d450c - Path: Assets/Scripts/Cards/DeckManager.cs - Importer: PreviewImporter' with importer (PreviewImporter)
Imported 'GUID: 920c7a6bcbdcb6c4f9efdc8e7b0d450c' -> (Import Result ID: '0e959202186f839f787fc46568b30f91') in 0.001 seconds [static and dynamic dependencies]. Details - ImportResultOutputID=fc7777b06659fa4a4eacb95880062344 DependenciesID=a6a1c836ca13d0977f834dc74b759901 StaticDependenciesID=5203a7d42f97d6c5497ace0405f497b6 
Number of updated asset objects reloaded before import = 0
Number of asset objects unloaded after import = 0
========================================================================
Received Import Request.
  Time of request: 2026-08-19T16:56:03.9460058Z
  Time since last request: 0.0022802 seconds.
  importAddress: GUID: 920c7a6bcbdcb6c4f9efdc8e7b0d450c - Path: Assets/Scripts/Cards/DeckManager.cs - Importer: PreviewImporter
Importing 'GUID: 920c7a6bcbdcb6c4f9efdc8e7b0d450c - Path: Assets/Scripts/Cards/DeckManager.cs - Importer: PreviewImporter' with importer (PreviewImporter)
Imported 'GUID: 920c7a6bcbdcb6c4f9efdc8e7b0d450c' -> (Import Result ID: '0e959202186f839f787fc46568b30f91') in 0.001 seconds [static and dynamic dependencies]. Details - ImportResultOutputID=fc7777b06659fa4a4eacb95880062344 DependenciesID=a6a1c836ca13d0977f834dc74b759901 StaticDependenciesID=5203a7d42f97d6c5497ace0405f497b6 
Number of updated asset objects reloaded before import = 0
Number of asset objects unloaded after import = 0
========================================================================
Received Import Request.
  Time of request: 2026-08-19T16:56:03.9738147Z
  Time since last request: 0.0005587 seconds.
  importAddress: GUID: 920c7a6bcbdcb6c4f9efdc8e7b0d450c - Path: Assets/Scripts/Cards/DeckManager.cs - Importer: PreviewImporter
Importing 'GUID: 920c7a6bcbdcb6c4f9efdc8e7b0d450c - Path: Assets/Scripts/Cards/DeckManager.cs - Importer: PreviewImporter' with importer (PreviewImporter)
Imported 'GUID: 920c7a6bcbdcb6c4f9efdc8e7b0d450c' -> (Import Result ID: '0e959202186f839f787fc46568b30f91') in 0.001 seconds [static and dynamic dependencies]. Details - ImportResultOutputID=fc7777b06659fa4a4eacb95880062344 DependenciesID=a6a1c836ca13d0977f834dc74b759901 StaticDependenciesID=5203a7d42f97d6c5497ace0405f497b6 
Number of updated asset objects reloaded before import = 0
Number of asset objects unloaded after import = 0
========================================================================
Received Import Request.
  Time of request: 2026-08-19T16:56:04.0035151Z
  Time since last request: 0.0038264 seconds.
  importAddress: GUID: 920c7a6bcbdcb6c4f9efdc8e7b0d450c - Path: Assets/Scripts/Cards/DeckManager.cs - Importer: PreviewImporter
Importing 'GUID: 920c7a6bcbdcb6c4f9efdc8e7b0d450c - Path: Assets/Scripts/Cards/DeckManager.cs - Importer: PreviewImporter' with importer (PreviewImporter)
Imported 'GUID: 920c7a6bcbdcb6c4f9efdc8e7b0d450c' -> (Import Result ID: '0e959202186f839f787fc46568b30f91') in 0.001 seconds [static and dynamic dependencies]. Details - ImportResultOutputID=fc7777b06659fa4a4eacb95880062344 DependenciesID=a6a1c836ca13d0977f834dc74b759901 StaticDependenciesID=5203a7d42f97d6c5497ace0405f497b6 
Number of updated asset objects reloaded before import = 0
Number of asset objects unloaded after import = 0
========================================================================
Received Import Request.
  Time of request: 2026-08-19T16:56:04.0352195Z
  Time since last request: 0.0038023 seconds.
  importAddress: GUID: 920c7a6bcbdcb6c4f9efdc8e7b0d450c - Path: Assets/Scripts/Cards/DeckManager.cs - Importer: PreviewImporter
Importing 'GUID: 920c7a6bcbdcb6c4f9efdc8e7b0d450c - Path: Assets/Scripts/Cards/DeckManager.cs - Importer: PreviewImporter' with importer (PreviewImporter)
Imported 'GUID: 920c7a6bcbdcb6c4f9efdc8e7b0d450c' -> (Import Result ID: '0e959202186f839f787fc46568b30f91') in 0.001 seconds [static and dynamic dependencies]. Details - ImportResultOutputID=fc7777b06659fa4a4eacb95880062344 DependenciesID=a6a1c836ca13d0977f834dc74b759901 StaticDependenciesID=5203a7d42f97d6c5497ace0405f497b6 
Number of updated asset objects reloaded before import = 0
Number of asset objects unloaded after import = 0
========================================================================
Received Import Request.
  Time of request: 2026-08-19T16:56:04.0665743Z
  Time since last request: 0.0040634 seconds.
  importAddress: GUID: 920c7a6bcbdcb6c4f9efdc8e7b0d450c - Path: Assets/Scripts/Cards/DeckManager.cs - Importer: PreviewImporter
Importing 'GUID: 920c7a6bcbdcb6c4f9efdc8e7b0d450c - Path: Assets/Scripts/Cards/DeckManager.cs - Importer: PreviewImporter' with importer (PreviewImporter)
Imported 'GUID: 920c7a6bcbdcb6c4f9efdc8e7b0d450c' -> (Import Result ID: '0e959202186f839f787fc46568b30f91') in 0.001 seconds [static and dynamic dependencies]. Details - ImportResultOutputID=fc7777b06659fa4a4eacb95880062344 DependenciesID=a6a1c836ca13d0977f834dc74b759901 StaticDependenciesID=5203a7d42f97d6c5497ace0405f497b6 
Number of updated asset objects reloaded before import = 0
Number of asset objects unloaded after import = 0
========================================================================
Received Import Request.
  Time of request: 2026-08-19T16:56:04.0954224Z
  Time since last request: 0.0006896 seconds.
  importAddress: GUID: 920c7a6bcbdcb6c4f9efdc8e7b0d450c - Path: Assets/Scripts/Cards/DeckManager.cs - Importer: PreviewImporter
Importing 'GUID: 920c7a6bcbdcb6c4f9efdc8e7b0d450c - Path: Assets/Scripts/Cards/DeckManager.cs - Importer: PreviewImporter' with importer (PreviewImporter)
Imported 'GUID: 920c7a6bcbdcb6c4f9efdc8e7b0d450c' -> (Import Result ID: '0e959202186f839f787fc46568b30f91') in 0.001 seconds [static and dynamic dependencies]. Details - ImportResultOutputID=fc7777b06659fa4a4eacb95880062344 DependenciesID=a6a1c836ca13d0977f834dc74b759901 StaticDependenciesID=5203a7d42f97d6c5497ace0405f497b6 
Number of updated asset objects reloaded before import = 0
Number of asset objects unloaded after import = 0
========================================================================
Received Import Request.
  Time of request: 2026-08-19T16:56:04.1250916Z
  Time since last request: 0.0007907 seconds.
  importAddress: GUID: 920c7a6bcbdcb6c4f9efdc8e7b0d450c - Path: Assets/Scripts/Cards/DeckManager.cs - Importer: PreviewImporter
Importing 'GUID: 920c7a6bcbdcb6c4f9efdc8e7b0d450c - Path: Assets/Scripts/Cards/DeckManager.cs - Importer: PreviewImporter' with importer (PreviewImporter)
Imported 'GUID: 920c7a6bcbdcb6c4f9efdc8e7b0d450c' -> (Import Result ID: '0e959202186f839f787fc46568b30f91') in 0.001 seconds [static and dynamic dependencies]. Details - ImportResultOutputID=fc7777b06659fa4a4eacb95880062344 DependenciesID=a6a1c836ca13d0977f834dc74b759901 StaticDependenciesID=5203a7d42f97d6c5497ace0405f497b6 
Number of updated asset objects reloaded before import = 0
Number of asset objects unloaded after import = 0
========================================================================
Received Import Request.
  Time of request: 2026-08-19T16:56:04.1561437Z
  Time since last request: 0.0007589 seconds.
  importAddress: GUID: 920c7a6bcbdcb6c4f9efdc8e7b0d450c - Path: Assets/Scripts/Cards/DeckManager.cs - Importer: PreviewImporter
Importing 'GUID: 920c7a6bcbdcb6c4f9efdc8e7b0d450c - Path: Assets/Scripts/Cards/DeckManager.cs - Importer: PreviewImporter' with importer (PreviewImporter)
Imported 'GUID: 920c7a6bcbdcb6c4f9efdc8e7b0d450c' -> (Import Result ID: '0e959202186f839f787fc46568b30f91') in 0.001 seconds [static and dynamic dependencies]. Details - ImportResultOutputID=fc7777b06659fa4a4eacb95880062344 DependenciesID=a6a1c836ca13d0977f834dc74b759901 StaticDependenciesID=5203a7d42f97d6c5497ace0405f497b6 
Number of updated asset objects reloaded before import = 0
Number of asset objects unloaded after import = 0
========================================================================
Received Import Request.
  Time of request: 2026-08-19T16:56:04.1844771Z
  Time since last request: 0.001134 seconds.
  importAddress: GUID: 920c7a6bcbdcb6c4f9efdc8e7b0d450c - Path: Assets/Scripts/Cards/DeckManager.cs - Importer: PreviewImporter
Importing 'GUID: 920c7a6bcbdcb6c4f9efdc8e7b0d450c - Path: Assets/Scripts/Cards/DeckManager.cs - Importer: PreviewImporter' with importer (PreviewImporter)
Imported 'GUID: 920c7a6bcbdcb6c4f9efdc8e7b0d450c' -> (Import Result ID: '0e959202186f839f787fc46568b30f91') in 0.001 seconds [static and dynamic dependencies]. Details - ImportResultOutputID=fc7777b06659fa4a4eacb95880062344 DependenciesID=a6a1c836ca13d0977f834dc74b759901 StaticDependenciesID=5203a7d42f97d6c5497ace0405f497b6 
Number of updated asset objects reloaded before import = 0
Number of asset objects unloaded after import = 0
========================================================================
Received Import Request.
  Time of request: 2026-08-19T16:56:04.219773Z
  Time since last request: 0.0033408 seconds.
  importAddress: GUID: 920c7a6bcbdcb6c4f9efdc8e7b0d450c - Path: Assets/Scripts/Cards/DeckManager.cs - Importer: PreviewImporter
Importing 'GUID: 920c7a6bcbdcb6c4f9efdc8e7b0d450c - Path: Assets/Scripts/Cards/DeckManager.cs - Importer: PreviewImporter' with importer (PreviewImporter)
Imported 'GUID: 920c7a6bcbdcb6c4f9efdc8e7b0d450c' -> (Import Result ID: '0e959202186f839f787fc46568b30f91') in 0.001 seconds [static and dynamic dependencies]. Details - ImportResultOutputID=fc7777b06659fa4a4eacb95880062344 DependenciesID=a6a1c836ca13d0977f834dc74b759901 StaticDependenciesID=5203a7d42f97d6c5497ace0405f497b6 
Number of updated asset objects reloaded before import = 0
Number of asset objects unloaded after import = 0
========================================================================
Received Import Request.
  Time of request: 2026-08-19T16:56:04.250061Z
  Time since last request: 0.0011742 seconds.
  importAddress: GUID: 920c7a6bcbdcb6c4f9efdc8e7b0d450c - Path: Assets/Scripts/Cards/DeckManager.cs - Importer: PreviewImporter
Importing 'GUID: 920c7a6bcbdcb6c4f9efdc8e7b0d450c - Path: Assets/Scripts/Cards/DeckManager.cs - Importer: PreviewImporter' with importer (PreviewImporter)
Imported 'GUID: 920c7a6bcbdcb6c4f9efdc8e7b0d450c' -> (Import Result ID: '0e959202186f839f787fc46568b30f91') in 0.001 seconds [static and dynamic dependencies]. Details - ImportResultOutputID=fc7777b06659fa4a4eacb95880062344 DependenciesID=a6a1c836ca13d0977f834dc74b759901 StaticDependenciesID=5203a7d42f97d6c5497ace0405f497b6 
Number of updated asset objects reloaded before import = 0
Number of asset objects unloaded after import = 0
========================================================================
Received Import Request.
  Time of request: 2026-08-19T16:56:04.2849555Z
  Time since last request: 0.0041565 seconds.
  importAddress: GUID: 920c7a6bcbdcb6c4f9efdc8e7b0d450c - Path: Assets/Scripts/Cards/DeckManager.cs - Importer: PreviewImporter
Importing 'GUID: 920c7a6bcbdcb6c4f9efdc8e7b0d450c - Path: Assets/Scripts/Cards/DeckManager.cs - Importer: PreviewImporter' with importer (PreviewImporter)
Imported 'GUID: 920c7a6bcbdcb6c4f9efdc8e7b0d450c' -> (Import Result ID: '0e959202186f839f787fc46568b30f91') in 0.001 seconds [static and dynamic dependencies]. Details - ImportResultOutputID=fc7777b06659fa4a4eacb95880062344 DependenciesID=a6a1c836ca13d0977f834dc74b759901 StaticDependenciesID=5203a7d42f97d6c5497ace0405f497b6 
Number of updated asset objects reloaded before import = 0
Number of asset objects unloaded after import = 0
========================================================================
Received Import Request.
  Time of request: 2026-08-19T16:56:04.3176207Z
  Time since last request: 0.002844 seconds.
  importAddress: GUID: 920c7a6bcbdcb6c4f9efdc8e7b0d450c - Path: Assets/Scripts/Cards/DeckManager.cs - Importer: PreviewImporter
Importing 'GUID: 920c7a6bcbdcb6c4f9efdc8e7b0d450c - Path: Assets/Scripts/Cards/DeckManager.cs - Importer: PreviewImporter' with importer (PreviewImporter)
Imported 'GUID: 920c7a6bcbdcb6c4f9efdc8e7b0d450c' -> (Import Result ID: '0e959202186f839f787fc46568b30f91') in 0.001 seconds [static and dynamic dependencies]. Details - ImportResultOutputID=fc7777b06659fa4a4eacb95880062344 DependenciesID=a6a1c836ca13d0977f834dc74b759901 StaticDependenciesID=5203a7d42f97d6c5497ace0405f497b6 
Number of updated asset objects reloaded before import = 0
Number of asset objects unloaded after import = 0
========================================================================
Received Import Request.
  Time of request: 2026-08-19T16:56:04.3454026Z
  Time since last request: 0.0032894 seconds.
  importAddress: GUID: 920c7a6bcbdcb6c4f9efdc8e7b0d450c - Path: Assets/Scripts/Cards/DeckManager.cs - Importer: PreviewImporter
Importing 'GUID: 920c7a6bcbdcb6c4f9efdc8e7b0d450c - Path: Assets/Scripts/Cards/DeckManager.cs - Importer: PreviewImporter' with importer (PreviewImporter)
Imported 'GUID: 920c7a6bcbdcb6c4f9efdc8e7b0d450c' -> (Import Result ID: '0e959202186f839f787fc46568b30f91') in 0.001 seconds [static and dynamic dependencies]. Details - ImportResultOutputID=fc7777b06659fa4a4eacb95880062344 DependenciesID=a6a1c836ca13d0977f834dc74b759901 StaticDependenciesID=5203a7d42f97d6c5497ace0405f497b6 
Number of updated asset objects reloaded before import = 0
Number of asset objects unloaded after import = 0
========================================================================
Received Import Request.
  Time of request: 2026-08-19T16:56:04.3712486Z
  Time since last request: 0.0006235 seconds.
  importAddress: GUID: 920c7a6bcbdcb6c4f9efdc8e7b0d450c - Path: Assets/Scripts/Cards/DeckManager.cs - Importer: PreviewImporter
Importing 'GUID: 920c7a6bcbdcb6c4f9efdc8e7b0d450c - Path: Assets/Scripts/Cards/DeckManager.cs - Importer: PreviewImporter' with importer (PreviewImporter)
Imported 'GUID: 920c7a6bcbdcb6c4f9efdc8e7b0d450c' -> (Import Result ID: '0e959202186f839f787fc46568b30f91') in 0.001 seconds [static and dynamic dependencies]. Details - ImportResultOutputID=fc7777b06659fa4a4eacb95880062344 DependenciesID=a6a1c836ca13d0977f834dc74b759901 StaticDependenciesID=5203a7d42f97d6c5497ace0405f497b6 
Number of updated asset objects reloaded before import = 0
Number of asset objects unloaded after import = 0
========================================================================
Received Import Request.
  Time of request: 2026-08-19T16:56:04.4009263Z
  Time since last request: 0.0040809 seconds.
  importAddress: GUID: 920c7a6bcbdcb6c4f9efdc8e7b0d450c - Path: Assets/Scripts/Cards/DeckManager.cs - Importer: PreviewImporter
Importing 'GUID: 920c7a6bcbdcb6c4f9efdc8e7b0d450c - Path: Assets/Scripts/Cards/DeckManager.cs - Importer: PreviewImporter' with importer (PreviewImporter)
Imported 'GUID: 920c7a6bcbdcb6c4f9efdc8e7b0d450c' -> (Import Result ID: '0e959202186f839f787fc46568b30f91') in 0.001 seconds [static and dynamic dependencies]. Details - ImportResultOutputID=fc7777b06659fa4a4eacb95880062344 DependenciesID=a6a1c836ca13d0977f834dc74b759901 StaticDependenciesID=5203a7d42f97d6c5497ace0405f497b6 
Number of updated asset objects reloaded before import = 0
Number of asset objects unloaded after import = 0
========================================================================
Received Import Request.
  Time of request: 2026-08-19T16:56:04.4335088Z
  Time since last request: 0.0042867 seconds.
  importAddress: GUID: 920c7a6bcbdcb6c4f9efdc8e7b0d450c - Path: Assets/Scripts/Cards/DeckManager.cs - Importer: PreviewImporter
Importing 'GUID: 920c7a6bcbdcb6c4f9efdc8e7b0d450c - Path: Assets/Scripts/Cards/DeckManager.cs - Importer: PreviewImporter' with importer (PreviewImporter)
Imported 'GUID: 920c7a6bcbdcb6c4f9efdc8e7b0d450c' -> (Import Result ID: '0e959202186f839f787fc46568b30f91') in 0.001 seconds [static and dynamic dependencies]. Details - ImportResultOutputID=fc7777b06659fa4a4eacb95880062344 DependenciesID=a6a1c836ca13d0977f834dc74b759901 StaticDependenciesID=5203a7d42f97d6c5497ace0405f497b6 
Number of updated asset objects reloaded before import = 0
Number of asset objects unloaded after import = 0
========================================================================
Received Import Request.
  Time of request: 2026-08-19T16:56:04.4635691Z
  Time since last request: 0.00141 seconds.
  importAddress: GUID: 920c7a6bcbdcb6c4f9efdc8e7b0d450c - Path: Assets/Scripts/Cards/DeckManager.cs - Importer: PreviewImporter
Importing 'GUID: 920c7a6bcbdcb6c4f9efdc8e7b0d450c - Path: Assets/Scripts/Cards/DeckManager.cs - Importer: PreviewImporter' with importer (PreviewImporter)
Imported 'GUID: 920c7a6bcbdcb6c4f9efdc8e7b0d450c' -> (Import Result ID: '0e959202186f839f787fc46568b30f91') in 0.001 seconds [static and dynamic dependencies]. Details - ImportResultOutputID=fc7777b06659fa4a4eacb95880062344 DependenciesID=a6a1c836ca13d0977f834dc74b759901 StaticDependenciesID=5203a7d42f97d6c5497ace0405f497b6 
Number of updated asset objects reloaded before import = 0
Number of asset objects unloaded after import = 0
========================================================================
Received Import Request.
  Time of request: 2026-08-19T16:56:04.4919418Z
  Time since last request: 0.0030745 seconds.
  importAddress: GUID: 920c7a6bcbdcb6c4f9efdc8e7b0d450c - Path: Assets/Scripts/Cards/DeckManager.cs - Importer: PreviewImporter
Importing 'GUID: 920c7a6bcbdcb6c4f9efdc8e7b0d450c - Path: Assets/Scripts/Cards/DeckManager.cs - Importer: PreviewImporter' with importer (PreviewImporter)
Imported 'GUID: 920c7a6bcbdcb6c4f9efdc8e7b0d450c' -> (Import Result ID: '0e959202186f839f787fc46568b30f91') in 0.001 seconds [static and dynamic dependencies]. Details - ImportResultOutputID=fc7777b06659fa4a4eacb95880062344 DependenciesID=a6a1c836ca13d0977f834dc74b759901 StaticDependenciesID=5203a7d42f97d6c5497ace0405f497b6 
Number of updated asset objects reloaded before import = 0
Number of asset objects unloaded after import = 0
========================================================================
Received Import Request.
  Time of request: 2026-08-19T16:56:04.5203602Z
  Time since last request: 0.0035257 seconds.
  importAddress: GUID: 920c7a6bcbdcb6c4f9efdc8e7b0d450c - Path: Assets/Scripts/Cards/DeckManager.cs - Importer: PreviewImporter
Importing 'GUID: 920c7a6bcbdcb6c4f9efdc8e7b0d450c - Path: Assets/Scripts/Cards/DeckManager.cs - Importer: PreviewImporter' with importer (PreviewImporter)
Imported 'GUID: 920c7a6bcbdcb6c4f9efdc8e7b0d450c' -> (Import Result ID: '0e959202186f839f787fc46568b30f91') in 0.001 seconds [static and dynamic dependencies]. Details - ImportResultOutputID=fc7777b06659fa4a4eacb95880062344 DependenciesID=a6a1c836ca13d0977f834dc74b759901 StaticDependenciesID=5203a7d42f97d6c5497ace0405f497b6 
Number of updated asset objects reloaded before import = 0
Number of asset objects unloaded after import = 0
========================================================================
Received Import Request.
  Time of request: 2026-08-19T16:56:04.5567344Z
  Time since last request: 0.0052198 seconds.
  importAddress: GUID: 920c7a6bcbdcb6c4f9efdc8e7b0d450c - Path: Assets/Scripts/Cards/DeckManager.cs - Importer: PreviewImporter
Importing 'GUID: 920c7a6bcbdcb6c4f9efdc8e7b0d450c - Path: Assets/Scripts/Cards/DeckManager.cs - Importer: PreviewImporter' with importer (PreviewImporter)
Imported 'GUID: 920c7a6bcbdcb6c4f9efdc8e7b0d450c' -> (Import Result ID: '0e959202186f839f787fc46568b30f91') in 0.001 seconds [static and dynamic dependencies]. Details - ImportResultOutputID=fc7777b06659fa4a4eacb95880062344 DependenciesID=a6a1c836ca13d0977f834dc74b759901 StaticDependenciesID=5203a7d42f97d6c5497ace0405f497b6 
Number of updated asset objects reloaded before import = 0
Number of asset objects unloaded after import = 0
========================================================================
Received Import Request.
  Time of request: 2026-08-19T16:56:04.5850105Z
  Time since last request: 0.0020716 seconds.
  importAddress: GUID: 920c7a6bcbdcb6c4f9efdc8e7b0d450c - Path: Assets/Scripts/Cards/DeckManager.cs - Importer: PreviewImporter
Importing 'GUID: 920c7a6bcbdcb6c4f9efdc8e7b0d450c - Path: Assets/Scripts/Cards/DeckManager.cs - Importer: PreviewImporter' with importer (PreviewImporter)
Imported 'GUID: 920c7a6bcbdcb6c4f9efdc8e7b0d450c' -> (Import Result ID: '0e959202186f839f787fc46568b30f91') in 0.001 seconds [static and dynamic dependencies]. Details - ImportResultOutputID=fc7777b06659fa4a4eacb95880062344 DependenciesID=a6a1c836ca13d0977f834dc74b759901 StaticDependenciesID=5203a7d42f97d6c5497ace0405f497b6 
Number of updated asset objects reloaded before import = 0
Number of asset objects unloaded after import = 0
========================================================================
Received Import Request.
  Time of request: 2026-08-19T16:56:04.6149372Z
  Time since last request: 0.0010841 seconds.
  importAddress: GUID: 920c7a6bcbdcb6c4f9efdc8e7b0d450c - Path: Assets/Scripts/Cards/DeckManager.cs - Importer: PreviewImporter
Importing 'GUID: 920c7a6bcbdcb6c4f9efdc8e7b0d450c - Path: Assets/Scripts/Cards/DeckManager.cs - Importer: PreviewImporter' with importer (PreviewImporter)
Imported 'GUID: 920c7a6bcbdcb6c4f9efdc8e7b0d450c' -> (Import Result ID: '0e959202186f839f787fc46568b30f91') in 0.001 seconds [static and dynamic dependencies]. Details - ImportResultOutputID=fc7777b06659fa4a4eacb95880062344 DependenciesID=a6a1c836ca13d0977f834dc74b759901 StaticDependenciesID=5203a7d42f97d6c5497ace0405f497b6 
Number of updated asset objects reloaded before import = 0
Number of asset objects unloaded after import = 0
========================================================================
Received Import Request.
  Time of request: 2026-08-19T16:56:04.64606Z
  Time since last request: 0.0014812 seconds.
  importAddress: GUID: 920c7a6bcbdcb6c4f9efdc8e7b0d450c - Path: Assets/Scripts/Cards/DeckManager.cs - Importer: PreviewImporter
Importing 'GUID: 920c7a6bcbdcb6c4f9efdc8e7b0d450c - Path: Assets/Scripts/Cards/DeckManager.cs - Importer: PreviewImporter' with importer (PreviewImporter)
Imported 'GUID: 920c7a6bcbdcb6c4f9efdc8e7b0d450c' -> (Import Result ID: '0e959202186f839f787fc46568b30f91') in 0.001 seconds [static and dynamic dependencies]. Details - ImportResultOutputID=fc7777b06659fa4a4eacb95880062344 DependenciesID=a6a1c836ca13d0977f834dc74b759901 StaticDependenciesID=5203a7d42f97d6c5497ace0405f497b6 
Number of updated asset objects reloaded before import = 0
Number of asset objects unloaded after import = 0
========================================================================
Received Import Request.
  Time of request: 2026-08-19T16:56:04.6788657Z
  Time since last request: 0.0047991 seconds.
  importAddress: GUID: 920c7a6bcbdcb6c4f9efdc8e7b0d450c - Path: Assets/Scripts/Cards/DeckManager.cs - Importer: PreviewImporter
Importing 'GUID: 920c7a6bcbdcb6c4f9efdc8e7b0d450c - Path: Assets/Scripts/Cards/DeckManager.cs - Importer: PreviewImporter' with importer (PreviewImporter)
Imported 'GUID: 920c7a6bcbdcb6c4f9efdc8e7b0d450c' -> (Import Result ID: '0e959202186f839f787fc46568b30f91') in 0.001 seconds [static and dynamic dependencies]. Details - ImportResultOutputID=fc7777b06659fa4a4eacb95880062344 DependenciesID=a6a1c836ca13d0977f834dc74b759901 StaticDependenciesID=5203a7d42f97d6c5497ace0405f497b6 
Number of updated asset objects reloaded before import = 0
Number of asset objects unloaded after import = 0
========================================================================
Received Import Request.
  Time of request: 2026-08-19T16:56:04.7091791Z
  Time since last request: 0.0025706 seconds.
  importAddress: GUID: 920c7a6bcbdcb6c4f9efdc8e7b0d450c - Path: Assets/Scripts/Cards/DeckManager.cs - Importer: PreviewImporter
Importing 'GUID: 920c7a6bcbdcb6c4f9efdc8e7b0d450c - Path: Assets/Scripts/Cards/DeckManager.cs - Importer: PreviewImporter' with importer (PreviewImporter)
Imported 'GUID: 920c7a6bcbdcb6c4f9efdc8e7b0d450c' -> (Import Result ID: '0e959202186f839f787fc46568b30f91') in 0.001 seconds [static and dynamic dependencies]. Details - ImportResultOutputID=fc7777b06659fa4a4eacb95880062344 DependenciesID=a6a1c836ca13d0977f834dc74b759901 StaticDependenciesID=5203a7d42f97d6c5497ace0405f497b6 
Number of updated asset objects reloaded before import = 0
Number of asset objects unloaded after import = 0
========================================================================
Received Import Request.
  Time of request: 2026-08-19T16:56:04.7389258Z
  Time since last request: 0.0008453 seconds.
  importAddress: GUID: 920c7a6bcbdcb6c4f9efdc8e7b0d450c - Path: Assets/Scripts/Cards/DeckManager.cs - Importer: PreviewImporter
Importing 'GUID: 920c7a6bcbdcb6c4f9efdc8e7b0d450c - Path: Assets/Scripts/Cards/DeckManager.cs - Importer: PreviewImporter' with importer (PreviewImporter)
Imported 'GUID: 920c7a6bcbdcb6c4f9efdc8e7b0d450c' -> (Import Result ID: '0e959202186f839f787fc46568b30f91') in 0.001 seconds [static and dynamic dependencies]. Details - ImportResultOutputID=fc7777b06659fa4a4eacb95880062344 DependenciesID=a6a1c836ca13d0977f834dc74b759901 StaticDependenciesID=5203a7d42f97d6c5497ace0405f497b6 
Number of updated asset objects reloaded before import = 0
Number of asset objects unloaded after import = 0
========================================================================
Received Import Request.
  Time of request: 2026-08-19T16:56:04.7688036Z
  Time since last request: 0.0046903 seconds.
  importAddress: GUID: 920c7a6bcbdcb6c4f9efdc8e7b0d450c - Path: Assets/Scripts/Cards/DeckManager.cs - Importer: PreviewImporter
Importing 'GUID: 920c7a6bcbdcb6c4f9efdc8e7b0d450c - Path: Assets/Scripts/Cards/DeckManager.cs - Importer: PreviewImporter' with importer (PreviewImporter)
Imported 'GUID: 920c7a6bcbdcb6c4f9efdc8e7b0d450c' -> (Import Result ID: '0e959202186f839f787fc46568b30f91') in 0.001 seconds [static and dynamic dependencies]. Details - ImportResultOutputID=fc7777b06659fa4a4eacb95880062344 DependenciesID=a6a1c836ca13d0977f834dc74b759901 StaticDependenciesID=5203a7d42f97d6c5497ace0405f497b6 
Number of updated asset objects reloaded before import = 0
Number of asset objects unloaded after import = 0
========================================================================
Received Import Request.
  Time of request: 2026-08-19T16:56:04.7995678Z
  Time since last request: 0.001554 seconds.
  importAddress: GUID: 920c7a6bcbdcb6c4f9efdc8e7b0d450c - Path: Assets/Scripts/Cards/DeckManager.cs - Importer: PreviewImporter
Importing 'GUID: 920c7a6bcbdcb6c4f9efdc8e7b0d450c - Path: Assets/Scripts/Cards/DeckManager.cs - Importer: PreviewImporter' with importer (PreviewImporter)
Imported 'GUID: 920c7a6bcbdcb6c4f9efdc8e7b0d450c' -> (Import Result ID: '0e959202186f839f787fc46568b30f91') in 0.001 seconds [static and dynamic dependencies]. Details - ImportResultOutputID=fc7777b06659fa4a4eacb95880062344 DependenciesID=a6a1c836ca13d0977f834dc74b759901 StaticDependenciesID=5203a7d42f97d6c5497ace0405f497b6 
Number of updated asset objects reloaded before import = 0
Number of asset objects unloaded after import = 0
========================================================================
Received Import Request.
  Time of request: 2026-08-19T16:56:04.8319042Z
  Time since last request: 0.0027011 seconds.
  importAddress: GUID: 920c7a6bcbdcb6c4f9efdc8e7b0d450c - Path: Assets/Scripts/Cards/DeckManager.cs - Importer: PreviewImporter
Importing 'GUID: 920c7a6bcbdcb6c4f9efdc8e7b0d450c - Path: Assets/Scripts/Cards/DeckManager.cs - Importer: PreviewImporter' with importer (PreviewImporter)
Imported 'GUID: 920c7a6bcbdcb6c4f9efdc8e7b0d450c' -> (Import Result ID: '0e959202186f839f787fc46568b30f91') in 0.001 seconds [static and dynamic dependencies]. Details - ImportResultOutputID=fc7777b06659fa4a4eacb95880062344 DependenciesID=a6a1c836ca13d0977f834dc74b759901 StaticDependenciesID=5203a7d42f97d6c5497ace0405f497b6 
Number of updated asset objects reloaded before import = 0
Number of asset objects unloaded after import = 0
========================================================================
Received Import Request.
  Time of request: 2026-08-19T16:56:04.8566258Z
  Time since last request: 0.0005722 seconds.
  importAddress: GUID: 920c7a6bcbdcb6c4f9efdc8e7b0d450c - Path: Assets/Scripts/Cards/DeckManager.cs - Importer: PreviewImporter
Importing 'GUID: 920c7a6bcbdcb6c4f9efdc8e7b0d450c - Path: Assets/Scripts/Cards/DeckManager.cs - Importer: PreviewImporter' with importer (PreviewImporter)
Imported 'GUID: 920c7a6bcbdcb6c4f9efdc8e7b0d450c' -> (Import Result ID: '0e959202186f839f787fc46568b30f91') in 0.001 seconds [static and dynamic dependencies]. Details - ImportResultOutputID=fc7777b06659fa4a4eacb95880062344 DependenciesID=a6a1c836ca13d0977f834dc74b759901 StaticDependenciesID=5203a7d42f97d6c5497ace0405f497b6 
Number of updated asset objects reloaded before import = 0
Number of asset objects unloaded after import = 0
========================================================================
Received Import Request.
  Time of request: 2026-08-19T16:56:04.8856023Z
  Time since last request: 0.0056155 seconds.
  importAddress: GUID: 920c7a6bcbdcb6c4f9efdc8e7b0d450c - Path: Assets/Scripts/Cards/DeckManager.cs - Importer: PreviewImporter
Importing 'GUID: 920c7a6bcbdcb6c4f9efdc8e7b0d450c - Path: Assets/Scripts/Cards/DeckManager.cs - Importer: PreviewImporter' with importer (PreviewImporter)
Imported 'GUID: 920c7a6bcbdcb6c4f9efdc8e7b0d450c' -> (Import Result ID: '0e959202186f839f787fc46568b30f91') in 0.001 seconds [static and dynamic dependencies]. Details - ImportResultOutputID=fc7777b06659fa4a4eacb95880062344 DependenciesID=a6a1c836ca13d0977f834dc74b759901 StaticDependenciesID=5203a7d42f97d6c5497ace0405f497b6 
Number of updated asset objects reloaded before import = 0
Number of asset objects unloaded after import = 0
========================================================================
Received Import Request.
  Time of request: 2026-08-19T16:56:04.9227458Z
  Time since last request: 0.0029456 seconds.
  importAddress: GUID: 920c7a6bcbdcb6c4f9efdc8e7b0d450c - Path: Assets/Scripts/Cards/DeckManager.cs - Importer: PreviewImporter
Importing 'GUID: 920c7a6bcbdcb6c4f9efdc8e7b0d450c - Path: Assets/Scripts/Cards/DeckManager.cs - Importer: PreviewImporter' with importer (PreviewImporter)
Imported 'GUID: 920c7a6bcbdcb6c4f9efdc8e7b0d450c' -> (Import Result ID: '0e959202186f839f787fc46568b30f91') in 0.001 seconds [static and dynamic dependencies]. Details - ImportResultOutputID=fc7777b06659fa4a4eacb95880062344 DependenciesID=a6a1c836ca13d0977f834dc74b759901 StaticDependenciesID=5203a7d42f97d6c5497ace0405f497b6 
Number of updated asset objects reloaded before import = 0
Number of asset objects unloaded after import = 0
========================================================================
Received Import Request.
  Time of request: 2026-08-19T16:56:04.958786Z
  Time since last request: 0.0048191 seconds.
  importAddress: GUID: 920c7a6bcbdcb6c4f9efdc8e7b0d450c - Path: Assets/Scripts/Cards/DeckManager.cs - Importer: PreviewImporter
Importing 'GUID: 920c7a6bcbdcb6c4f9efdc8e7b0d450c - Path: Assets/Scripts/Cards/DeckManager.cs - Importer: PreviewImporter' with importer (PreviewImporter)
Imported 'GUID: 920c7a6bcbdcb6c4f9efdc8e7b0d450c' -> (Import Result ID: '0e959202186f839f787fc46568b30f91') in 0.001 seconds [static and dynamic dependencies]. Details - ImportResultOutputID=fc7777b06659fa4a4eacb95880062344 DependenciesID=a6a1c836ca13d0977f834dc74b759901 StaticDependenciesID=5203a7d42f97d6c5497ace0405f497b6 
Number of updated asset objects reloaded before import = 0
Number of asset objects unloaded after import = 0
========================================================================
Received Import Request.
  Time of request: 2026-08-19T16:56:04.9895252Z
  Time since last request: 0.0046864 seconds.
  importAddress: GUID: 920c7a6bcbdcb6c4f9efdc8e7b0d450c - Path: Assets/Scripts/Cards/DeckManager.cs - Importer: PreviewImporter
Importing 'GUID: 920c7a6bcbdcb6c4f9efdc8e7b0d450c - Path: Assets/Scripts/Cards/DeckManager.cs - Importer: PreviewImporter' with importer (PreviewImporter)
Imported 'GUID: 920c7a6bcbdcb6c4f9efdc8e7b0d450c' -> (Import Result ID: '0e959202186f839f787fc46568b30f91') in 0.001 seconds [static and dynamic dependencies]. Details - ImportResultOutputID=fc7777b06659fa4a4eacb95880062344 DependenciesID=a6a1c836ca13d0977f834dc74b759901 StaticDependenciesID=5203a7d42f97d6c5497ace0405f497b6 
Number of updated asset objects reloaded before import = 0
Number of asset objects unloaded after import = 0
========================================================================
Received Import Request.
  Time of request: 2026-08-19T16:56:05.024239Z
  Time since last request: 0.0054712 seconds.
  importAddress: GUID: 920c7a6bcbdcb6c4f9efdc8e7b0d450c - Path: Assets/Scripts/Cards/DeckManager.cs - Importer: PreviewImporter
Importing 'GUID: 920c7a6bcbdcb6c4f9efdc8e7b0d450c - Path: Assets/Scripts/Cards/DeckManager.cs - Importer: PreviewImporter' with importer (PreviewImporter)
Imported 'GUID: 920c7a6bcbdcb6c4f9efdc8e7b0d450c' -> (Import Result ID: '0e959202186f839f787fc46568b30f91') in 0.001 seconds [static and dynamic dependencies]. Details - ImportResultOutputID=fc7777b06659fa4a4eacb95880062344 DependenciesID=a6a1c836ca13d0977f834dc74b759901 StaticDependenciesID=5203a7d42f97d6c5497ace0405f497b6 
Number of updated asset objects reloaded before import = 0
Number of asset objects unloaded after import = 0
========================================================================
Received Import Request.
  Time of request: 2026-08-19T16:56:05.0529963Z
  Time since last request: 0.0012911 seconds.
  importAddress: GUID: 920c7a6bcbdcb6c4f9efdc8e7b0d450c - Path: Assets/Scripts/Cards/DeckManager.cs - Importer: PreviewImporter
Importing 'GUID: 920c7a6bcbdcb6c4f9efdc8e7b0d450c - Path: Assets/Scripts/Cards/DeckManager.cs - Importer: PreviewImporter' with importer (PreviewImporter)
Imported 'GUID: 920c7a6bcbdcb6c4f9efdc8e7b0d450c' -> (Import Result ID: '0e959202186f839f787fc46568b30f91') in 0.001 seconds [static and dynamic dependencies]. Details - ImportResultOutputID=fc7777b06659fa4a4eacb95880062344 DependenciesID=a6a1c836ca13d0977f834dc74b759901 StaticDependenciesID=5203a7d42f97d6c5497ace0405f497b6 
Number of updated asset objects reloaded before import = 0
Number of asset objects unloaded after import = 0
========================================================================
Received Import Request.
  Time of request: 2026-08-19T16:56:05.0870079Z
  Time since last request: 0.0040197 seconds.
  importAddress: GUID: 920c7a6bcbdcb6c4f9efdc8e7b0d450c - Path: Assets/Scripts/Cards/DeckManager.cs - Importer: PreviewImporter
Importing 'GUID: 920c7a6bcbdcb6c4f9efdc8e7b0d450c - Path: Assets/Scripts/Cards/DeckManager.cs - Importer: PreviewImporter' with importer (PreviewImporter)
Imported 'GUID: 920c7a6bcbdcb6c4f9efdc8e7b0d450c' -> (Import Result ID: '0e959202186f839f787fc46568b30f91') in 0.001 seconds [static and dynamic dependencies]. Details - ImportResultOutputID=fc7777b06659fa4a4eacb95880062344 DependenciesID=a6a1c836ca13d0977f834dc74b759901 StaticDependenciesID=5203a7d42f97d6c5497ace0405f497b6 
Number of updated asset objects reloaded before import = 0
Number of asset objects unloaded after import = 0
========================================================================
Received Import Request.
  Time of request: 2026-08-19T16:56:05.1154803Z
  Time since last request: 0.0021272 seconds.
  importAddress: GUID: 920c7a6bcbdcb6c4f9efdc8e7b0d450c - Path: Assets/Scripts/Cards/DeckManager.cs - Importer: PreviewImporter
Importing 'GUID: 920c7a6bcbdcb6c4f9efdc8e7b0d450c - Path: Assets/Scripts/Cards/DeckManager.cs - Importer: PreviewImporter' with importer (PreviewImporter)
Imported 'GUID: 920c7a6bcbdcb6c4f9efdc8e7b0d450c' -> (Import Result ID: '0e959202186f839f787fc46568b30f91') in 0.001 seconds [static and dynamic dependencies]. Details - ImportResultOutputID=fc7777b06659fa4a4eacb95880062344 DependenciesID=a6a1c836ca13d0977f834dc74b759901 StaticDependenciesID=5203a7d42f97d6c5497ace0405f497b6 
Number of updated asset objects reloaded before import = 0
Number of asset objects unloaded after import = 0
========================================================================
Received Import Request.
  Time of request: 2026-08-19T16:56:05.139977Z
  Time since last request: 0.0010041 seconds.
  importAddress: GUID: 920c7a6bcbdcb6c4f9efdc8e7b0d450c - Path: Assets/Scripts/Cards/DeckManager.cs - Importer: PreviewImporter
Importing 'GUID: 920c7a6bcbdcb6c4f9efdc8e7b0d450c - Path: Assets/Scripts/Cards/DeckManager.cs - Importer: PreviewImporter' with importer (PreviewImporter)
Imported 'GUID: 920c7a6bcbdcb6c4f9efdc8e7b0d450c' -> (Import Result ID: '0e959202186f839f787fc46568b30f91') in 0.001 seconds [static and dynamic dependencies]. Details - ImportResultOutputID=fc7777b06659fa4a4eacb95880062344 DependenciesID=a6a1c836ca13d0977f834dc74b759901 StaticDependenciesID=5203a7d42f97d6c5497ace0405f497b6 
Number of updated asset objects reloaded before import = 0
Number of asset objects unloaded after import = 0
========================================================================
Received Import Request.
  Time of request: 2026-08-19T16:56:05.1702712Z
  Time since last request: 0.0036978 seconds.
  importAddress: GUID: 920c7a6bcbdcb6c4f9efdc8e7b0d450c - Path: Assets/Scripts/Cards/DeckManager.cs - Importer: PreviewImporter
Importing 'GUID: 920c7a6bcbdcb6c4f9efdc8e7b0d450c - Path: Assets/Scripts/Cards/DeckManager.cs - Importer: PreviewImporter' with importer (PreviewImporter)
Imported 'GUID: 920c7a6bcbdcb6c4f9efdc8e7b0d450c' -> (Import Result ID: '0e959202186f839f787fc46568b30f91') in 0.001 seconds [static and dynamic dependencies]. Details - ImportResultOutputID=fc7777b06659fa4a4eacb95880062344 DependenciesID=a6a1c836ca13d0977f834dc74b759901 StaticDependenciesID=5203a7d42f97d6c5497ace0405f497b6 
Number of updated asset objects reloaded before import = 0
Number of asset objects unloaded after import = 0
========================================================================
Received Import Request.
  Time of request: 2026-08-19T16:56:05.1985088Z
  Time since last request: 0.0006496 seconds.
  importAddress: GUID: 920c7a6bcbdcb6c4f9efdc8e7b0d450c - Path: Assets/Scripts/Cards/DeckManager.cs - Importer: PreviewImporter
Importing 'GUID: 920c7a6bcbdcb6c4f9efdc8e7b0d450c - Path: Assets/Scripts/Cards/DeckManager.cs - Importer: PreviewImporter' with importer (PreviewImporter)
Imported 'GUID: 920c7a6bcbdcb6c4f9efdc8e7b0d450c' -> (Import Result ID: '0e959202186f839f787fc46568b30f91') in 0.001 seconds [static and dynamic dependencies]. Details - ImportResultOutputID=fc7777b06659fa4a4eacb95880062344 DependenciesID=a6a1c836ca13d0977f834dc74b759901 StaticDependenciesID=5203a7d42f97d6c5497ace0405f497b6 
Number of updated asset objects reloaded before import = 0
Number of asset objects unloaded after import = 0
========================================================================
Received Import Request.
  Time of request: 2026-08-19T16:56:05.2304981Z
  Time since last request: 0.0007197 seconds.
  importAddress: GUID: 920c7a6bcbdcb6c4f9efdc8e7b0d450c - Path: Assets/Scripts/Cards/DeckManager.cs - Importer: PreviewImporter
Importing 'GUID: 920c7a6bcbdcb6c4f9efdc8e7b0d450c - Path: Assets/Scripts/Cards/DeckManager.cs - Importer: PreviewImporter' with importer (PreviewImporter)
Imported 'GUID: 920c7a6bcbdcb6c4f9efdc8e7b0d450c' -> (Import Result ID: '0e959202186f839f787fc46568b30f91') in 0.001 seconds [static and dynamic dependencies]. Details - ImportResultOutputID=fc7777b06659fa4a4eacb95880062344 DependenciesID=a6a1c836ca13d0977f834dc74b759901 StaticDependenciesID=5203a7d42f97d6c5497ace0405f497b6 
Number of updated asset objects reloaded before import = 0
Number of asset objects unloaded after import = 0
========================================================================
Received Import Request.
  Time of request: 2026-08-19T16:56:05.2583526Z
  Time since last request: 0.0007751 seconds.
  importAddress: GUID: 920c7a6bcbdcb6c4f9efdc8e7b0d450c - Path: Assets/Scripts/Cards/DeckManager.cs - Importer: PreviewImporter
Importing 'GUID: 920c7a6bcbdcb6c4f9efdc8e7b0d450c - Path: Assets/Scripts/Cards/DeckManager.cs - Importer: PreviewImporter' with importer (PreviewImporter)
Imported 'GUID: 920c7a6bcbdcb6c4f9efdc8e7b0d450c' -> (Import Result ID: '0e959202186f839f787fc46568b30f91') in 0.001 seconds [static and dynamic dependencies]. Details - ImportResultOutputID=fc7777b06659fa4a4eacb95880062344 DependenciesID=a6a1c836ca13d0977f834dc74b759901 StaticDependenciesID=5203a7d42f97d6c5497ace0405f497b6 
Number of updated asset objects reloaded before import = 0
Number of asset objects unloaded after import = 0
========================================================================
Received Import Request.
  Time of request: 2026-08-19T16:56:05.2874917Z
  Time since last request: 0.0024771 seconds.
  importAddress: GUID: 920c7a6bcbdcb6c4f9efdc8e7b0d450c - Path: Assets/Scripts/Cards/DeckManager.cs - Importer: PreviewImporter
Importing 'GUID: 920c7a6bcbdcb6c4f9efdc8e7b0d450c - Path: Assets/Scripts/Cards/DeckManager.cs - Importer: PreviewImporter' with importer (PreviewImporter)
Imported 'GUID: 920c7a6bcbdcb6c4f9efdc8e7b0d450c' -> (Import Result ID: '0e959202186f839f787fc46568b30f91') in 0.001 seconds [static and dynamic dependencies]. Details - ImportResultOutputID=fc7777b06659fa4a4eacb95880062344 DependenciesID=a6a1c836ca13d0977f834dc74b759901 StaticDependenciesID=5203a7d42f97d6c5497ace0405f497b6 
Number of updated asset objects reloaded before import = 0
Number of asset objects unloaded after import = 0
========================================================================
Received Import Request.
  Time of request: 2026-08-19T16:56:05.3194674Z
  Time since last request: 0.000949 seconds.
  importAddress: GUID: 920c7a6bcbdcb6c4f9efdc8e7b0d450c - Path: Assets/Scripts/Cards/DeckManager.cs - Importer: PreviewImporter
Importing 'GUID: 920c7a6bcbdcb6c4f9efdc8e7b0d450c - Path: Assets/Scripts/Cards/DeckManager.cs - Importer: PreviewImporter' with importer (PreviewImporter)
Imported 'GUID: 920c7a6bcbdcb6c4f9efdc8e7b0d450c' -> (Import Result ID: '0e959202186f839f787fc46568b30f91') in 0.001 seconds [static and dynamic dependencies]. Details - ImportResultOutputID=fc7777b06659fa4a4eacb95880062344 DependenciesID=a6a1c836ca13d0977f834dc74b759901 StaticDependenciesID=5203a7d42f97d6c5497ace0405f497b6 
Number of updated asset objects reloaded before import = 0
Number of asset objects unloaded after import = 0
========================================================================
Received Import Request.
  Time of request: 2026-08-19T16:56:05.3498746Z
  Time since last request: 0.0023314 seconds.
  importAddress: GUID: 920c7a6bcbdcb6c4f9efdc8e7b0d450c - Path: Assets/Scripts/Cards/DeckManager.cs - Importer: PreviewImporter
Importing 'GUID: 920c7a6bcbdcb6c4f9efdc8e7b0d450c - Path: Assets/Scripts/Cards/DeckManager.cs - Importer: PreviewImporter' with importer (PreviewImporter)
Imported 'GUID: 920c7a6bcbdcb6c4f9efdc8e7b0d450c' -> (Import Result ID: '0e959202186f839f787fc46568b30f91') in 0.001 seconds [static and dynamic dependencies]. Details - ImportResultOutputID=fc7777b06659fa4a4eacb95880062344 DependenciesID=a6a1c836ca13d0977f834dc74b759901 StaticDependenciesID=5203a7d42f97d6c5497ace0405f497b6 
Number of updated asset objects reloaded before import = 0
Number of asset objects unloaded after import = 0
========================================================================
Received Import Request.
  Time of request: 2026-08-19T16:56:05.3811588Z
  Time since last request: 0.0031341 seconds.
  importAddress: GUID: 920c7a6bcbdcb6c4f9efdc8e7b0d450c - Path: Assets/Scripts/Cards/DeckManager.cs - Importer: PreviewImporter
Importing 'GUID: 920c7a6bcbdcb6c4f9efdc8e7b0d450c - Path: Assets/Scripts/Cards/DeckManager.cs - Importer: PreviewImporter' with importer (PreviewImporter)
Imported 'GUID: 920c7a6bcbdcb6c4f9efdc8e7b0d450c' -> (Import Result ID: '0e959202186f839f787fc46568b30f91') in 0.001 seconds [static and dynamic dependencies]. Details - ImportResultOutputID=fc7777b06659fa4a4eacb95880062344 DependenciesID=a6a1c836ca13d0977f834dc74b759901 StaticDependenciesID=5203a7d42f97d6c5497ace0405f497b6 
Number of updated asset objects reloaded before import = 0
Number of asset objects unloaded after import = 0
========================================================================
Received Import Request.
  Time of request: 2026-08-19T16:56:05.413357Z
  Time since last request: 0.0034562 seconds.
  importAddress: GUID: 920c7a6bcbdcb6c4f9efdc8e7b0d450c - Path: Assets/Scripts/Cards/DeckManager.cs - Importer: PreviewImporter
Importing 'GUID: 920c7a6bcbdcb6c4f9efdc8e7b0d450c - Path: Assets/Scripts/Cards/DeckManager.cs - Importer: PreviewImporter' with importer (PreviewImporter)
Imported 'GUID: 920c7a6bcbdcb6c4f9efdc8e7b0d450c' -> (Import Result ID: '0e959202186f839f787fc46568b30f91') in 0.001 seconds [static and dynamic dependencies]. Details - ImportResultOutputID=fc7777b06659fa4a4eacb95880062344 DependenciesID=a6a1c836ca13d0977f834dc74b759901 StaticDependenciesID=5203a7d42f97d6c5497ace0405f497b6 
Number of updated asset objects reloaded before import = 0
Number of asset objects unloaded after import = 0
========================================================================
Received Import Request.
  Time of request: 2026-08-19T16:56:05.4495061Z
  Time since last request: 0.002772 seconds.
  importAddress: GUID: 920c7a6bcbdcb6c4f9efdc8e7b0d450c - Path: Assets/Scripts/Cards/DeckManager.cs - Importer: PreviewImporter
Importing 'GUID: 920c7a6bcbdcb6c4f9efdc8e7b0d450c - Path: Assets/Scripts/Cards/DeckManager.cs - Importer: PreviewImporter' with importer (PreviewImporter)
Imported 'GUID: 920c7a6bcbdcb6c4f9efdc8e7b0d450c' -> (Import Result ID: '0e959202186f839f787fc46568b30f91') in 0.001 seconds [static and dynamic dependencies]. Details - ImportResultOutputID=fc7777b06659fa4a4eacb95880062344 DependenciesID=a6a1c836ca13d0977f834dc74b759901 StaticDependenciesID=5203a7d42f97d6c5497ace0405f497b6 
Number of updated asset objects reloaded before import = 0
Number of asset objects unloaded after import = 0
========================================================================
Received Import Request.
  Time of request: 2026-08-19T16:56:05.4793334Z
  Time since last request: 0.0009311 seconds.
  importAddress: GUID: 920c7a6bcbdcb6c4f9efdc8e7b0d450c - Path: Assets/Scripts/Cards/DeckManager.cs - Importer: PreviewImporter
Importing 'GUID: 920c7a6bcbdcb6c4f9efdc8e7b0d450c - Path: Assets/Scripts/Cards/DeckManager.cs - Importer: PreviewImporter' with importer (PreviewImporter)
Imported 'GUID: 920c7a6bcbdcb6c4f9efdc8e7b0d450c' -> (Import Result ID: '0e959202186f839f787fc46568b30f91') in 0.001 seconds [static and dynamic dependencies]. Details - ImportResultOutputID=fc7777b06659fa4a4eacb95880062344 DependenciesID=a6a1c836ca13d0977f834dc74b759901 StaticDependenciesID=5203a7d42f97d6c5497ace0405f497b6 
Number of updated asset objects reloaded before import = 0
Number of asset objects unloaded after import = 0
========================================================================
Received Import Request.
  Time of request: 2026-08-19T16:56:05.5059427Z
  Time since last request: 0.0026388 seconds.
  importAddress: GUID: 920c7a6bcbdcb6c4f9efdc8e7b0d450c - Path: Assets/Scripts/Cards/DeckManager.cs - Importer: PreviewImporter
Importing 'GUID: 920c7a6bcbdcb6c4f9efdc8e7b0d450c - Path: Assets/Scripts/Cards/DeckManager.cs - Importer: PreviewImporter' with importer (PreviewImporter)
Imported 'GUID: 920c7a6bcbdcb6c4f9efdc8e7b0d450c' -> (Import Result ID: '0e959202186f839f787fc46568b30f91') in 0.001 seconds [static and dynamic dependencies]. Details - ImportResultOutputID=fc7777b06659fa4a4eacb95880062344 DependenciesID=a6a1c836ca13d0977f834dc74b759901 StaticDependenciesID=5203a7d42f97d6c5497ace0405f497b6 
Number of updated asset objects reloaded before import = 0
Number of asset objects unloaded after import = 0
========================================================================
Received Import Request.
  Time of request: 2026-08-19T16:56:05.5353155Z
  Time since last request: 0.004414 seconds.
  importAddress: GUID: 920c7a6bcbdcb6c4f9efdc8e7b0d450c - Path: Assets/Scripts/Cards/DeckManager.cs - Importer: PreviewImporter
Importing 'GUID: 920c7a6bcbdcb6c4f9efdc8e7b0d450c - Path: Assets/Scripts/Cards/DeckManager.cs - Importer: PreviewImporter' with importer (PreviewImporter)
Imported 'GUID: 920c7a6bcbdcb6c4f9efdc8e7b0d450c' -> (Import Result ID: '0e959202186f839f787fc46568b30f91') in 0.001 seconds [static and dynamic dependencies]. Details - ImportResultOutputID=fc7777b06659fa4a4eacb95880062344 DependenciesID=a6a1c836ca13d0977f834dc74b759901 StaticDependenciesID=5203a7d42f97d6c5497ace0405f497b6 
Number of updated asset objects reloaded before import = 0
Number of asset objects unloaded after import = 0
========================================================================
Received Import Request.
  Time of request: 2026-08-19T16:56:05.5687181Z
  Time since last request: 0.002354 seconds.
  importAddress: GUID: 920c7a6bcbdcb6c4f9efdc8e7b0d450c - Path: Assets/Scripts/Cards/DeckManager.cs - Importer: PreviewImporter
Importing 'GUID: 920c7a6bcbdcb6c4f9efdc8e7b0d450c - Path: Assets/Scripts/Cards/DeckManager.cs - Importer: PreviewImporter' with importer (PreviewImporter)
Imported 'GUID: 920c7a6bcbdcb6c4f9efdc8e7b0d450c' -> (Import Result ID: '0e959202186f839f787fc46568b30f91') in 0.001 seconds [static and dynamic dependencies]. Details - ImportResultOutputID=fc7777b06659fa4a4eacb95880062344 DependenciesID=a6a1c836ca13d0977f834dc74b759901 StaticDependenciesID=5203a7d42f97d6c5497ace0405f497b6 
Number of updated asset objects reloaded before import = 0
Number of asset objects unloaded after import = 0
========================================================================
Received Import Request.
  Time of request: 2026-08-19T16:56:05.5989462Z
  Time since last request: 0.0045683 seconds.
  importAddress: GUID: 920c7a6bcbdcb6c4f9efdc8e7b0d450c - Path: Assets/Scripts/Cards/DeckManager.cs - Importer: PreviewImporter
Importing 'GUID: 920c7a6bcbdcb6c4f9efdc8e7b0d450c - Path: Assets/Scripts/Cards/DeckManager.cs - Importer: PreviewImporter' with importer (PreviewImporter)
Imported 'GUID: 920c7a6bcbdcb6c4f9efdc8e7b0d450c' -> (Import Result ID: '0e959202186f839f787fc46568b30f91') in 0.001 seconds [static and dynamic dependencies]. Details - ImportResultOutputID=fc7777b06659fa4a4eacb95880062344 DependenciesID=a6a1c836ca13d0977f834dc74b759901 StaticDependenciesID=5203a7d42f97d6c5497ace0405f497b6 
Number of updated asset objects reloaded before import = 0
Number of asset objects unloaded after import = 0
========================================================================
Received Import Request.
  Time of request: 2026-08-19T16:56:05.6294393Z
  Time since last request: 0.0038743 seconds.
  importAddress: GUID: 920c7a6bcbdcb6c4f9efdc8e7b0d450c - Path: Assets/Scripts/Cards/DeckManager.cs - Importer: PreviewImporter
Importing 'GUID: 920c7a6bcbdcb6c4f9efdc8e7b0d450c - Path: Assets/Scripts/Cards/DeckManager.cs - Importer: PreviewImporter' with importer (PreviewImporter)
Imported 'GUID: 920c7a6bcbdcb6c4f9efdc8e7b0d450c' -> (Import Result ID: '0e959202186f839f787fc46568b30f91') in 0.001 seconds [static and dynamic dependencies]. Details - ImportResultOutputID=fc7777b06659fa4a4eacb95880062344 DependenciesID=a6a1c836ca13d0977f834dc74b759901 StaticDependenciesID=5203a7d42f97d6c5497ace0405f497b6 
Number of updated asset objects reloaded before import = 0
Number of asset objects unloaded after import = 0
========================================================================
Received Import Request.
  Time of request: 2026-08-19T16:56:05.6594933Z
  Time since last request: 0.0051568 seconds.
  importAddress: GUID: 920c7a6bcbdcb6c4f9efdc8e7b0d450c - Path: Assets/Scripts/Cards/DeckManager.cs - Importer: PreviewImporter
Importing 'GUID: 920c7a6bcbdcb6c4f9efdc8e7b0d450c - Path: Assets/Scripts/Cards/DeckManager.cs - Importer: PreviewImporter' with importer (PreviewImporter)
Imported 'GUID: 920c7a6bcbdcb6c4f9efdc8e7b0d450c' -> (Import Result ID: '0e959202186f839f787fc46568b30f91') in 0.001 seconds [static and dynamic dependencies]. Details - ImportResultOutputID=fc7777b06659fa4a4eacb95880062344 DependenciesID=a6a1c836ca13d0977f834dc74b759901 StaticDependenciesID=5203a7d42f97d6c5497ace0405f497b6 
Number of updated asset objects reloaded before import = 0
Number of asset objects unloaded after import = 0
========================================================================
Received Import Request.
  Time of request: 2026-08-19T16:56:05.6870102Z
  Time since last request: 0.0033141 seconds.
  importAddress: GUID: 920c7a6bcbdcb6c4f9efdc8e7b0d450c - Path: Assets/Scripts/Cards/DeckManager.cs - Importer: PreviewImporter
Importing 'GUID: 920c7a6bcbdcb6c4f9efdc8e7b0d450c - Path: Assets/Scripts/Cards/DeckManager.cs - Importer: PreviewImporter' with importer (PreviewImporter)
Imported 'GUID: 920c7a6bcbdcb6c4f9efdc8e7b0d450c' -> (Import Result ID: '0e959202186f839f787fc46568b30f91') in 0.001 seconds [static and dynamic dependencies]. Details - ImportResultOutputID=fc7777b06659fa4a4eacb95880062344 DependenciesID=a6a1c836ca13d0977f834dc74b759901 StaticDependenciesID=5203a7d42f97d6c5497ace0405f497b6 
Number of updated asset objects reloaded before import = 0
Number of asset objects unloaded after import = 0
========================================================================
Received Import Request.
  Time of request: 2026-08-19T16:56:05.716369Z
  Time since last request: 0.0008335 seconds.
  importAddress: GUID: 920c7a6bcbdcb6c4f9efdc8e7b0d450c - Path: Assets/Scripts/Cards/DeckManager.cs - Importer: PreviewImporter
Importing 'GUID: 920c7a6bcbdcb6c4f9efdc8e7b0d450c - Path: Assets/Scripts/Cards/DeckManager.cs - Importer: PreviewImporter' with importer (PreviewImporter)
Imported 'GUID: 920c7a6bcbdcb6c4f9efdc8e7b0d450c' -> (Import Result ID: '0e959202186f839f787fc46568b30f91') in 0.001 seconds [static and dynamic dependencies]. Details - ImportResultOutputID=fc7777b06659fa4a4eacb95880062344 DependenciesID=a6a1c836ca13d0977f834dc74b759901 StaticDependenciesID=5203a7d42f97d6c5497ace0405f497b6 
Number of updated asset objects reloaded before import = 0
Number of asset objects unloaded after import = 0
========================================================================
Received Import Request.
  Time of request: 2026-08-19T16:56:05.7470865Z
  Time since last request: 0.0030968 seconds.
  importAddress: GUID: 920c7a6bcbdcb6c4f9efdc8e7b0d450c - Path: Assets/Scripts/Cards/DeckManager.cs - Importer: PreviewImporter
Importing 'GUID: 920c7a6bcbdcb6c4f9efdc8e7b0d450c - Path: Assets/Scripts/Cards/DeckManager.cs - Importer: PreviewImporter' with importer (PreviewImporter)
Imported 'GUID: 920c7a6bcbdcb6c4f9efdc8e7b0d450c' -> (Import Result ID: '0e959202186f839f787fc46568b30f91') in 0.001 seconds [static and dynamic dependencies]. Details - ImportResultOutputID=fc7777b06659fa4a4eacb95880062344 DependenciesID=a6a1c836ca13d0977f834dc74b759901 StaticDependenciesID=5203a7d42f97d6c5497ace0405f497b6 
Number of updated asset objects reloaded before import = 0
Number of asset objects unloaded after import = 0
========================================================================
Received Import Request.
  Time of request: 2026-08-19T16:56:05.7719463Z
  Time since last request: 0.0006798 seconds.
  importAddress: GUID: 920c7a6bcbdcb6c4f9efdc8e7b0d450c - Path: Assets/Scripts/Cards/DeckManager.cs - Importer: PreviewImporter
Importing 'GUID: 920c7a6bcbdcb6c4f9efdc8e7b0d450c - Path: Assets/Scripts/Cards/DeckManager.cs - Importer: PreviewImporter' with importer (PreviewImporter)
Imported 'GUID: 920c7a6bcbdcb6c4f9efdc8e7b0d450c' -> (Import Result ID: '0e959202186f839f787fc46568b30f91') in 0.001 seconds [static and dynamic dependencies]. Details - ImportResultOutputID=fc7777b06659fa4a4eacb95880062344 DependenciesID=a6a1c836ca13d0977f834dc74b759901 StaticDependenciesID=5203a7d42f97d6c5497ace0405f497b6 
Number of updated asset objects reloaded before import = 0
Number of asset objects unloaded after import = 0
========================================================================
Received Import Request.
  Time of request: 2026-08-19T16:56:05.8001191Z
  Time since last request: 0.0031329 seconds.
  importAddress: GUID: 920c7a6bcbdcb6c4f9efdc8e7b0d450c - Path: Assets/Scripts/Cards/DeckManager.cs - Importer: PreviewImporter
Importing 'GUID: 920c7a6bcbdcb6c4f9efdc8e7b0d450c - Path: Assets/Scripts/Cards/DeckManager.cs - Importer: PreviewImporter' with importer (PreviewImporter)
Imported 'GUID: 920c7a6bcbdcb6c4f9efdc8e7b0d450c' -> (Import Result ID: '0e959202186f839f787fc46568b30f91') in 0.001 seconds [static and dynamic dependencies]. Details - ImportResultOutputID=fc7777b06659fa4a4eacb95880062344 DependenciesID=a6a1c836ca13d0977f834dc74b759901 StaticDependenciesID=5203a7d42f97d6c5497ace0405f497b6 
Number of updated asset objects reloaded before import = 0
Number of asset objects unloaded after import = 0
========================================================================
Received Import Request.
  Time of request: 2026-08-19T16:56:05.8312696Z
  Time since last request: 0.0057839 seconds.
  importAddress: GUID: 920c7a6bcbdcb6c4f9efdc8e7b0d450c - Path: Assets/Scripts/Cards/DeckManager.cs - Importer: PreviewImporter
Importing 'GUID: 920c7a6bcbdcb6c4f9efdc8e7b0d450c - Path: Assets/Scripts/Cards/DeckManager.cs - Importer: PreviewImporter' with importer (PreviewImporter)
Imported 'GUID: 920c7a6bcbdcb6c4f9efdc8e7b0d450c' -> (Import Result ID: '0e959202186f839f787fc46568b30f91') in 0.001 seconds [static and dynamic dependencies]. Details - ImportResultOutputID=fc7777b06659fa4a4eacb95880062344 DependenciesID=a6a1c836ca13d0977f834dc74b759901 StaticDependenciesID=5203a7d42f97d6c5497ace0405f497b6 
Number of updated asset objects reloaded before import = 0
Number of asset objects unloaded after import = 0
========================================================================
Received Import Request.
  Time of request: 2026-08-19T16:56:05.8630432Z
  Time since last request: 0.0034624 seconds.
  importAddress: GUID: 920c7a6bcbdcb6c4f9efdc8e7b0d450c - Path: Assets/Scripts/Cards/DeckManager.cs - Importer: PreviewImporter
Importing 'GUID: 920c7a6bcbdcb6c4f9efdc8e7b0d450c - Path: Assets/Scripts/Cards/DeckManager.cs - Importer: PreviewImporter' with importer (PreviewImporter)
Imported 'GUID: 920c7a6bcbdcb6c4f9efdc8e7b0d450c' -> (Import Result ID: '0e959202186f839f787fc46568b30f91') in 0.001 seconds [static and dynamic dependencies]. Details - ImportResultOutputID=fc7777b06659fa4a4eacb95880062344 DependenciesID=a6a1c836ca13d0977f834dc74b759901 StaticDependenciesID=5203a7d42f97d6c5497ace0405f497b6 
Number of updated asset objects reloaded before import = 0
Number of asset objects unloaded after import = 0
========================================================================
Received Import Request.
  Time of request: 2026-08-19T16:56:05.8926745Z
  Time since last request: 0.0024749 seconds.
  importAddress: GUID: 920c7a6bcbdcb6c4f9efdc8e7b0d450c - Path: Assets/Scripts/Cards/DeckManager.cs - Importer: PreviewImporter
Importing 'GUID: 920c7a6bcbdcb6c4f9efdc8e7b0d450c - Path: Assets/Scripts/Cards/DeckManager.cs - Importer: PreviewImporter' with importer (PreviewImporter)
Imported 'GUID: 920c7a6bcbdcb6c4f9efdc8e7b0d450c' -> (Import Result ID: '0e959202186f839f787fc46568b30f91') in 0.001 seconds [static and dynamic dependencies]. Details - ImportResultOutputID=fc7777b06659fa4a4eacb95880062344 DependenciesID=a6a1c836ca13d0977f834dc74b759901 StaticDependenciesID=5203a7d42f97d6c5497ace0405f497b6 
Number of updated asset objects reloaded before import = 0
Number of asset objects unloaded after import = 0
========================================================================
Received Import Request.
  Time of request: 2026-08-19T16:56:05.9186489Z
  Time since last request: 0.0008835 seconds.
  importAddress: GUID: 920c7a6bcbdcb6c4f9efdc8e7b0d450c - Path: Assets/Scripts/Cards/DeckManager.cs - Importer: PreviewImporter
Importing 'GUID: 920c7a6bcbdcb6c4f9efdc8e7b0d450c - Path: Assets/Scripts/Cards/DeckManager.cs - Importer: PreviewImporter' with importer (PreviewImporter)
Imported 'GUID: 920c7a6bcbdcb6c4f9efdc8e7b0d450c' -> (Import Result ID: '0e959202186f839f787fc46568b30f91') in 0.001 seconds [static and dynamic dependencies]. Details - ImportResultOutputID=fc7777b06659fa4a4eacb95880062344 DependenciesID=a6a1c836ca13d0977f834dc74b759901 StaticDependenciesID=5203a7d42f97d6c5497ace0405f497b6 
Number of updated asset objects reloaded before import = 0
Number of asset objects unloaded after import = 0
========================================================================
Received Import Request.
  Time of request: 2026-08-19T16:56:05.9453094Z
  Time since last request: 0.0008015 seconds.
  importAddress: GUID: 920c7a6bcbdcb6c4f9efdc8e7b0d450c - Path: Assets/Scripts/Cards/DeckManager.cs - Importer: PreviewImporter
Importing 'GUID: 920c7a6bcbdcb6c4f9efdc8e7b0d450c - Path: Assets/Scripts/Cards/DeckManager.cs - Importer: PreviewImporter' with importer (PreviewImporter)
Imported 'GUID: 920c7a6bcbdcb6c4f9efdc8e7b0d450c' -> (Import Result ID: '0e959202186f839f787fc46568b30f91') in 0.001 seconds [static and dynamic dependencies]. Details - ImportResultOutputID=fc7777b06659fa4a4eacb95880062344 DependenciesID=a6a1c836ca13d0977f834dc74b759901 StaticDependenciesID=5203a7d42f97d6c5497ace0405f497b6 
Number of updated asset objects reloaded before import = 0
Number of asset objects unloaded after import = 0
========================================================================
Received Import Request.
  Time of request: 2026-08-19T16:56:05.9733362Z
  Time since last request: 0.0006604 seconds.
  importAddress: GUID: 920c7a6bcbdcb6c4f9efdc8e7b0d450c - Path: Assets/Scripts/Cards/DeckManager.cs - Importer: PreviewImporter
Importing 'GUID: 920c7a6bcbdcb6c4f9efdc8e7b0d450c - Path: Assets/Scripts/Cards/DeckManager.cs - Importer: PreviewImporter' with importer (PreviewImporter)
Imported 'GUID: 920c7a6bcbdcb6c4f9efdc8e7b0d450c' -> (Import Result ID: '0e959202186f839f787fc46568b30f91') in 0.001 seconds [static and dynamic dependencies]. Details - ImportResultOutputID=fc7777b06659fa4a4eacb95880062344 DependenciesID=a6a1c836ca13d0977f834dc74b759901 StaticDependenciesID=5203a7d42f97d6c5497ace0405f497b6 
Number of updated asset objects reloaded before import = 0
Number of asset objects unloaded after import = 0
========================================================================
Received Import Request.
  Time of request: 2026-08-19T16:56:06.004092Z
  Time since last request: 0.0013866 seconds.
  importAddress: GUID: 920c7a6bcbdcb6c4f9efdc8e7b0d450c - Path: Assets/Scripts/Cards/DeckManager.cs - Importer: PreviewImporter
Importing 'GUID: 920c7a6bcbdcb6c4f9efdc8e7b0d450c - Path: Assets/Scripts/Cards/DeckManager.cs - Importer: PreviewImporter' with importer (PreviewImporter)
Imported 'GUID: 920c7a6bcbdcb6c4f9efdc8e7b0d450c' -> (Import Result ID: '0e959202186f839f787fc46568b30f91') in 0.001 seconds [static and dynamic dependencies]. Details - ImportResultOutputID=fc7777b06659fa4a4eacb95880062344 DependenciesID=a6a1c836ca13d0977f834dc74b759901 StaticDependenciesID=5203a7d42f97d6c5497ace0405f497b6 
Number of updated asset objects reloaded before import = 0
Number of asset objects unloaded after import = 0
========================================================================
Received Import Request.
  Time of request: 2026-08-19T16:56:06.0355026Z
  Time since last request: 0.0046582 seconds.
  importAddress: GUID: 920c7a6bcbdcb6c4f9efdc8e7b0d450c - Path: Assets/Scripts/Cards/DeckManager.cs - Importer: PreviewImporter
Importing 'GUID: 920c7a6bcbdcb6c4f9efdc8e7b0d450c - Path: Assets/Scripts/Cards/DeckManager.cs - Importer: PreviewImporter' with importer (PreviewImporter)
Imported 'GUID: 920c7a6bcbdcb6c4f9efdc8e7b0d450c' -> (Import Result ID: '0e959202186f839f787fc46568b30f91') in 0.001 seconds [static and dynamic dependencies]. Details - ImportResultOutputID=fc7777b06659fa4a4eacb95880062344 DependenciesID=a6a1c836ca13d0977f834dc74b759901 StaticDependenciesID=5203a7d42f97d6c5497ace0405f497b6 
Number of updated asset objects reloaded before import = 0
Number of asset objects unloaded after import = 0
========================================================================
Received Import Request.
  Time of request: 2026-08-19T16:56:06.0662195Z
  Time since last request: 0.0041652 seconds.
  importAddress: GUID: 920c7a6bcbdcb6c4f9efdc8e7b0d450c - Path: Assets/Scripts/Cards/DeckManager.cs - Importer: PreviewImporter
Importing 'GUID: 920c7a6bcbdcb6c4f9efdc8e7b0d450c - Path: Assets/Scripts/Cards/DeckManager.cs - Importer: PreviewImporter' with importer (PreviewImporter)
Imported 'GUID: 920c7a6bcbdcb6c4f9efdc8e7b0d450c' -> (Import Result ID: '0e959202186f839f787fc46568b30f91') in 0.001 seconds [static and dynamic dependencies]. Details - ImportResultOutputID=fc7777b06659fa4a4eacb95880062344 DependenciesID=a6a1c836ca13d0977f834dc74b759901 StaticDependenciesID=5203a7d42f97d6c5497ace0405f497b6 
Number of updated asset objects reloaded before import = 0
Number of asset objects unloaded after import = 0
========================================================================
Received Import Request.
  Time of request: 2026-08-19T16:56:06.0967694Z
  Time since last request: 0.0033886 seconds.
  importAddress: GUID: 920c7a6bcbdcb6c4f9efdc8e7b0d450c - Path: Assets/Scripts/Cards/DeckManager.cs - Importer: PreviewImporter
Importing 'GUID: 920c7a6bcbdcb6c4f9efdc8e7b0d450c - Path: Assets/Scripts/Cards/DeckManager.cs - Importer: PreviewImporter' with importer (PreviewImporter)
Imported 'GUID: 920c7a6bcbdcb6c4f9efdc8e7b0d450c' -> (Import Result ID: '0e959202186f839f787fc46568b30f91') in 0.001 seconds [static and dynamic dependencies]. Details - ImportResultOutputID=fc7777b06659fa4a4eacb95880062344 DependenciesID=a6a1c836ca13d0977f834dc74b759901 StaticDependenciesID=5203a7d42f97d6c5497ace0405f497b6 
Number of updated asset objects reloaded before import = 0
Number of asset objects unloaded after import = 0
========================================================================
Received Import Request.
  Time of request: 2026-08-19T16:56:06.1320281Z
  Time since last request: 0.0045609 seconds.
  importAddress: GUID: 920c7a6bcbdcb6c4f9efdc8e7b0d450c - Path: Assets/Scripts/Cards/DeckManager.cs - Importer: PreviewImporter
Importing 'GUID: 920c7a6bcbdcb6c4f9efdc8e7b0d450c - Path: Assets/Scripts/Cards/DeckManager.cs - Importer: PreviewImporter' with importer (PreviewImporter)
Imported 'GUID: 920c7a6bcbdcb6c4f9efdc8e7b0d450c' -> (Import Result ID: '0e959202186f839f787fc46568b30f91') in 0.001 seconds [static and dynamic dependencies]. Details - ImportResultOutputID=fc7777b06659fa4a4eacb95880062344 DependenciesID=a6a1c836ca13d0977f834dc74b759901 StaticDependenciesID=5203a7d42f97d6c5497ace0405f497b6 
Number of updated asset objects reloaded before import = 0
Number of asset objects unloaded after import = 0
========================================================================
Received Import Request.
  Time of request: 2026-08-19T16:56:06.1607256Z
  Time since last request: 0.0015314 seconds.
  importAddress: GUID: 920c7a6bcbdcb6c4f9efdc8e7b0d450c - Path: Assets/Scripts/Cards/DeckManager.cs - Importer: PreviewImporter
Importing 'GUID: 920c7a6bcbdcb6c4f9efdc8e7b0d450c - Path: Assets/Scripts/Cards/DeckManager.cs - Importer: PreviewImporter' with importer (PreviewImporter)
Imported 'GUID: 920c7a6bcbdcb6c4f9efdc8e7b0d450c' -> (Import Result ID: '0e959202186f839f787fc46568b30f91') in 0.001 seconds [static and dynamic dependencies]. Details - ImportResultOutputID=fc7777b06659fa4a4eacb95880062344 DependenciesID=a6a1c836ca13d0977f834dc74b759901 StaticDependenciesID=5203a7d42f97d6c5497ace0405f497b6 
Number of updated asset objects reloaded before import = 0
Number of asset objects unloaded after import = 0
========================================================================
Received Import Request.
  Time of request: 2026-08-19T16:56:06.1922199Z
  Time since last request: 0.0012045 seconds.
  importAddress: GUID: 920c7a6bcbdcb6c4f9efdc8e7b0d450c - Path: Assets/Scripts/Cards/DeckManager.cs - Importer: PreviewImporter
Importing 'GUID: 920c7a6bcbdcb6c4f9efdc8e7b0d450c - Path: Assets/Scripts/Cards/DeckManager.cs - Importer: PreviewImporter' with importer (PreviewImporter)
Imported 'GUID: 920c7a6bcbdcb6c4f9efdc8e7b0d450c' -> (Import Result ID: '0e959202186f839f787fc46568b30f91') in 0.001 seconds [static and dynamic dependencies]. Details - ImportResultOutputID=fc7777b06659fa4a4eacb95880062344 DependenciesID=a6a1c836ca13d0977f834dc74b759901 StaticDependenciesID=5203a7d42f97d6c5497ace0405f497b6 
Number of updated asset objects reloaded before import = 0
Number of asset objects unloaded after import = 0
========================================================================
Received Import Request.
  Time of request: 2026-08-19T16:56:06.2210802Z
  Time since last request: 0.0013303 seconds.
  importAddress: GUID: 920c7a6bcbdcb6c4f9efdc8e7b0d450c - Path: Assets/Scripts/Cards/DeckManager.cs - Importer: PreviewImporter
Importing 'GUID: 920c7a6bcbdcb6c4f9efdc8e7b0d450c - Path: Assets/Scripts/Cards/DeckManager.cs - Importer: PreviewImporter' with importer (PreviewImporter)
Imported 'GUID: 920c7a6bcbdcb6c4f9efdc8e7b0d450c' -> (Import Result ID: '0e959202186f839f787fc46568b30f91') in 0.001 seconds [static and dynamic dependencies]. Details - ImportResultOutputID=fc7777b06659fa4a4eacb95880062344 DependenciesID=a6a1c836ca13d0977f834dc74b759901 StaticDependenciesID=5203a7d42f97d6c5497ace0405f497b6 
Number of updated asset objects reloaded before import = 0
Number of asset objects unloaded after import = 0
========================================================================
Received Import Request.
  Time of request: 2026-08-19T16:56:06.2595376Z
  Time since last request: 0.0044187 seconds.
  importAddress: GUID: 920c7a6bcbdcb6c4f9efdc8e7b0d450c - Path: Assets/Scripts/Cards/DeckManager.cs - Importer: PreviewImporter
Importing 'GUID: 920c7a6bcbdcb6c4f9efdc8e7b0d450c - Path: Assets/Scripts/Cards/DeckManager.cs - Importer: PreviewImporter' with importer (PreviewImporter)
Imported 'GUID: 920c7a6bcbdcb6c4f9efdc8e7b0d450c' -> (Import Result ID: '0e959202186f839f787fc46568b30f91') in 0.001 seconds [static and dynamic dependencies]. Details - ImportResultOutputID=fc7777b06659fa4a4eacb95880062344 DependenciesID=a6a1c836ca13d0977f834dc74b759901 StaticDependenciesID=5203a7d42f97d6c5497ace0405f497b6 
Number of updated asset objects reloaded before import = 0
Number of asset objects unloaded after import = 0
========================================================================
Received Import Request.
  Time of request: 2026-08-19T16:56:06.2911093Z
  Time since last request: 0.0023265 seconds.
  importAddress: GUID: 920c7a6bcbdcb6c4f9efdc8e7b0d450c - Path: Assets/Scripts/Cards/DeckManager.cs - Importer: PreviewImporter
Importing 'GUID: 920c7a6bcbdcb6c4f9efdc8e7b0d450c - Path: Assets/Scripts/Cards/DeckManager.cs - Importer: PreviewImporter' with importer (PreviewImporter)
Imported 'GUID: 920c7a6bcbdcb6c4f9efdc8e7b0d450c' -> (Import Result ID: '0e959202186f839f787fc46568b30f91') in 0.001 seconds [static and dynamic dependencies]. Details - ImportResultOutputID=fc7777b06659fa4a4eacb95880062344 DependenciesID=a6a1c836ca13d0977f834dc74b759901 StaticDependenciesID=5203a7d42f97d6c5497ace0405f497b6 
Number of updated asset objects reloaded before import = 0
Number of asset objects unloaded after import = 0
========================================================================
Received Import Request.
  Time of request: 2026-08-19T16:56:06.3286401Z
  Time since last request: 0.0056701 seconds.
  importAddress: GUID: 920c7a6bcbdcb6c4f9efdc8e7b0d450c - Path: Assets/Scripts/Cards/DeckManager.cs - Importer: PreviewImporter
Importing 'GUID: 920c7a6bcbdcb6c4f9efdc8e7b0d450c - Path: Assets/Scripts/Cards/DeckManager.cs - Importer: PreviewImporter' with importer (PreviewImporter)
Imported 'GUID: 920c7a6bcbdcb6c4f9efdc8e7b0d450c' -> (Import Result ID: '0e959202186f839f787fc46568b30f91') in 0.001 seconds [static and dynamic dependencies]. Details - ImportResultOutputID=fc7777b06659fa4a4eacb95880062344 DependenciesID=a6a1c836ca13d0977f834dc74b759901 StaticDependenciesID=5203a7d42f97d6c5497ace0405f497b6 
Number of updated asset objects reloaded before import = 0
Number of asset objects unloaded after import = 0
========================================================================
Received Import Request.
  Time of request: 2026-08-19T16:56:06.3568415Z
  Time since last request: 0.0020963 seconds.
  importAddress: GUID: 920c7a6bcbdcb6c4f9efdc8e7b0d450c - Path: Assets/Scripts/Cards/DeckManager.cs - Importer: PreviewImporter
Importing 'GUID: 920c7a6bcbdcb6c4f9efdc8e7b0d450c - Path: Assets/Scripts/Cards/DeckManager.cs - Importer: PreviewImporter' with importer (PreviewImporter)
Imported 'GUID: 920c7a6bcbdcb6c4f9efdc8e7b0d450c' -> (Import Result ID: '0e959202186f839f787fc46568b30f91') in 0.001 seconds [static and dynamic dependencies]. Details - ImportResultOutputID=fc7777b06659fa4a4eacb95880062344 DependenciesID=a6a1c836ca13d0977f834dc74b759901 StaticDependenciesID=5203a7d42f97d6c5497ace0405f497b6 
Number of updated asset objects reloaded before import = 0
Number of asset objects unloaded after import = 0
========================================================================
Received Import Request.
  Time of request: 2026-08-19T16:56:06.3879548Z
  Time since last request: 0.0031088 seconds.
  importAddress: GUID: 920c7a6bcbdcb6c4f9efdc8e7b0d450c - Path: Assets/Scripts/Cards/DeckManager.cs - Importer: PreviewImporter
Importing 'GUID: 920c7a6bcbdcb6c4f9efdc8e7b0d450c - Path: Assets/Scripts/Cards/DeckManager.cs - Importer: PreviewImporter' with importer (PreviewImporter)
Imported 'GUID: 920c7a6bcbdcb6c4f9efdc8e7b0d450c' -> (Import Result ID: '0e959202186f839f787fc46568b30f91') in 0.001 seconds [static and dynamic dependencies]. Details - ImportResultOutputID=fc7777b06659fa4a4eacb95880062344 DependenciesID=a6a1c836ca13d0977f834dc74b759901 StaticDependenciesID=5203a7d42f97d6c5497ace0405f497b6 
Number of updated asset objects reloaded before import = 0
Number of asset objects unloaded after import = 0
========================================================================
Received Import Request.
  Time of request: 2026-08-19T16:56:06.4228546Z
  Time since last request: 0.0047684 seconds.
  importAddress: GUID: 920c7a6bcbdcb6c4f9efdc8e7b0d450c - Path: Assets/Scripts/Cards/DeckManager.cs - Importer: PreviewImporter
Importing 'GUID: 920c7a6bcbdcb6c4f9efdc8e7b0d450c - Path: Assets/Scripts/Cards/DeckManager.cs - Importer: PreviewImporter' with importer (PreviewImporter)
Imported 'GUID: 920c7a6bcbdcb6c4f9efdc8e7b0d450c' -> (Import Result ID: '0e959202186f839f787fc46568b30f91') in 0.001 seconds [static and dynamic dependencies]. Details - ImportResultOutputID=fc7777b06659fa4a4eacb95880062344 DependenciesID=a6a1c836ca13d0977f834dc74b759901 StaticDependenciesID=5203a7d42f97d6c5497ace0405f497b6 
Number of updated asset objects reloaded before import = 0
Number of asset objects unloaded after import = 0
========================================================================
Received Import Request.
  Time of request: 2026-08-19T16:56:06.453705Z
  Time since last request: 0.0025979 seconds.
  importAddress: GUID: 920c7a6bcbdcb6c4f9efdc8e7b0d450c - Path: Assets/Scripts/Cards/DeckManager.cs - Importer: PreviewImporter
Importing 'GUID: 920c7a6bcbdcb6c4f9efdc8e7b0d450c - Path: Assets/Scripts/Cards/DeckManager.cs - Importer: PreviewImporter' with importer (PreviewImporter)
Imported 'GUID: 920c7a6bcbdcb6c4f9efdc8e7b0d450c' -> (Import Result ID: '0e959202186f839f787fc46568b30f91') in 0.001 seconds [static and dynamic dependencies]. Details - ImportResultOutputID=fc7777b06659fa4a4eacb95880062344 DependenciesID=a6a1c836ca13d0977f834dc74b759901 StaticDependenciesID=5203a7d42f97d6c5497ace0405f497b6 
Number of updated asset objects reloaded before import = 0
Number of asset objects unloaded after import = 0
========================================================================
Received Import Request.
  Time of request: 2026-08-19T16:56:06.4864256Z
  Time since last request: 0.0041672 seconds.
  importAddress: GUID: 920c7a6bcbdcb6c4f9efdc8e7b0d450c - Path: Assets/Scripts/Cards/DeckManager.cs - Importer: PreviewImporter
Importing 'GUID: 920c7a6bcbdcb6c4f9efdc8e7b0d450c - Path: Assets/Scripts/Cards/DeckManager.cs - Importer: PreviewImporter' with importer (PreviewImporter)
Imported 'GUID: 920c7a6bcbdcb6c4f9efdc8e7b0d450c' -> (Import Result ID: '0e959202186f839f787fc46568b30f91') in 0.001 seconds [static and dynamic dependencies]. Details - ImportResultOutputID=fc7777b06659fa4a4eacb95880062344 DependenciesID=a6a1c836ca13d0977f834dc74b759901 StaticDependenciesID=5203a7d42f97d6c5497ace0405f497b6 
Number of updated asset objects reloaded before import = 0
Number of asset objects unloaded after import = 0
========================================================================
Received Import Request.
  Time of request: 2026-08-19T16:56:06.519293Z
  Time since last request: 0.0047265 seconds.
  importAddress: GUID: 920c7a6bcbdcb6c4f9efdc8e7b0d450c - Path: Assets/Scripts/Cards/DeckManager.cs - Importer: PreviewImporter
Importing 'GUID: 920c7a6bcbdcb6c4f9efdc8e7b0d450c - Path: Assets/Scripts/Cards/DeckManager.cs - Importer: PreviewImporter' with importer (PreviewImporter)
Imported 'GUID: 920c7a6bcbdcb6c4f9efdc8e7b0d450c' -> (Import Result ID: '0e959202186f839f787fc46568b30f91') in 0.001 seconds [static and dynamic dependencies]. Details - ImportResultOutputID=fc7777b06659fa4a4eacb95880062344 DependenciesID=a6a1c836ca13d0977f834dc74b759901 StaticDependenciesID=5203a7d42f97d6c5497ace0405f497b6 
Number of updated asset objects reloaded before import = 0
Number of asset objects unloaded after import = 0
========================================================================
Received Import Request.
  Time of request: 2026-08-19T16:56:06.5514766Z
  Time since last request: 0.0011818 seconds.
  importAddress: GUID: 920c7a6bcbdcb6c4f9efdc8e7b0d450c - Path: Assets/Scripts/Cards/DeckManager.cs - Importer: PreviewImporter
Importing 'GUID: 920c7a6bcbdcb6c4f9efdc8e7b0d450c - Path: Assets/Scripts/Cards/DeckManager.cs - Importer: PreviewImporter' with importer (PreviewImporter)
Imported 'GUID: 920c7a6bcbdcb6c4f9efdc8e7b0d450c' -> (Import Result ID: '0e959202186f839f787fc46568b30f91') in 0.001 seconds [static and dynamic dependencies]. Details - ImportResultOutputID=fc7777b06659fa4a4eacb95880062344 DependenciesID=a6a1c836ca13d0977f834dc74b759901 StaticDependenciesID=5203a7d42f97d6c5497ace0405f497b6 
Number of updated asset objects reloaded before import = 0
Number of asset objects unloaded after import = 0
========================================================================
Received Import Request.
  Time of request: 2026-08-19T16:56:06.5804296Z
  Time since last request: 0.0020439 seconds.
  importAddress: GUID: 920c7a6bcbdcb6c4f9efdc8e7b0d450c - Path: Assets/Scripts/Cards/DeckManager.cs - Importer: PreviewImporter
Importing 'GUID: 920c7a6bcbdcb6c4f9efdc8e7b0d450c - Path: Assets/Scripts/Cards/DeckManager.cs - Importer: PreviewImporter' with importer (PreviewImporter)
Imported 'GUID: 920c7a6bcbdcb6c4f9efdc8e7b0d450c' -> (Import Result ID: '0e959202186f839f787fc46568b30f91') in 0.001 seconds [static and dynamic dependencies]. Details - ImportResultOutputID=fc7777b06659fa4a4eacb95880062344 DependenciesID=a6a1c836ca13d0977f834dc74b759901 StaticDependenciesID=5203a7d42f97d6c5497ace0405f497b6 
Number of updated asset objects reloaded before import = 0
Number of asset objects unloaded after import = 0
========================================================================
Received Import Request.
  Time of request: 2026-08-19T16:56:06.6101924Z
  Time since last request: 0.0012205 seconds.
  importAddress: GUID: 920c7a6bcbdcb6c4f9efdc8e7b0d450c - Path: Assets/Scripts/Cards/DeckManager.cs - Importer: PreviewImporter
Importing 'GUID: 920c7a6bcbdcb6c4f9efdc8e7b0d450c - Path: Assets/Scripts/Cards/DeckManager.cs - Importer: PreviewImporter' with importer (PreviewImporter)
Imported 'GUID: 920c7a6bcbdcb6c4f9efdc8e7b0d450c' -> (Import Result ID: '0e959202186f839f787fc46568b30f91') in 0.001 seconds [static and dynamic dependencies]. Details - ImportResultOutputID=fc7777b06659fa4a4eacb95880062344 DependenciesID=a6a1c836ca13d0977f834dc74b759901 StaticDependenciesID=5203a7d42f97d6c5497ace0405f497b6 
Number of updated asset objects reloaded before import = 0
Number of asset objects unloaded after import = 0
========================================================================
Received Import Request.
  Time of request: 2026-08-19T16:56:06.6416935Z
  Time since last request: 0.0015474 seconds.
  importAddress: GUID: 920c7a6bcbdcb6c4f9efdc8e7b0d450c - Path: Assets/Scripts/Cards/DeckManager.cs - Importer: PreviewImporter
Importing 'GUID: 920c7a6bcbdcb6c4f9efdc8e7b0d450c - Path: Assets/Scripts/Cards/DeckManager.cs - Importer: PreviewImporter' with importer (PreviewImporter)
Imported 'GUID: 920c7a6bcbdcb6c4f9efdc8e7b0d450c' -> (Import Result ID: '0e959202186f839f787fc46568b30f91') in 0.001 seconds [static and dynamic dependencies]. Details - ImportResultOutputID=fc7777b06659fa4a4eacb95880062344 DependenciesID=a6a1c836ca13d0977f834dc74b759901 StaticDependenciesID=5203a7d42f97d6c5497ace0405f497b6 
Number of updated asset objects reloaded before import = 0
Number of asset objects unloaded after import = 0
========================================================================
Received Import Request.
  Time of request: 2026-08-19T16:56:06.6930406Z
  Time since last request: 0.0056295 seconds.
  importAddress: GUID: 920c7a6bcbdcb6c4f9efdc8e7b0d450c - Path: Assets/Scripts/Cards/DeckManager.cs - Importer: PreviewImporter
Importing 'GUID: 920c7a6bcbdcb6c4f9efdc8e7b0d450c - Path: Assets/Scripts/Cards/DeckManager.cs - Importer: PreviewImporter' with importer (PreviewImporter)
Imported 'GUID: 920c7a6bcbdcb6c4f9efdc8e7b0d450c' -> (Import Result ID: '0e959202186f839f787fc46568b30f91') in 0.001 seconds [static and dynamic dependencies]. Details - ImportResultOutputID=fc7777b06659fa4a4eacb95880062344 DependenciesID=a6a1c836ca13d0977f834dc74b759901 StaticDependenciesID=5203a7d42f97d6c5497ace0405f497b6 
Number of updated asset objects reloaded before import = 0
Number of asset objects unloaded after import = 0
========================================================================
Received Import Request.
  Time of request: 2026-08-19T16:56:06.7429024Z
  Time since last request: 0.0053118 seconds.
  importAddress: GUID: 920c7a6bcbdcb6c4f9efdc8e7b0d450c - Path: Assets/Scripts/Cards/DeckManager.cs - Importer: PreviewImporter
Importing 'GUID: 920c7a6bcbdcb6c4f9efdc8e7b0d450c - Path: Assets/Scripts/Cards/DeckManager.cs - Importer: PreviewImporter' with importer (PreviewImporter)
Imported 'GUID: 920c7a6bcbdcb6c4f9efdc8e7b0d450c' -> (Import Result ID: '0e959202186f839f787fc46568b30f91') in 0.001 seconds [static and dynamic dependencies]. Details - ImportResultOutputID=fc7777b06659fa4a4eacb95880062344 DependenciesID=a6a1c836ca13d0977f834dc74b759901 StaticDependenciesID=5203a7d42f97d6c5497ace0405f497b6 
Number of updated asset objects reloaded before import = 0
Number of asset objects unloaded after import = 0
========================================================================
Received Import Request.
  Time of request: 2026-08-19T16:56:06.7754201Z
  Time since last request: 0.0033436 seconds.
  importAddress: GUID: 920c7a6bcbdcb6c4f9efdc8e7b0d450c - Path: Assets/Scripts/Cards/DeckManager.cs - Importer: PreviewImporter
Importing 'GUID: 920c7a6bcbdcb6c4f9efdc8e7b0d450c - Path: Assets/Scripts/Cards/DeckManager.cs - Importer: PreviewImporter' with importer (PreviewImporter)
Imported 'GUID: 920c7a6bcbdcb6c4f9efdc8e7b0d450c' -> (Import Result ID: '0e959202186f839f787fc46568b30f91') in 0.001 seconds [static and dynamic dependencies]. Details - ImportResultOutputID=fc7777b06659fa4a4eacb95880062344 DependenciesID=a6a1c836ca13d0977f834dc74b759901 StaticDependenciesID=5203a7d42f97d6c5497ace0405f497b6 
Number of updated asset objects reloaded before import = 0
Number of asset objects unloaded after import = 0
========================================================================
Received Import Request.
  Time of request: 2026-08-19T16:56:06.8027902Z
  Time since last request: 0.0006495 seconds.
  importAddress: GUID: 920c7a6bcbdcb6c4f9efdc8e7b0d450c - Path: Assets/Scripts/Cards/DeckManager.cs - Importer: PreviewImporter
Importing 'GUID: 920c7a6bcbdcb6c4f9efdc8e7b0d450c - Path: Assets/Scripts/Cards/DeckManager.cs - Importer: PreviewImporter' with importer (PreviewImporter)
Imported 'GUID: 920c7a6bcbdcb6c4f9efdc8e7b0d450c' -> (Import Result ID: '0e959202186f839f787fc46568b30f91') in 0.001 seconds [static and dynamic dependencies]. Details - ImportResultOutputID=fc7777b06659fa4a4eacb95880062344 DependenciesID=a6a1c836ca13d0977f834dc74b759901 StaticDependenciesID=5203a7d42f97d6c5497ace0405f497b6 
Number of updated asset objects reloaded before import = 0
Number of asset objects unloaded after import = 0
========================================================================
Received Import Request.
  Time of request: 2026-08-19T16:56:06.8300522Z
  Time since last request: 0.0005958 seconds.
  importAddress: GUID: 920c7a6bcbdcb6c4f9efdc8e7b0d450c - Path: Assets/Scripts/Cards/DeckManager.cs - Importer: PreviewImporter
Importing 'GUID: 920c7a6bcbdcb6c4f9efdc8e7b0d450c - Path: Assets/Scripts/Cards/DeckManager.cs - Importer: PreviewImporter' with importer (PreviewImporter)
Imported 'GUID: 920c7a6bcbdcb6c4f9efdc8e7b0d450c' -> (Import Result ID: '0e959202186f839f787fc46568b30f91') in 0.001 seconds [static and dynamic dependencies]. Details - ImportResultOutputID=fc7777b06659fa4a4eacb95880062344 DependenciesID=a6a1c836ca13d0977f834dc74b759901 StaticDependenciesID=5203a7d42f97d6c5497ace0405f497b6 
Number of updated asset objects reloaded before import = 0
Number of asset objects unloaded after import = 0
========================================================================
Received Import Request.
  Time of request: 2026-08-19T16:56:06.8597068Z
  Time since last request: 0.0038246 seconds.
  importAddress: GUID: 920c7a6bcbdcb6c4f9efdc8e7b0d450c - Path: Assets/Scripts/Cards/DeckManager.cs - Importer: PreviewImporter
Importing 'GUID: 920c7a6bcbdcb6c4f9efdc8e7b0d450c - Path: Assets/Scripts/Cards/DeckManager.cs - Importer: PreviewImporter' with importer (PreviewImporter)
Imported 'GUID: 920c7a6bcbdcb6c4f9efdc8e7b0d450c' -> (Import Result ID: '0e959202186f839f787fc46568b30f91') in 0.001 seconds [static and dynamic dependencies]. Details - ImportResultOutputID=fc7777b06659fa4a4eacb95880062344 DependenciesID=a6a1c836ca13d0977f834dc74b759901 StaticDependenciesID=5203a7d42f97d6c5497ace0405f497b6 
Number of updated asset objects reloaded before import = 0
Number of asset objects unloaded after import = 0
========================================================================
Received Import Request.
  Time of request: 2026-08-19T16:56:06.8870664Z
  Time since last request: 0.0007527 seconds.
  importAddress: GUID: 920c7a6bcbdcb6c4f9efdc8e7b0d450c - Path: Assets/Scripts/Cards/DeckManager.cs - Importer: PreviewImporter
Importing 'GUID: 920c7a6bcbdcb6c4f9efdc8e7b0d450c - Path: Assets/Scripts/Cards/DeckManager.cs - Importer: PreviewImporter' with importer (PreviewImporter)
Imported 'GUID: 920c7a6bcbdcb6c4f9efdc8e7b0d450c' -> (Import Result ID: '0e959202186f839f787fc46568b30f91') in 0.001 seconds [static and dynamic dependencies]. Details - ImportResultOutputID=fc7777b06659fa4a4eacb95880062344 DependenciesID=a6a1c836ca13d0977f834dc74b759901 StaticDependenciesID=5203a7d42f97d6c5497ace0405f497b6 
Number of updated asset objects reloaded before import = 0
Number of asset objects unloaded after import = 0
========================================================================
Received Import Request.
  Time of request: 2026-08-19T16:56:06.9152073Z
  Time since last request: 0.0037564 seconds.
  importAddress: GUID: 920c7a6bcbdcb6c4f9efdc8e7b0d450c - Path: Assets/Scripts/Cards/DeckManager.cs - Importer: PreviewImporter
Importing 'GUID: 920c7a6bcbdcb6c4f9efdc8e7b0d450c - Path: Assets/Scripts/Cards/DeckManager.cs - Importer: PreviewImporter' with importer (PreviewImporter)
Imported 'GUID: 920c7a6bcbdcb6c4f9efdc8e7b0d450c' -> (Import Result ID: '0e959202186f839f787fc46568b30f91') in 0.001 seconds [static and dynamic dependencies]. Details - ImportResultOutputID=fc7777b06659fa4a4eacb95880062344 DependenciesID=a6a1c836ca13d0977f834dc74b759901 StaticDependenciesID=5203a7d42f97d6c5497ace0405f497b6 
Number of updated asset objects reloaded before import = 0
Number of asset objects unloaded after import = 0
========================================================================
Received Import Request.
  Time of request: 2026-08-19T16:56:06.9479066Z
  Time since last request: 0.0008669 seconds.
  importAddress: GUID: 920c7a6bcbdcb6c4f9efdc8e7b0d450c - Path: Assets/Scripts/Cards/DeckManager.cs - Importer: PreviewImporter
Importing 'GUID: 920c7a6bcbdcb6c4f9efdc8e7b0d450c - Path: Assets/Scripts/Cards/DeckManager.cs - Importer: PreviewImporter' with importer (PreviewImporter)
Imported 'GUID: 920c7a6bcbdcb6c4f9efdc8e7b0d450c' -> (Import Result ID: '0e959202186f839f787fc46568b30f91') in 0.001 seconds [static and dynamic dependencies]. Details - ImportResultOutputID=fc7777b06659fa4a4eacb95880062344 DependenciesID=a6a1c836ca13d0977f834dc74b759901 StaticDependenciesID=5203a7d42f97d6c5497ace0405f497b6 
Number of updated asset objects reloaded before import = 0
Number of asset objects unloaded after import = 0
========================================================================
Received Import Request.
  Time of request: 2026-08-19T16:56:06.9790793Z
  Time since last request: 0.0044021 seconds.
  importAddress: GUID: 920c7a6bcbdcb6c4f9efdc8e7b0d450c - Path: Assets/Scripts/Cards/DeckManager.cs - Importer: PreviewImporter
Importing 'GUID: 920c7a6bcbdcb6c4f9efdc8e7b0d450c - Path: Assets/Scripts/Cards/DeckManager.cs - Importer: PreviewImporter' with importer (PreviewImporter)
Imported 'GUID: 920c7a6bcbdcb6c4f9efdc8e7b0d450c' -> (Import Result ID: '0e959202186f839f787fc46568b30f91') in 0.001 seconds [static and dynamic dependencies]. Details - ImportResultOutputID=fc7777b06659fa4a4eacb95880062344 DependenciesID=a6a1c836ca13d0977f834dc74b759901 StaticDependenciesID=5203a7d42f97d6c5497ace0405f497b6 
Number of updated asset objects reloaded before import = 0
Number of asset objects unloaded after import = 0
========================================================================
Received Import Request.
  Time of request: 2026-08-19T16:56:07.0090287Z
  Time since last request: 0.0004494 seconds.
  importAddress: GUID: 920c7a6bcbdcb6c4f9efdc8e7b0d450c - Path: Assets/Scripts/Cards/DeckManager.cs - Importer: PreviewImporter
Importing 'GUID: 920c7a6bcbdcb6c4f9efdc8e7b0d450c - Path: Assets/Scripts/Cards/DeckManager.cs - Importer: PreviewImporter' with importer (PreviewImporter)
Imported 'GUID: 920c7a6bcbdcb6c4f9efdc8e7b0d450c' -> (Import Result ID: '0e959202186f839f787fc46568b30f91') in 0.001 seconds [static and dynamic dependencies]. Details - ImportResultOutputID=fc7777b06659fa4a4eacb95880062344 DependenciesID=a6a1c836ca13d0977f834dc74b759901 StaticDependenciesID=5203a7d42f97d6c5497ace0405f497b6 
Number of updated asset objects reloaded before import = 0
Number of asset objects unloaded after import = 0
========================================================================
Received Import Request.
  Time of request: 2026-08-19T16:56:07.0381819Z
  Time since last request: 0.0031775 seconds.
  importAddress: GUID: 920c7a6bcbdcb6c4f9efdc8e7b0d450c - Path: Assets/Scripts/Cards/DeckManager.cs - Importer: PreviewImporter
Importing 'GUID: 920c7a6bcbdcb6c4f9efdc8e7b0d450c - Path: Assets/Scripts/Cards/DeckManager.cs - Importer: PreviewImporter' with importer (PreviewImporter)
Imported 'GUID: 920c7a6bcbdcb6c4f9efdc8e7b0d450c' -> (Import Result ID: '0e959202186f839f787fc46568b30f91') in 0.001 seconds [static and dynamic dependencies]. Details - ImportResultOutputID=fc7777b06659fa4a4eacb95880062344 DependenciesID=a6a1c836ca13d0977f834dc74b759901 StaticDependenciesID=5203a7d42f97d6c5497ace0405f497b6 
Number of updated asset objects reloaded before import = 0
Number of asset objects unloaded after import = 0
========================================================================
Received Import Request.
  Time of request: 2026-08-19T16:56:07.0693591Z
  Time since last request: 0.0005082 seconds.
  importAddress: GUID: 920c7a6bcbdcb6c4f9efdc8e7b0d450c - Path: Assets/Scripts/Cards/DeckManager.cs - Importer: PreviewImporter
Importing 'GUID: 920c7a6bcbdcb6c4f9efdc8e7b0d450c - Path: Assets/Scripts/Cards/DeckManager.cs - Importer: PreviewImporter' with importer (PreviewImporter)
Imported 'GUID: 920c7a6bcbdcb6c4f9efdc8e7b0d450c' -> (Import Result ID: '0e959202186f839f787fc46568b30f91') in 0.001 seconds [static and dynamic dependencies]. Details - ImportResultOutputID=fc7777b06659fa4a4eacb95880062344 DependenciesID=a6a1c836ca13d0977f834dc74b759901 StaticDependenciesID=5203a7d42f97d6c5497ace0405f497b6 
Number of updated asset objects reloaded before import = 0
Number of asset objects unloaded after import = 0
========================================================================
Received Import Request.
  Time of request: 2026-08-19T16:56:07.0997565Z
  Time since last request: 0.0013249 seconds.
  importAddress: GUID: 920c7a6bcbdcb6c4f9efdc8e7b0d450c - Path: Assets/Scripts/Cards/DeckManager.cs - Importer: PreviewImporter
Importing 'GUID: 920c7a6bcbdcb6c4f9efdc8e7b0d450c - Path: Assets/Scripts/Cards/DeckManager.cs - Importer: PreviewImporter' with importer (PreviewImporter)
Imported 'GUID: 920c7a6bcbdcb6c4f9efdc8e7b0d450c' -> (Import Result ID: '0e959202186f839f787fc46568b30f91') in 0.001 seconds [static and dynamic dependencies]. Details - ImportResultOutputID=fc7777b06659fa4a4eacb95880062344 DependenciesID=a6a1c836ca13d0977f834dc74b759901 StaticDependenciesID=5203a7d42f97d6c5497ace0405f497b6 
Number of updated asset objects reloaded before import = 0
Number of asset objects unloaded after import = 0
========================================================================
Received Import Request.
  Time of request: 2026-08-19T16:56:07.130584Z
  Time since last request: 0.0008195 seconds.
  importAddress: GUID: 920c7a6bcbdcb6c4f9efdc8e7b0d450c - Path: Assets/Scripts/Cards/DeckManager.cs - Importer: PreviewImporter
Importing 'GUID: 920c7a6bcbdcb6c4f9efdc8e7b0d450c - Path: Assets/Scripts/Cards/DeckManager.cs - Importer: PreviewImporter' with importer (PreviewImporter)
Imported 'GUID: 920c7a6bcbdcb6c4f9efdc8e7b0d450c' -> (Import Result ID: '0e959202186f839f787fc46568b30f91') in 0.001 seconds [static and dynamic dependencies]. Details - ImportResultOutputID=fc7777b06659fa4a4eacb95880062344 DependenciesID=a6a1c836ca13d0977f834dc74b759901 StaticDependenciesID=5203a7d42f97d6c5497ace0405f497b6 
Number of updated asset objects reloaded before import = 0
Number of asset objects unloaded after import = 0
========================================================================
Received Import Request.
  Time of request: 2026-08-19T16:56:07.1589998Z
  Time since last request: 0.0022663 seconds.
  importAddress: GUID: 920c7a6bcbdcb6c4f9efdc8e7b0d450c - Path: Assets/Scripts/Cards/DeckManager.cs - Importer: PreviewImporter
Importing 'GUID: 920c7a6bcbdcb6c4f9efdc8e7b0d450c - Path: Assets/Scripts/Cards/DeckManager.cs - Importer: PreviewImporter' with importer (PreviewImporter)
Imported 'GUID: 920c7a6bcbdcb6c4f9efdc8e7b0d450c' -> (Import Result ID: '0e959202186f839f787fc46568b30f91') in 0.001 seconds [static and dynamic dependencies]. Details - ImportResultOutputID=fc7777b06659fa4a4eacb95880062344 DependenciesID=a6a1c836ca13d0977f834dc74b759901 StaticDependenciesID=5203a7d42f97d6c5497ace0405f497b6 
Number of updated asset objects reloaded before import = 0
Number of asset objects unloaded after import = 0
========================================================================
Received Import Request.
  Time of request: 2026-08-19T16:56:07.1895039Z
  Time since last request: 0.0028576 seconds.
  importAddress: GUID: 920c7a6bcbdcb6c4f9efdc8e7b0d450c - Path: Assets/Scripts/Cards/DeckManager.cs - Importer: PreviewImporter
Importing 'GUID: 920c7a6bcbdcb6c4f9efdc8e7b0d450c - Path: Assets/Scripts/Cards/DeckManager.cs - Importer: PreviewImporter' with importer (PreviewImporter)
Imported 'GUID: 920c7a6bcbdcb6c4f9efdc8e7b0d450c' -> (Import Result ID: '0e959202186f839f787fc46568b30f91') in 0.001 seconds [static and dynamic dependencies]. Details - ImportResultOutputID=fc7777b06659fa4a4eacb95880062344 DependenciesID=a6a1c836ca13d0977f834dc74b759901 StaticDependenciesID=5203a7d42f97d6c5497ace0405f497b6 
Number of updated asset objects reloaded before import = 0
Number of asset objects unloaded after import = 0
========================================================================
Received Import Request.
  Time of request: 2026-08-19T16:56:07.2205465Z
  Time since last request: 0.0024028 seconds.
  importAddress: GUID: 920c7a6bcbdcb6c4f9efdc8e7b0d450c - Path: Assets/Scripts/Cards/DeckManager.cs - Importer: PreviewImporter
Importing 'GUID: 920c7a6bcbdcb6c4f9efdc8e7b0d450c - Path: Assets/Scripts/Cards/DeckManager.cs - Importer: PreviewImporter' with importer (PreviewImporter)
Imported 'GUID: 920c7a6bcbdcb6c4f9efdc8e7b0d450c' -> (Import Result ID: '0e959202186f839f787fc46568b30f91') in 0.001 seconds [static and dynamic dependencies]. Details - ImportResultOutputID=fc7777b06659fa4a4eacb95880062344 DependenciesID=a6a1c836ca13d0977f834dc74b759901 StaticDependenciesID=5203a7d42f97d6c5497ace0405f497b6 
Number of updated asset objects reloaded before import = 0
Number of asset objects unloaded after import = 0
========================================================================
Received Import Request.
  Time of request: 2026-08-19T16:56:07.2461392Z
  Time since last request: 0.0005063 seconds.
  importAddress: GUID: 920c7a6bcbdcb6c4f9efdc8e7b0d450c - Path: Assets/Scripts/Cards/DeckManager.cs - Importer: PreviewImporter
Importing 'GUID: 920c7a6bcbdcb6c4f9efdc8e7b0d450c - Path: Assets/Scripts/Cards/DeckManager.cs - Importer: PreviewImporter' with importer (PreviewImporter)
Imported 'GUID: 920c7a6bcbdcb6c4f9efdc8e7b0d450c' -> (Import Result ID: '0e959202186f839f787fc46568b30f91') in 0.001 seconds [static and dynamic dependencies]. Details - ImportResultOutputID=fc7777b06659fa4a4eacb95880062344 DependenciesID=a6a1c836ca13d0977f834dc74b759901 StaticDependenciesID=5203a7d42f97d6c5497ace0405f497b6 
Number of updated asset objects reloaded before import = 0
Number of asset objects unloaded after import = 0
========================================================================
Received Import Request.
  Time of request: 2026-08-19T16:56:07.2760491Z
  Time since last request: 0.003042 seconds.
  importAddress: GUID: 920c7a6bcbdcb6c4f9efdc8e7b0d450c - Path: Assets/Scripts/Cards/DeckManager.cs - Importer: PreviewImporter
Importing 'GUID: 920c7a6bcbdcb6c4f9efdc8e7b0d450c - Path: Assets/Scripts/Cards/DeckManager.cs - Importer: PreviewImporter' with importer (PreviewImporter)
Imported 'GUID: 920c7a6bcbdcb6c4f9efdc8e7b0d450c' -> (Import Result ID: '0e959202186f839f787fc46568b30f91') in 0.001 seconds [static and dynamic dependencies]. Details - ImportResultOutputID=fc7777b06659fa4a4eacb95880062344 DependenciesID=a6a1c836ca13d0977f834dc74b759901 StaticDependenciesID=5203a7d42f97d6c5497ace0405f497b6 
Number of updated asset objects reloaded before import = 0
Number of asset objects unloaded after import = 0
========================================================================
Received Import Request.
  Time of request: 2026-08-19T16:56:07.3089019Z
  Time since last request: 0.0038607 seconds.
  importAddress: GUID: 920c7a6bcbdcb6c4f9efdc8e7b0d450c - Path: Assets/Scripts/Cards/DeckManager.cs - Importer: PreviewImporter
Importing 'GUID: 920c7a6bcbdcb6c4f9efdc8e7b0d450c - Path: Assets/Scripts/Cards/DeckManager.cs - Importer: PreviewImporter' with importer (PreviewImporter)
Imported 'GUID: 920c7a6bcbdcb6c4f9efdc8e7b0d450c' -> (Import Result ID: '0e959202186f839f787fc46568b30f91') in 0.001 seconds [static and dynamic dependencies]. Details - ImportResultOutputID=fc7777b06659fa4a4eacb95880062344 DependenciesID=a6a1c836ca13d0977f834dc74b759901 StaticDependenciesID=5203a7d42f97d6c5497ace0405f497b6 
Number of updated asset objects reloaded before import = 0
Number of asset objects unloaded after import = 0
========================================================================
Received Import Request.
  Time of request: 2026-08-19T16:56:07.3368725Z
  Time since last request: 0.0005327 seconds.
  importAddress: GUID: 920c7a6bcbdcb6c4f9efdc8e7b0d450c - Path: Assets/Scripts/Cards/DeckManager.cs - Importer: PreviewImporter
Importing 'GUID: 920c7a6bcbdcb6c4f9efdc8e7b0d450c - Path: Assets/Scripts/Cards/DeckManager.cs - Importer: PreviewImporter' with importer (PreviewImporter)
Imported 'GUID: 920c7a6bcbdcb6c4f9efdc8e7b0d450c' -> (Import Result ID: '0e959202186f839f787fc46568b30f91') in 0.001 seconds [static and dynamic dependencies]. Details - ImportResultOutputID=fc7777b06659fa4a4eacb95880062344 DependenciesID=a6a1c836ca13d0977f834dc74b759901 StaticDependenciesID=5203a7d42f97d6c5497ace0405f497b6 
Number of updated asset objects reloaded before import = 0
Number of asset objects unloaded after import = 0
========================================================================
Received Import Request.
  Time of request: 2026-08-19T16:56:07.3665094Z
  Time since last request: 0.0037333 seconds.
  importAddress: GUID: 920c7a6bcbdcb6c4f9efdc8e7b0d450c - Path: Assets/Scripts/Cards/DeckManager.cs - Importer: PreviewImporter
Importing 'GUID: 920c7a6bcbdcb6c4f9efdc8e7b0d450c - Path: Assets/Scripts/Cards/DeckManager.cs - Importer: PreviewImporter' with importer (PreviewImporter)
Imported 'GUID: 920c7a6bcbdcb6c4f9efdc8e7b0d450c' -> (Import Result ID: '0e959202186f839f787fc46568b30f91') in 0.001 seconds [static and dynamic dependencies]. Details - ImportResultOutputID=fc7777b06659fa4a4eacb95880062344 DependenciesID=a6a1c836ca13d0977f834dc74b759901 StaticDependenciesID=5203a7d42f97d6c5497ace0405f497b6 
Number of updated asset objects reloaded before import = 0
Number of asset objects unloaded after import = 0
========================================================================
Received Import Request.
  Time of request: 2026-08-19T16:56:07.3963467Z
  Time since last request: 0.002404 seconds.
  importAddress: GUID: 920c7a6bcbdcb6c4f9efdc8e7b0d450c - Path: Assets/Scripts/Cards/DeckManager.cs - Importer: PreviewImporter
Importing 'GUID: 920c7a6bcbdcb6c4f9efdc8e7b0d450c - Path: Assets/Scripts/Cards/DeckManager.cs - Importer: PreviewImporter' with importer (PreviewImporter)
Imported 'GUID: 920c7a6bcbdcb6c4f9efdc8e7b0d450c' -> (Import Result ID: '0e959202186f839f787fc46568b30f91') in 0.001 seconds [static and dynamic dependencies]. Details - ImportResultOutputID=fc7777b06659fa4a4eacb95880062344 DependenciesID=a6a1c836ca13d0977f834dc74b759901 StaticDependenciesID=5203a7d42f97d6c5497ace0405f497b6 
Number of updated asset objects reloaded before import = 0
Number of asset objects unloaded after import = 0
========================================================================
Received Import Request.
  Time of request: 2026-08-19T16:56:07.4238942Z
  Time since last request: 0.002749 seconds.
  importAddress: GUID: 920c7a6bcbdcb6c4f9efdc8e7b0d450c - Path: Assets/Scripts/Cards/DeckManager.cs - Importer: PreviewImporter
Importing 'GUID: 920c7a6bcbdcb6c4f9efdc8e7b0d450c - Path: Assets/Scripts/Cards/DeckManager.cs - Importer: PreviewImporter' with importer (PreviewImporter)
Imported 'GUID: 920c7a6bcbdcb6c4f9efdc8e7b0d450c' -> (Import Result ID: '0e959202186f839f787fc46568b30f91') in 0.001 seconds [static and dynamic dependencies]. Details - ImportResultOutputID=fc7777b06659fa4a4eacb95880062344 DependenciesID=a6a1c836ca13d0977f834dc74b759901 StaticDependenciesID=5203a7d42f97d6c5497ace0405f497b6 
Number of updated asset objects reloaded before import = 0
Number of asset objects unloaded after import = 0
========================================================================
Received Import Request.
  Time of request: 2026-08-19T16:56:07.4555074Z
  Time since last request: 0.0015759 seconds.
  importAddress: GUID: 920c7a6bcbdcb6c4f9efdc8e7b0d450c - Path: Assets/Scripts/Cards/DeckManager.cs - Importer: PreviewImporter
Importing 'GUID: 920c7a6bcbdcb6c4f9efdc8e7b0d450c - Path: Assets/Scripts/Cards/DeckManager.cs - Importer: PreviewImporter' with importer (PreviewImporter)
Imported 'GUID: 920c7a6bcbdcb6c4f9efdc8e7b0d450c' -> (Import Result ID: '0e959202186f839f787fc46568b30f91') in 0.001 seconds [static and dynamic dependencies]. Details - ImportResultOutputID=fc7777b06659fa4a4eacb95880062344 DependenciesID=a6a1c836ca13d0977f834dc74b759901 StaticDependenciesID=5203a7d42f97d6c5497ace0405f497b6 
Number of updated asset objects reloaded before import = 0
Number of asset objects unloaded after import = 0
========================================================================
Received Import Request.
  Time of request: 2026-08-19T16:56:07.4884449Z
  Time since last request: 0.0024394 seconds.
  importAddress: GUID: 920c7a6bcbdcb6c4f9efdc8e7b0d450c - Path: Assets/Scripts/Cards/DeckManager.cs - Importer: PreviewImporter
Importing 'GUID: 920c7a6bcbdcb6c4f9efdc8e7b0d450c - Path: Assets/Scripts/Cards/DeckManager.cs - Importer: PreviewImporter' with importer (PreviewImporter)
Imported 'GUID: 920c7a6bcbdcb6c4f9efdc8e7b0d450c' -> (Import Result ID: '0e959202186f839f787fc46568b30f91') in 0.001 seconds [static and dynamic dependencies]. Details - ImportResultOutputID=fc7777b06659fa4a4eacb95880062344 DependenciesID=a6a1c836ca13d0977f834dc74b759901 StaticDependenciesID=5203a7d42f97d6c5497ace0405f497b6 
Number of updated asset objects reloaded before import = 0
Number of asset objects unloaded after import = 0
========================================================================
Received Import Request.
  Time of request: 2026-08-19T16:56:07.5200505Z
  Time since last request: 0.0042219 seconds.
  importAddress: GUID: 920c7a6bcbdcb6c4f9efdc8e7b0d450c - Path: Assets/Scripts/Cards/DeckManager.cs - Importer: PreviewImporter
Importing 'GUID: 920c7a6bcbdcb6c4f9efdc8e7b0d450c - Path: Assets/Scripts/Cards/DeckManager.cs - Importer: PreviewImporter' with importer (PreviewImporter)
Imported 'GUID: 920c7a6bcbdcb6c4f9efdc8e7b0d450c' -> (Import Result ID: '0e959202186f839f787fc46568b30f91') in 0.001 seconds [static and dynamic dependencies]. Details - ImportResultOutputID=fc7777b06659fa4a4eacb95880062344 DependenciesID=a6a1c836ca13d0977f834dc74b759901 StaticDependenciesID=5203a7d42f97d6c5497ace0405f497b6 
Number of updated asset objects reloaded before import = 0
Number of asset objects unloaded after import = 0
========================================================================
Received Import Request.
  Time of request: 2026-08-19T16:56:07.5496991Z
  Time since last request: 0.002317 seconds.
  importAddress: GUID: 920c7a6bcbdcb6c4f9efdc8e7b0d450c - Path: Assets/Scripts/Cards/DeckManager.cs - Importer: PreviewImporter
Importing 'GUID: 920c7a6bcbdcb6c4f9efdc8e7b0d450c - Path: Assets/Scripts/Cards/DeckManager.cs - Importer: PreviewImporter' with importer (PreviewImporter)
Imported 'GUID: 920c7a6bcbdcb6c4f9efdc8e7b0d450c' -> (Import Result ID: '0e959202186f839f787fc46568b30f91') in 0.001 seconds [static and dynamic dependencies]. Details - ImportResultOutputID=fc7777b06659fa4a4eacb95880062344 DependenciesID=a6a1c836ca13d0977f834dc74b759901 StaticDependenciesID=5203a7d42f97d6c5497ace0405f497b6 
Number of updated asset objects reloaded before import = 0
Number of asset objects unloaded after import = 0
========================================================================
Received Import Request.
  Time of request: 2026-08-19T16:56:07.579931Z
  Time since last request: 0.0034331 seconds.
  importAddress: GUID: 920c7a6bcbdcb6c4f9efdc8e7b0d450c - Path: Assets/Scripts/Cards/DeckManager.cs - Importer: PreviewImporter
Importing 'GUID: 920c7a6bcbdcb6c4f9efdc8e7b0d450c - Path: Assets/Scripts/Cards/DeckManager.cs - Importer: PreviewImporter' with importer (PreviewImporter)
Imported 'GUID: 920c7a6bcbdcb6c4f9efdc8e7b0d450c' -> (Import Result ID: '0e959202186f839f787fc46568b30f91') in 0.001 seconds [static and dynamic dependencies]. Details - ImportResultOutputID=fc7777b06659fa4a4eacb95880062344 DependenciesID=a6a1c836ca13d0977f834dc74b759901 StaticDependenciesID=5203a7d42f97d6c5497ace0405f497b6 
Number of updated asset objects reloaded before import = 0
Number of asset objects unloaded after import = 0
========================================================================
Received Import Request.
  Time of request: 2026-08-19T16:56:07.6103665Z
  Time since last request: 0.0060493 seconds.
  importAddress: GUID: 920c7a6bcbdcb6c4f9efdc8e7b0d450c - Path: Assets/Scripts/Cards/DeckManager.cs - Importer: PreviewImporter
Importing 'GUID: 920c7a6bcbdcb6c4f9efdc8e7b0d450c - Path: Assets/Scripts/Cards/DeckManager.cs - Importer: PreviewImporter' with importer (PreviewImporter)
Imported 'GUID: 920c7a6bcbdcb6c4f9efdc8e7b0d450c' -> (Import Result ID: '0e959202186f839f787fc46568b30f91') in 0.001 seconds [static and dynamic dependencies]. Details - ImportResultOutputID=fc7777b06659fa4a4eacb95880062344 DependenciesID=a6a1c836ca13d0977f834dc74b759901 StaticDependenciesID=5203a7d42f97d6c5497ace0405f497b6 
Number of updated asset objects reloaded before import = 0
Number of asset objects unloaded after import = 0
========================================================================
Received Import Request.
  Time of request: 2026-08-19T16:56:07.6385934Z
  Time since last request: 0.0006428 seconds.
  importAddress: GUID: 920c7a6bcbdcb6c4f9efdc8e7b0d450c - Path: Assets/Scripts/Cards/DeckManager.cs - Importer: PreviewImporter
Importing 'GUID: 920c7a6bcbdcb6c4f9efdc8e7b0d450c - Path: Assets/Scripts/Cards/DeckManager.cs - Importer: PreviewImporter' with importer (PreviewImporter)
Imported 'GUID: 920c7a6bcbdcb6c4f9efdc8e7b0d450c' -> (Import Result ID: '0e959202186f839f787fc46568b30f91') in 0.001 seconds [static and dynamic dependencies]. Details - ImportResultOutputID=fc7777b06659fa4a4eacb95880062344 DependenciesID=a6a1c836ca13d0977f834dc74b759901 StaticDependenciesID=5203a7d42f97d6c5497ace0405f497b6 
Number of updated asset objects reloaded before import = 0
Number of asset objects unloaded after import = 0
========================================================================
Received Import Request.
  Time of request: 2026-08-19T16:56:07.6674215Z
  Time since last request: 0.0012898 seconds.
  importAddress: GUID: 920c7a6bcbdcb6c4f9efdc8e7b0d450c - Path: Assets/Scripts/Cards/DeckManager.cs - Importer: PreviewImporter
Importing 'GUID: 920c7a6bcbdcb6c4f9efdc8e7b0d450c - Path: Assets/Scripts/Cards/DeckManager.cs - Importer: PreviewImporter' with importer (PreviewImporter)
Imported 'GUID: 920c7a6bcbdcb6c4f9efdc8e7b0d450c' -> (Import Result ID: '0e959202186f839f787fc46568b30f91') in 0.001 seconds [static and dynamic dependencies]. Details - ImportResultOutputID=fc7777b06659fa4a4eacb95880062344 DependenciesID=a6a1c836ca13d0977f834dc74b759901 StaticDependenciesID=5203a7d42f97d6c5497ace0405f497b6 
Number of updated asset objects reloaded before import = 0
Number of asset objects unloaded after import = 0
========================================================================
Received Import Request.
  Time of request: 2026-08-19T16:56:07.6963364Z
  Time since last request: 0.0046655 seconds.
  importAddress: GUID: 920c7a6bcbdcb6c4f9efdc8e7b0d450c - Path: Assets/Scripts/Cards/DeckManager.cs - Importer: PreviewImporter
Importing 'GUID: 920c7a6bcbdcb6c4f9efdc8e7b0d450c - Path: Assets/Scripts/Cards/DeckManager.cs - Importer: PreviewImporter' with importer (PreviewImporter)
Imported 'GUID: 920c7a6bcbdcb6c4f9efdc8e7b0d450c' -> (Import Result ID: '0e959202186f839f787fc46568b30f91') in 0.001 seconds [static and dynamic dependencies]. Details - ImportResultOutputID=fc7777b06659fa4a4eacb95880062344 DependenciesID=a6a1c836ca13d0977f834dc74b759901 StaticDependenciesID=5203a7d42f97d6c5497ace0405f497b6 
Number of updated asset objects reloaded before import = 0
Number of asset objects unloaded after import = 0
========================================================================
Received Import Request.
  Time of request: 2026-08-19T16:56:07.725104Z
  Time since last request: 0.0009917 seconds.
  importAddress: GUID: 920c7a6bcbdcb6c4f9efdc8e7b0d450c - Path: Assets/Scripts/Cards/DeckManager.cs - Importer: PreviewImporter
Importing 'GUID: 920c7a6bcbdcb6c4f9efdc8e7b0d450c - Path: Assets/Scripts/Cards/DeckManager.cs - Importer: PreviewImporter' with importer (PreviewImporter)
Imported 'GUID: 920c7a6bcbdcb6c4f9efdc8e7b0d450c' -> (Import Result ID: '0e959202186f839f787fc46568b30f91') in 0.001 seconds [static and dynamic dependencies]. Details - ImportResultOutputID=fc7777b06659fa4a4eacb95880062344 DependenciesID=a6a1c836ca13d0977f834dc74b759901 StaticDependenciesID=5203a7d42f97d6c5497ace0405f497b6 
Number of updated asset objects reloaded before import = 0
Number of asset objects unloaded after import = 0
========================================================================
Received Import Request.
  Time of request: 2026-08-19T16:56:07.7559948Z
  Time since last request: 0.0038724 seconds.
  importAddress: GUID: 920c7a6bcbdcb6c4f9efdc8e7b0d450c - Path: Assets/Scripts/Cards/DeckManager.cs - Importer: PreviewImporter
Importing 'GUID: 920c7a6bcbdcb6c4f9efdc8e7b0d450c - Path: Assets/Scripts/Cards/DeckManager.cs - Importer: PreviewImporter' with importer (PreviewImporter)
Imported 'GUID: 920c7a6bcbdcb6c4f9efdc8e7b0d450c' -> (Import Result ID: '0e959202186f839f787fc46568b30f91') in 0.001 seconds [static and dynamic dependencies]. Details - ImportResultOutputID=fc7777b06659fa4a4eacb95880062344 DependenciesID=a6a1c836ca13d0977f834dc74b759901 StaticDependenciesID=5203a7d42f97d6c5497ace0405f497b6 
Number of updated asset objects reloaded before import = 0
Number of asset objects unloaded after import = 0
========================================================================
Received Import Request.
  Time of request: 2026-08-19T16:56:07.827089Z
  Time since last request: 0.0009716 seconds.
  importAddress: GUID: 920c7a6bcbdcb6c4f9efdc8e7b0d450c - Path: Assets/Scripts/Cards/DeckManager.cs - Importer: PreviewImporter
Importing 'GUID: 920c7a6bcbdcb6c4f9efdc8e7b0d450c - Path: Assets/Scripts/Cards/DeckManager.cs - Importer: PreviewImporter' with importer (PreviewImporter)
Imported 'GUID: 920c7a6bcbdcb6c4f9efdc8e7b0d450c' -> (Import Result ID: '0e959202186f839f787fc46568b30f91') in 0.001 seconds [static and dynamic dependencies]. Details - ImportResultOutputID=fc7777b06659fa4a4eacb95880062344 DependenciesID=a6a1c836ca13d0977f834dc74b759901 StaticDependenciesID=5203a7d42f97d6c5497ace0405f497b6 
Number of updated asset objects reloaded before import = 0
Number of asset objects unloaded after import = 0
========================================================================
Received Import Request.
  Time of request: 2026-08-19T16:56:07.8580754Z
  Time since last request: 0.0016487 seconds.
  importAddress: GUID: 920c7a6bcbdcb6c4f9efdc8e7b0d450c - Path: Assets/Scripts/Cards/DeckManager.cs - Importer: PreviewImporter
Importing 'GUID: 920c7a6bcbdcb6c4f9efdc8e7b0d450c - Path: Assets/Scripts/Cards/DeckManager.cs - Importer: PreviewImporter' with importer (PreviewImporter)
Imported 'GUID: 920c7a6bcbdcb6c4f9efdc8e7b0d450c' -> (Import Result ID: '0e959202186f839f787fc46568b30f91') in 0.001 seconds [static and dynamic dependencies]. Details - ImportResultOutputID=fc7777b06659fa4a4eacb95880062344 DependenciesID=a6a1c836ca13d0977f834dc74b759901 StaticDependenciesID=5203a7d42f97d6c5497ace0405f497b6 
Number of updated asset objects reloaded before import = 0
Number of asset objects unloaded after import = 0
========================================================================
Received Import Request.
  Time of request: 2026-08-19T16:56:07.8822657Z
  Time since last request: 0.0019514 seconds.
  importAddress: GUID: 920c7a6bcbdcb6c4f9efdc8e7b0d450c - Path: Assets/Scripts/Cards/DeckManager.cs - Importer: PreviewImporter
Importing 'GUID: 920c7a6bcbdcb6c4f9efdc8e7b0d450c - Path: Assets/Scripts/Cards/DeckManager.cs - Importer: PreviewImporter' with importer (PreviewImporter)
Imported 'GUID: 920c7a6bcbdcb6c4f9efdc8e7b0d450c' -> (Import Result ID: '0e959202186f839f787fc46568b30f91') in 0.001 seconds [static and dynamic dependencies]. Details - ImportResultOutputID=fc7777b06659fa4a4eacb95880062344 DependenciesID=a6a1c836ca13d0977f834dc74b759901 StaticDependenciesID=5203a7d42f97d6c5497ace0405f497b6 
Number of updated asset objects reloaded before import = 0
Number of asset objects unloaded after import = 0
========================================================================
Received Import Request.
  Time of request: 2026-08-19T16:56:07.9150655Z
  Time since last request: 0.0021534 seconds.
  importAddress: GUID: 920c7a6bcbdcb6c4f9efdc8e7b0d450c - Path: Assets/Scripts/Cards/DeckManager.cs - Importer: PreviewImporter
Importing 'GUID: 920c7a6bcbdcb6c4f9efdc8e7b0d450c - Path: Assets/Scripts/Cards/DeckManager.cs - Importer: PreviewImporter' with importer (PreviewImporter)
Imported 'GUID: 920c7a6bcbdcb6c4f9efdc8e7b0d450c' -> (Import Result ID: '0e959202186f839f787fc46568b30f91') in 0.001 seconds [static and dynamic dependencies]. Details - ImportResultOutputID=fc7777b06659fa4a4eacb95880062344 DependenciesID=a6a1c836ca13d0977f834dc74b759901 StaticDependenciesID=5203a7d42f97d6c5497ace0405f497b6 
Number of updated asset objects reloaded before import = 0
Number of asset objects unloaded after import = 0
========================================================================
Received Import Request.
  Time of request: 2026-08-19T16:56:07.9450436Z
  Time since last request: 0.0032083 seconds.
  importAddress: GUID: 920c7a6bcbdcb6c4f9efdc8e7b0d450c - Path: Assets/Scripts/Cards/DeckManager.cs - Importer: PreviewImporter
Importing 'GUID: 920c7a6bcbdcb6c4f9efdc8e7b0d450c - Path: Assets/Scripts/Cards/DeckManager.cs - Importer: PreviewImporter' with importer (PreviewImporter)
Imported 'GUID: 920c7a6bcbdcb6c4f9efdc8e7b0d450c' -> (Import Result ID: '0e959202186f839f787fc46568b30f91') in 0.001 seconds [static and dynamic dependencies]. Details - ImportResultOutputID=fc7777b06659fa4a4eacb95880062344 DependenciesID=a6a1c836ca13d0977f834dc74b759901 StaticDependenciesID=5203a7d42f97d6c5497ace0405f497b6 
Number of updated asset objects reloaded before import = 0
Number of asset objects unloaded after import = 0
========================================================================
Received Import Request.
  Time of request: 2026-08-19T16:56:07.9754101Z
  Time since last request: 0.0034982 seconds.
  importAddress: GUID: 920c7a6bcbdcb6c4f9efdc8e7b0d450c - Path: Assets/Scripts/Cards/DeckManager.cs - Importer: PreviewImporter
Importing 'GUID: 920c7a6bcbdcb6c4f9efdc8e7b0d450c - Path: Assets/Scripts/Cards/DeckManager.cs - Importer: PreviewImporter' with importer (PreviewImporter)
Imported 'GUID: 920c7a6bcbdcb6c4f9efdc8e7b0d450c' -> (Import Result ID: '0e959202186f839f787fc46568b30f91') in 0.001 seconds [static and dynamic dependencies]. Details - ImportResultOutputID=fc7777b06659fa4a4eacb95880062344 DependenciesID=a6a1c836ca13d0977f834dc74b759901 StaticDependenciesID=5203a7d42f97d6c5497ace0405f497b6 
Number of updated asset objects reloaded before import = 0
Number of asset objects unloaded after import = 0
========================================================================
Received Import Request.
  Time of request: 2026-08-19T16:56:08.0090534Z
  Time since last request: 0.0027537 seconds.
  importAddress: GUID: 920c7a6bcbdcb6c4f9efdc8e7b0d450c - Path: Assets/Scripts/Cards/DeckManager.cs - Importer: PreviewImporter
Importing 'GUID: 920c7a6bcbdcb6c4f9efdc8e7b0d450c - Path: Assets/Scripts/Cards/DeckManager.cs - Importer: PreviewImporter' with importer (PreviewImporter)
Imported 'GUID: 920c7a6bcbdcb6c4f9efdc8e7b0d450c' -> (Import Result ID: '0e959202186f839f787fc46568b30f91') in 0.001 seconds [static and dynamic dependencies]. Details - ImportResultOutputID=fc7777b06659fa4a4eacb95880062344 DependenciesID=a6a1c836ca13d0977f834dc74b759901 StaticDependenciesID=5203a7d42f97d6c5497ace0405f497b6 
Number of updated asset objects reloaded before import = 0
Number of asset objects unloaded after import = 0
========================================================================
Received Import Request.
  Time of request: 2026-08-19T16:56:08.042418Z
  Time since last request: 0.0047916 seconds.
  importAddress: GUID: 920c7a6bcbdcb6c4f9efdc8e7b0d450c - Path: Assets/Scripts/Cards/DeckManager.cs - Importer: PreviewImporter
Importing 'GUID: 920c7a6bcbdcb6c4f9efdc8e7b0d450c - Path: Assets/Scripts/Cards/DeckManager.cs - Importer: PreviewImporter' with importer (PreviewImporter)
Imported 'GUID: 920c7a6bcbdcb6c4f9efdc8e7b0d450c' -> (Import Result ID: '0e959202186f839f787fc46568b30f91') in 0.001 seconds [static and dynamic dependencies]. Details - ImportResultOutputID=fc7777b06659fa4a4eacb95880062344 DependenciesID=a6a1c836ca13d0977f834dc74b759901 StaticDependenciesID=5203a7d42f97d6c5497ace0405f497b6 
Number of updated asset objects reloaded before import = 0
Number of asset objects unloaded after import = 0
========================================================================
Received Import Request.
  Time of request: 2026-08-19T16:56:08.0772513Z
  Time since last request: 0.0062556 seconds.
  importAddress: GUID: 920c7a6bcbdcb6c4f9efdc8e7b0d450c - Path: Assets/Scripts/Cards/DeckManager.cs - Importer: PreviewImporter
Importing 'GUID: 920c7a6bcbdcb6c4f9efdc8e7b0d450c - Path: Assets/Scripts/Cards/DeckManager.cs - Importer: PreviewImporter' with importer (PreviewImporter)
Imported 'GUID: 920c7a6bcbdcb6c4f9efdc8e7b0d450c' -> (Import Result ID: '0e959202186f839f787fc46568b30f91') in 0.001 seconds [static and dynamic dependencies]. Details - ImportResultOutputID=fc7777b06659fa4a4eacb95880062344 DependenciesID=a6a1c836ca13d0977f834dc74b759901 StaticDependenciesID=5203a7d42f97d6c5497ace0405f497b6 
Number of updated asset objects reloaded before import = 0
Number of asset objects unloaded after import = 0
========================================================================
Received Import Request.
  Time of request: 2026-08-19T16:56:08.1122086Z
  Time since last request: 0.0038656 seconds.
  importAddress: GUID: 920c7a6bcbdcb6c4f9efdc8e7b0d450c - Path: Assets/Scripts/Cards/DeckManager.cs - Importer: PreviewImporter
Importing 'GUID: 920c7a6bcbdcb6c4f9efdc8e7b0d450c - Path: Assets/Scripts/Cards/DeckManager.cs - Importer: PreviewImporter' with importer (PreviewImporter)
Imported 'GUID: 920c7a6bcbdcb6c4f9efdc8e7b0d450c' -> (Import Result ID: '0e959202186f839f787fc46568b30f91') in 0.001 seconds [static and dynamic dependencies]. Details - ImportResultOutputID=fc7777b06659fa4a4eacb95880062344 DependenciesID=a6a1c836ca13d0977f834dc74b759901 StaticDependenciesID=5203a7d42f97d6c5497ace0405f497b6 
Number of updated asset objects reloaded before import = 0
Number of asset objects unloaded after import = 0
========================================================================
Received Import Request.
  Time of request: 2026-08-19T16:56:08.1430676Z
  Time since last request: 0.0031147 seconds.
  importAddress: GUID: 920c7a6bcbdcb6c4f9efdc8e7b0d450c - Path: Assets/Scripts/Cards/DeckManager.cs - Importer: PreviewImporter
Importing 'GUID: 920c7a6bcbdcb6c4f9efdc8e7b0d450c - Path: Assets/Scripts/Cards/DeckManager.cs - Importer: PreviewImporter' with importer (PreviewImporter)
Imported 'GUID: 920c7a6bcbdcb6c4f9efdc8e7b0d450c' -> (Import Result ID: '0e959202186f839f787fc46568b30f91') in 0.001 seconds [static and dynamic dependencies]. Details - ImportResultOutputID=fc7777b06659fa4a4eacb95880062344 DependenciesID=a6a1c836ca13d0977f834dc74b759901 StaticDependenciesID=5203a7d42f97d6c5497ace0405f497b6 
Number of updated asset objects reloaded before import = 0
Number of asset objects unloaded after import = 0
========================================================================
Received Import Request.
  Time of request: 2026-08-19T16:56:08.1712702Z
  Time since last request: 0.000485 seconds.
  importAddress: GUID: 920c7a6bcbdcb6c4f9efdc8e7b0d450c - Path: Assets/Scripts/Cards/DeckManager.cs - Importer: PreviewImporter
Importing 'GUID: 920c7a6bcbdcb6c4f9efdc8e7b0d450c - Path: Assets/Scripts/Cards/DeckManager.cs - Importer: PreviewImporter' with importer (PreviewImporter)
Imported 'GUID: 920c7a6bcbdcb6c4f9efdc8e7b0d450c' -> (Import Result ID: '0e959202186f839f787fc46568b30f91') in 0.001 seconds [static and dynamic dependencies]. Details - ImportResultOutputID=fc7777b06659fa4a4eacb95880062344 DependenciesID=a6a1c836ca13d0977f834dc74b759901 StaticDependenciesID=5203a7d42f97d6c5497ace0405f497b6 
Number of updated asset objects reloaded before import = 0
Number of asset objects unloaded after import = 0
========================================================================
Received Import Request.
  Time of request: 2026-08-19T16:56:08.1998458Z
  Time since last request: 0.0015563 seconds.
  importAddress: GUID: 920c7a6bcbdcb6c4f9efdc8e7b0d450c - Path: Assets/Scripts/Cards/DeckManager.cs - Importer: PreviewImporter
Importing 'GUID: 920c7a6bcbdcb6c4f9efdc8e7b0d450c - Path: Assets/Scripts/Cards/DeckManager.cs - Importer: PreviewImporter' with importer (PreviewImporter)
Imported 'GUID: 920c7a6bcbdcb6c4f9efdc8e7b0d450c' -> (Import Result ID: '0e959202186f839f787fc46568b30f91') in 0.001 seconds [static and dynamic dependencies]. Details - ImportResultOutputID=fc7777b06659fa4a4eacb95880062344 DependenciesID=a6a1c836ca13d0977f834dc74b759901 StaticDependenciesID=5203a7d42f97d6c5497ace0405f497b6 
Number of updated asset objects reloaded before import = 0
Number of asset objects unloaded after import = 0
========================================================================
Received Import Request.
  Time of request: 2026-08-19T16:56:08.2289055Z
  Time since last request: 0.0030153 seconds.
  importAddress: GUID: 920c7a6bcbdcb6c4f9efdc8e7b0d450c - Path: Assets/Scripts/Cards/DeckManager.cs - Importer: PreviewImporter
Importing 'GUID: 920c7a6bcbdcb6c4f9efdc8e7b0d450c - Path: Assets/Scripts/Cards/DeckManager.cs - Importer: PreviewImporter' with importer (PreviewImporter)
Imported 'GUID: 920c7a6bcbdcb6c4f9efdc8e7b0d450c' -> (Import Result ID: '0e959202186f839f787fc46568b30f91') in 0.001 seconds [static and dynamic dependencies]. Details - ImportResultOutputID=fc7777b06659fa4a4eacb95880062344 DependenciesID=a6a1c836ca13d0977f834dc74b759901 StaticDependenciesID=5203a7d42f97d6c5497ace0405f497b6 
Number of updated asset objects reloaded before import = 0
Number of asset objects unloaded after import = 0
========================================================================
Received Import Request.
  Time of request: 2026-08-19T16:56:08.258145Z
  Time since last request: 0.0011683 seconds.
  importAddress: GUID: 920c7a6bcbdcb6c4f9efdc8e7b0d450c - Path: Assets/Scripts/Cards/DeckManager.cs - Importer: PreviewImporter
Importing 'GUID: 920c7a6bcbdcb6c4f9efdc8e7b0d450c - Path: Assets/Scripts/Cards/DeckManager.cs - Importer: PreviewImporter' with importer (PreviewImporter)
Imported 'GUID: 920c7a6bcbdcb6c4f9efdc8e7b0d450c' -> (Import Result ID: '0e959202186f839f787fc46568b30f91') in 0.001 seconds [static and dynamic dependencies]. Details - ImportResultOutputID=fc7777b06659fa4a4eacb95880062344 DependenciesID=a6a1c836ca13d0977f834dc74b759901 StaticDependenciesID=5203a7d42f97d6c5497ace0405f497b6 
Number of updated asset objects reloaded before import = 0
Number of asset objects unloaded after import = 0
========================================================================
Received Import Request.
  Time of request: 2026-08-19T16:56:08.2856571Z
  Time since last request: 0.0025668 seconds.
  importAddress: GUID: 920c7a6bcbdcb6c4f9efdc8e7b0d450c - Path: Assets/Scripts/Cards/DeckManager.cs - Importer: PreviewImporter
Importing 'GUID: 920c7a6bcbdcb6c4f9efdc8e7b0d450c - Path: Assets/Scripts/Cards/DeckManager.cs - Importer: PreviewImporter' with importer (PreviewImporter)
Imported 'GUID: 920c7a6bcbdcb6c4f9efdc8e7b0d450c' -> (Import Result ID: '0e959202186f839f787fc46568b30f91') in 0.001 seconds [static and dynamic dependencies]. Details - ImportResultOutputID=fc7777b06659fa4a4eacb95880062344 DependenciesID=a6a1c836ca13d0977f834dc74b759901 StaticDependenciesID=5203a7d42f97d6c5497ace0405f497b6 
Number of updated asset objects reloaded before import = 0
Number of asset objects unloaded after import = 0
========================================================================
Received Import Request.
  Time of request: 2026-08-19T16:56:08.3131735Z
  Time since last request: 0.001877 seconds.
  importAddress: GUID: 920c7a6bcbdcb6c4f9efdc8e7b0d450c - Path: Assets/Scripts/Cards/DeckManager.cs - Importer: PreviewImporter
Importing 'GUID: 920c7a6bcbdcb6c4f9efdc8e7b0d450c - Path: Assets/Scripts/Cards/DeckManager.cs - Importer: PreviewImporter' with importer (PreviewImporter)
Imported 'GUID: 920c7a6bcbdcb6c4f9efdc8e7b0d450c' -> (Import Result ID: '0e959202186f839f787fc46568b30f91') in 0.001 seconds [static and dynamic dependencies]. Details - ImportResultOutputID=fc7777b06659fa4a4eacb95880062344 DependenciesID=a6a1c836ca13d0977f834dc74b759901 StaticDependenciesID=5203a7d42f97d6c5497ace0405f497b6 
Number of updated asset objects reloaded before import = 0
Number of asset objects unloaded after import = 0
========================================================================
Received Import Request.
  Time of request: 2026-08-19T16:56:08.3398546Z
  Time since last request: 0.0012299 seconds.
  importAddress: GUID: 920c7a6bcbdcb6c4f9efdc8e7b0d450c - Path: Assets/Scripts/Cards/DeckManager.cs - Importer: PreviewImporter
Importing 'GUID: 920c7a6bcbdcb6c4f9efdc8e7b0d450c - Path: Assets/Scripts/Cards/DeckManager.cs - Importer: PreviewImporter' with importer (PreviewImporter)
Imported 'GUID: 920c7a6bcbdcb6c4f9efdc8e7b0d450c' -> (Import Result ID: '0e959202186f839f787fc46568b30f91') in 0.001 seconds [static and dynamic dependencies]. Details - ImportResultOutputID=fc7777b06659fa4a4eacb95880062344 DependenciesID=a6a1c836ca13d0977f834dc74b759901 StaticDependenciesID=5203a7d42f97d6c5497ace0405f497b6 
Number of updated asset objects reloaded before import = 0
Number of asset objects unloaded after import = 0
========================================================================
Received Import Request.
  Time of request: 2026-08-19T16:56:08.3746624Z
  Time since last request: 0.0049098 seconds.
  importAddress: GUID: 920c7a6bcbdcb6c4f9efdc8e7b0d450c - Path: Assets/Scripts/Cards/DeckManager.cs - Importer: PreviewImporter
Importing 'GUID: 920c7a6bcbdcb6c4f9efdc8e7b0d450c - Path: Assets/Scripts/Cards/DeckManager.cs - Importer: PreviewImporter' with importer (PreviewImporter)
Imported 'GUID: 920c7a6bcbdcb6c4f9efdc8e7b0d450c' -> (Import Result ID: '0e959202186f839f787fc46568b30f91') in 0.001 seconds [static and dynamic dependencies]. Details - ImportResultOutputID=fc7777b06659fa4a4eacb95880062344 DependenciesID=a6a1c836ca13d0977f834dc74b759901 StaticDependenciesID=5203a7d42f97d6c5497ace0405f497b6 
Number of updated asset objects reloaded before import = 0
Number of asset objects unloaded after import = 0
========================================================================
Received Import Request.
  Time of request: 2026-08-19T16:56:08.4024989Z
  Time since last request: 0.0041877 seconds.
  importAddress: GUID: 920c7a6bcbdcb6c4f9efdc8e7b0d450c - Path: Assets/Scripts/Cards/DeckManager.cs - Importer: PreviewImporter
Importing 'GUID: 920c7a6bcbdcb6c4f9efdc8e7b0d450c - Path: Assets/Scripts/Cards/DeckManager.cs - Importer: PreviewImporter' with importer (PreviewImporter)
Imported 'GUID: 920c7a6bcbdcb6c4f9efdc8e7b0d450c' -> (Import Result ID: '0e959202186f839f787fc46568b30f91') in 0.001 seconds [static and dynamic dependencies]. Details - ImportResultOutputID=fc7777b06659fa4a4eacb95880062344 DependenciesID=a6a1c836ca13d0977f834dc74b759901 StaticDependenciesID=5203a7d42f97d6c5497ace0405f497b6 
Number of updated asset objects reloaded before import = 0
Number of asset objects unloaded after import = 0
========================================================================
Received Import Request.
  Time of request: 2026-08-19T16:56:08.4337689Z
  Time since last request: 0.0048133 seconds.
  importAddress: GUID: 920c7a6bcbdcb6c4f9efdc8e7b0d450c - Path: Assets/Scripts/Cards/DeckManager.cs - Importer: PreviewImporter
Importing 'GUID: 920c7a6bcbdcb6c4f9efdc8e7b0d450c - Path: Assets/Scripts/Cards/DeckManager.cs - Importer: PreviewImporter' with importer (PreviewImporter)
Imported 'GUID: 920c7a6bcbdcb6c4f9efdc8e7b0d450c' -> (Import Result ID: '0e959202186f839f787fc46568b30f91') in 0.001 seconds [static and dynamic dependencies]. Details - ImportResultOutputID=fc7777b06659fa4a4eacb95880062344 DependenciesID=a6a1c836ca13d0977f834dc74b759901 StaticDependenciesID=5203a7d42f97d6c5497ace0405f497b6 
Number of updated asset objects reloaded before import = 0
Number of asset objects unloaded after import = 0
========================================================================
Received Import Request.
  Time of request: 2026-08-19T16:56:08.4654142Z
  Time since last request: 0.0032926 seconds.
  importAddress: GUID: 920c7a6bcbdcb6c4f9efdc8e7b0d450c - Path: Assets/Scripts/Cards/DeckManager.cs - Importer: PreviewImporter
Importing 'GUID: 920c7a6bcbdcb6c4f9efdc8e7b0d450c - Path: Assets/Scripts/Cards/DeckManager.cs - Importer: PreviewImporter' with importer (PreviewImporter)
Imported 'GUID: 920c7a6bcbdcb6c4f9efdc8e7b0d450c' -> (Import Result ID: '0e959202186f839f787fc46568b30f91') in 0.001 seconds [static and dynamic dependencies]. Details - ImportResultOutputID=fc7777b06659fa4a4eacb95880062344 DependenciesID=a6a1c836ca13d0977f834dc74b759901 StaticDependenciesID=5203a7d42f97d6c5497ace0405f497b6 
Number of updated asset objects reloaded before import = 0
Number of asset objects unloaded after import = 0
========================================================================
Received Import Request.
  Time of request: 2026-08-19T16:56:08.4990705Z
  Time since last request: 0.004781 seconds.
  importAddress: GUID: 920c7a6bcbdcb6c4f9efdc8e7b0d450c - Path: Assets/Scripts/Cards/DeckManager.cs - Importer: PreviewImporter
Importing 'GUID: 920c7a6bcbdcb6c4f9efdc8e7b0d450c - Path: Assets/Scripts/Cards/DeckManager.cs - Importer: PreviewImporter' with importer (PreviewImporter)
Imported 'GUID: 920c7a6bcbdcb6c4f9efdc8e7b0d450c' -> (Import Result ID: '0e959202186f839f787fc46568b30f91') in 0.001 seconds [static and dynamic dependencies]. Details - ImportResultOutputID=fc7777b06659fa4a4eacb95880062344 DependenciesID=a6a1c836ca13d0977f834dc74b759901 StaticDependenciesID=5203a7d42f97d6c5497ace0405f497b6 
Number of updated asset objects reloaded before import = 0
Number of asset objects unloaded after import = 0
========================================================================
Received Import Request.
  Time of request: 2026-08-19T16:56:08.5280666Z
  Time since last request: 0.0033714 seconds.
  importAddress: GUID: 920c7a6bcbdcb6c4f9efdc8e7b0d450c - Path: Assets/Scripts/Cards/DeckManager.cs - Importer: PreviewImporter
Importing 'GUID: 920c7a6bcbdcb6c4f9efdc8e7b0d450c - Path: Assets/Scripts/Cards/DeckManager.cs - Importer: PreviewImporter' with importer (PreviewImporter)
Imported 'GUID: 920c7a6bcbdcb6c4f9efdc8e7b0d450c' -> (Import Result ID: '0e959202186f839f787fc46568b30f91') in 0.001 seconds [static and dynamic dependencies]. Details - ImportResultOutputID=fc7777b06659fa4a4eacb95880062344 DependenciesID=a6a1c836ca13d0977f834dc74b759901 StaticDependenciesID=5203a7d42f97d6c5497ace0405f497b6 
Number of updated asset objects reloaded before import = 0
Number of asset objects unloaded after import = 0
========================================================================
Received Import Request.
  Time of request: 2026-08-19T16:56:08.5591485Z
  Time since last request: 0.0038638 seconds.
  importAddress: GUID: 920c7a6bcbdcb6c4f9efdc8e7b0d450c - Path: Assets/Scripts/Cards/DeckManager.cs - Importer: PreviewImporter
Importing 'GUID: 920c7a6bcbdcb6c4f9efdc8e7b0d450c - Path: Assets/Scripts/Cards/DeckManager.cs - Importer: PreviewImporter' with importer (PreviewImporter)
Imported 'GUID: 920c7a6bcbdcb6c4f9efdc8e7b0d450c' -> (Import Result ID: '0e959202186f839f787fc46568b30f91') in 0.001 seconds [static and dynamic dependencies]. Details - ImportResultOutputID=fc7777b06659fa4a4eacb95880062344 DependenciesID=a6a1c836ca13d0977f834dc74b759901 StaticDependenciesID=5203a7d42f97d6c5497ace0405f497b6 
Number of updated asset objects reloaded before import = 0
Number of asset objects unloaded after import = 0
========================================================================
Received Import Request.
  Time of request: 2026-08-19T16:56:08.6015009Z
  Time since last request: 0.0041156 seconds.
  importAddress: GUID: 920c7a6bcbdcb6c4f9efdc8e7b0d450c - Path: Assets/Scripts/Cards/DeckManager.cs - Importer: PreviewImporter
Importing 'GUID: 920c7a6bcbdcb6c4f9efdc8e7b0d450c - Path: Assets/Scripts/Cards/DeckManager.cs - Importer: PreviewImporter' with importer (PreviewImporter)
Imported 'GUID: 920c7a6bcbdcb6c4f9efdc8e7b0d450c' -> (Import Result ID: '0e959202186f839f787fc46568b30f91') in 0.001 seconds [static and dynamic dependencies]. Details - ImportResultOutputID=fc7777b06659fa4a4eacb95880062344 DependenciesID=a6a1c836ca13d0977f834dc74b759901 StaticDependenciesID=5203a7d42f97d6c5497ace0405f497b6 
Number of updated asset objects reloaded before import = 0
Number of asset objects unloaded after import = 0
========================================================================
Received Import Request.
  Time of request: 2026-08-19T16:56:08.6296977Z
  Time since last request: 0.0019611 seconds.
  importAddress: GUID: 920c7a6bcbdcb6c4f9efdc8e7b0d450c - Path: Assets/Scripts/Cards/DeckManager.cs - Importer: PreviewImporter
Importing 'GUID: 920c7a6bcbdcb6c4f9efdc8e7b0d450c - Path: Assets/Scripts/Cards/DeckManager.cs - Importer: PreviewImporter' with importer (PreviewImporter)
Imported 'GUID: 920c7a6bcbdcb6c4f9efdc8e7b0d450c' -> (Import Result ID: '0e959202186f839f787fc46568b30f91') in 0.001 seconds [static and dynamic dependencies]. Details - ImportResultOutputID=fc7777b06659fa4a4eacb95880062344 DependenciesID=a6a1c836ca13d0977f834dc74b759901 StaticDependenciesID=5203a7d42f97d6c5497ace0405f497b6 
Number of updated asset objects reloaded before import = 0
Number of asset objects unloaded after import = 0
========================================================================
Received Import Request.
  Time of request: 2026-08-19T16:56:08.6625083Z
  Time since last request: 0.0039197 seconds.
  importAddress: GUID: 920c7a6bcbdcb6c4f9efdc8e7b0d450c - Path: Assets/Scripts/Cards/DeckManager.cs - Importer: PreviewImporter
Importing 'GUID: 920c7a6bcbdcb6c4f9efdc8e7b0d450c - Path: Assets/Scripts/Cards/DeckManager.cs - Importer: PreviewImporter' with importer (PreviewImporter)
Imported 'GUID: 920c7a6bcbdcb6c4f9efdc8e7b0d450c' -> (Import Result ID: '0e959202186f839f787fc46568b30f91') in 0.001 seconds [static and dynamic dependencies]. Details - ImportResultOutputID=fc7777b06659fa4a4eacb95880062344 DependenciesID=a6a1c836ca13d0977f834dc74b759901 StaticDependenciesID=5203a7d42f97d6c5497ace0405f497b6 
Number of updated asset objects reloaded before import = 0
Number of asset objects unloaded after import = 0
========================================================================
Received Import Request.
  Time of request: 2026-08-19T16:56:08.694064Z
  Time since last request: 0.003421 seconds.
  importAddress: GUID: 920c7a6bcbdcb6c4f9efdc8e7b0d450c - Path: Assets/Scripts/Cards/DeckManager.cs - Importer: PreviewImporter
Importing 'GUID: 920c7a6bcbdcb6c4f9efdc8e7b0d450c - Path: Assets/Scripts/Cards/DeckManager.cs - Importer: PreviewImporter' with importer (PreviewImporter)
Imported 'GUID: 920c7a6bcbdcb6c4f9efdc8e7b0d450c' -> (Import Result ID: '0e959202186f839f787fc46568b30f91') in 0.001 seconds [static and dynamic dependencies]. Details - ImportResultOutputID=fc7777b06659fa4a4eacb95880062344 DependenciesID=a6a1c836ca13d0977f834dc74b759901 StaticDependenciesID=5203a7d42f97d6c5497ace0405f497b6 
Number of updated asset objects reloaded before import = 0
Number of asset objects unloaded after import = 0
========================================================================
Received Import Request.
  Time of request: 2026-08-19T16:56:08.7261291Z
  Time since last request: 0.0029125 seconds.
  importAddress: GUID: 920c7a6bcbdcb6c4f9efdc8e7b0d450c - Path: Assets/Scripts/Cards/DeckManager.cs - Importer: PreviewImporter
Importing 'GUID: 920c7a6bcbdcb6c4f9efdc8e7b0d450c - Path: Assets/Scripts/Cards/DeckManager.cs - Importer: PreviewImporter' with importer (PreviewImporter)
Imported 'GUID: 920c7a6bcbdcb6c4f9efdc8e7b0d450c' -> (Import Result ID: '0e959202186f839f787fc46568b30f91') in 0.001 seconds [static and dynamic dependencies]. Details - ImportResultOutputID=fc7777b06659fa4a4eacb95880062344 DependenciesID=a6a1c836ca13d0977f834dc74b759901 StaticDependenciesID=5203a7d42f97d6c5497ace0405f497b6 
Number of updated asset objects reloaded before import = 0
Number of asset objects unloaded after import = 0
========================================================================
Received Import Request.
  Time of request: 2026-08-19T16:56:08.7577954Z
  Time since last request: 0.0022854 seconds.
  importAddress: GUID: 920c7a6bcbdcb6c4f9efdc8e7b0d450c - Path: Assets/Scripts/Cards/DeckManager.cs - Importer: PreviewImporter
Importing 'GUID: 920c7a6bcbdcb6c4f9efdc8e7b0d450c - Path: Assets/Scripts/Cards/DeckManager.cs - Importer: PreviewImporter' with importer (PreviewImporter)
Imported 'GUID: 920c7a6bcbdcb6c4f9efdc8e7b0d450c' -> (Import Result ID: '0e959202186f839f787fc46568b30f91') in 0.001 seconds [static and dynamic dependencies]. Details - ImportResultOutputID=fc7777b06659fa4a4eacb95880062344 DependenciesID=a6a1c836ca13d0977f834dc74b759901 StaticDependenciesID=5203a7d42f97d6c5497ace0405f497b6 
Number of updated asset objects reloaded before import = 0
Number of asset objects unloaded after import = 0
========================================================================
Received Import Request.
  Time of request: 2026-08-19T16:56:08.7889837Z
  Time since last request: 0.0036126 seconds.
  importAddress: GUID: 920c7a6bcbdcb6c4f9efdc8e7b0d450c - Path: Assets/Scripts/Cards/DeckManager.cs - Importer: PreviewImporter
Importing 'GUID: 920c7a6bcbdcb6c4f9efdc8e7b0d450c - Path: Assets/Scripts/Cards/DeckManager.cs - Importer: PreviewImporter' with importer (PreviewImporter)
Imported 'GUID: 920c7a6bcbdcb6c4f9efdc8e7b0d450c' -> (Import Result ID: '0e959202186f839f787fc46568b30f91') in 0.001 seconds [static and dynamic dependencies]. Details - ImportResultOutputID=fc7777b06659fa4a4eacb95880062344 DependenciesID=a6a1c836ca13d0977f834dc74b759901 StaticDependenciesID=5203a7d42f97d6c5497ace0405f497b6 
Number of updated asset objects reloaded before import = 0
Number of asset objects unloaded after import = 0
========================================================================
Received Import Request.
  Time of request: 2026-08-19T16:56:08.8261449Z
  Time since last request: 0.0054164 seconds.
  importAddress: GUID: 920c7a6bcbdcb6c4f9efdc8e7b0d450c - Path: Assets/Scripts/Cards/DeckManager.cs - Importer: PreviewImporter
Importing 'GUID: 920c7a6bcbdcb6c4f9efdc8e7b0d450c - Path: Assets/Scripts/Cards/DeckManager.cs - Importer: PreviewImporter' with importer (PreviewImporter)
Imported 'GUID: 920c7a6bcbdcb6c4f9efdc8e7b0d450c' -> (Import Result ID: '0e959202186f839f787fc46568b30f91') in 0.001 seconds [static and dynamic dependencies]. Details - ImportResultOutputID=fc7777b06659fa4a4eacb95880062344 DependenciesID=a6a1c836ca13d0977f834dc74b759901 StaticDependenciesID=5203a7d42f97d6c5497ace0405f497b6 
Number of updated asset objects reloaded before import = 0
Number of asset objects unloaded after import = 0
========================================================================
Received Import Request.
  Time of request: 2026-08-19T16:56:08.857302Z
  Time since last request: 0.0049756 seconds.
  importAddress: GUID: 920c7a6bcbdcb6c4f9efdc8e7b0d450c - Path: Assets/Scripts/Cards/DeckManager.cs - Importer: PreviewImporter
Importing 'GUID: 920c7a6bcbdcb6c4f9efdc8e7b0d450c - Path: Assets/Scripts/Cards/DeckManager.cs - Importer: PreviewImporter' with importer (PreviewImporter)
Imported 'GUID: 920c7a6bcbdcb6c4f9efdc8e7b0d450c' -> (Import Result ID: '0e959202186f839f787fc46568b30f91') in 0.001 seconds [static and dynamic dependencies]. Details - ImportResultOutputID=fc7777b06659fa4a4eacb95880062344 DependenciesID=a6a1c836ca13d0977f834dc74b759901 StaticDependenciesID=5203a7d42f97d6c5497ace0405f497b6 
Number of updated asset objects reloaded before import = 0
Number of asset objects unloaded after import = 0
========================================================================
Received Import Request.
  Time of request: 2026-08-19T16:56:08.8870289Z
  Time since last request: 0.0047973 seconds.
  importAddress: GUID: 920c7a6bcbdcb6c4f9efdc8e7b0d450c - Path: Assets/Scripts/Cards/DeckManager.cs - Importer: PreviewImporter
Importing 'GUID: 920c7a6bcbdcb6c4f9efdc8e7b0d450c - Path: Assets/Scripts/Cards/DeckManager.cs - Importer: PreviewImporter' with importer (PreviewImporter)
Imported 'GUID: 920c7a6bcbdcb6c4f9efdc8e7b0d450c' -> (Import Result ID: '0e959202186f839f787fc46568b30f91') in 0.001 seconds [static and dynamic dependencies]. Details - ImportResultOutputID=fc7777b06659fa4a4eacb95880062344 DependenciesID=a6a1c836ca13d0977f834dc74b759901 StaticDependenciesID=5203a7d42f97d6c5497ace0405f497b6 
Number of updated asset objects reloaded before import = 0
Number of asset objects unloaded after import = 0
========================================================================
Received Import Request.
  Time of request: 2026-08-19T16:56:08.91616Z
  Time since last request: 0.0048855 seconds.
  importAddress: GUID: 920c7a6bcbdcb6c4f9efdc8e7b0d450c - Path: Assets/Scripts/Cards/DeckManager.cs - Importer: PreviewImporter
Importing 'GUID: 920c7a6bcbdcb6c4f9efdc8e7b0d450c - Path: Assets/Scripts/Cards/DeckManager.cs - Importer: PreviewImporter' with importer (PreviewImporter)
Imported 'GUID: 920c7a6bcbdcb6c4f9efdc8e7b0d450c' -> (Import Result ID: '0e959202186f839f787fc46568b30f91') in 0.001 seconds [static and dynamic dependencies]. Details - ImportResultOutputID=fc7777b06659fa4a4eacb95880062344 DependenciesID=a6a1c836ca13d0977f834dc74b759901 StaticDependenciesID=5203a7d42f97d6c5497ace0405f497b6 
Number of updated asset objects reloaded before import = 0
Number of asset objects unloaded after import = 0
========================================================================
Received Import Request.
  Time of request: 2026-08-19T16:56:08.9471319Z
  Time since last request: 0.0035242 seconds.
  importAddress: GUID: 920c7a6bcbdcb6c4f9efdc8e7b0d450c - Path: Assets/Scripts/Cards/DeckManager.cs - Importer: PreviewImporter
Importing 'GUID: 920c7a6bcbdcb6c4f9efdc8e7b0d450c - Path: Assets/Scripts/Cards/DeckManager.cs - Importer: PreviewImporter' with importer (PreviewImporter)
Imported 'GUID: 920c7a6bcbdcb6c4f9efdc8e7b0d450c' -> (Import Result ID: '0e959202186f839f787fc46568b30f91') in 0.001 seconds [static and dynamic dependencies]. Details - ImportResultOutputID=fc7777b06659fa4a4eacb95880062344 DependenciesID=a6a1c836ca13d0977f834dc74b759901 StaticDependenciesID=5203a7d42f97d6c5497ace0405f497b6 
Number of updated asset objects reloaded before import = 0
Number of asset objects unloaded after import = 0
========================================================================
Received Import Request.
  Time of request: 2026-08-19T16:56:08.975353Z
  Time since last request: 0.0006655 seconds.
  importAddress: GUID: 920c7a6bcbdcb6c4f9efdc8e7b0d450c - Path: Assets/Scripts/Cards/DeckManager.cs - Importer: PreviewImporter
Importing 'GUID: 920c7a6bcbdcb6c4f9efdc8e7b0d450c - Path: Assets/Scripts/Cards/DeckManager.cs - Importer: PreviewImporter' with importer (PreviewImporter)
Imported 'GUID: 920c7a6bcbdcb6c4f9efdc8e7b0d450c' -> (Import Result ID: '0e959202186f839f787fc46568b30f91') in 0.001 seconds [static and dynamic dependencies]. Details - ImportResultOutputID=fc7777b06659fa4a4eacb95880062344 DependenciesID=a6a1c836ca13d0977f834dc74b759901 StaticDependenciesID=5203a7d42f97d6c5497ace0405f497b6 
Number of updated asset objects reloaded before import = 0
Number of asset objects unloaded after import = 0
========================================================================
Received Import Request.
  Time of request: 2026-08-19T16:56:09.0066638Z
  Time since last request: 0.0042784 seconds.
  importAddress: GUID: 920c7a6bcbdcb6c4f9efdc8e7b0d450c - Path: Assets/Scripts/Cards/DeckManager.cs - Importer: PreviewImporter
Importing 'GUID: 920c7a6bcbdcb6c4f9efdc8e7b0d450c - Path: Assets/Scripts/Cards/DeckManager.cs - Importer: PreviewImporter' with importer (PreviewImporter)
Imported 'GUID: 920c7a6bcbdcb6c4f9efdc8e7b0d450c' -> (Import Result ID: '0e959202186f839f787fc46568b30f91') in 0.001 seconds [static and dynamic dependencies]. Details - ImportResultOutputID=fc7777b06659fa4a4eacb95880062344 DependenciesID=a6a1c836ca13d0977f834dc74b759901 StaticDependenciesID=5203a7d42f97d6c5497ace0405f497b6 
Number of updated asset objects reloaded before import = 0
Number of asset objects unloaded after import = 0
========================================================================
Received Import Request.
  Time of request: 2026-08-19T16:56:09.0409134Z
  Time since last request: 0.0029039 seconds.
  importAddress: GUID: 920c7a6bcbdcb6c4f9efdc8e7b0d450c - Path: Assets/Scripts/Cards/DeckManager.cs - Importer: PreviewImporter
Importing 'GUID: 920c7a6bcbdcb6c4f9efdc8e7b0d450c - Path: Assets/Scripts/Cards/DeckManager.cs - Importer: PreviewImporter' with importer (PreviewImporter)
Imported 'GUID: 920c7a6bcbdcb6c4f9efdc8e7b0d450c' -> (Import Result ID: '0e959202186f839f787fc46568b30f91') in 0.001 seconds [static and dynamic dependencies]. Details - ImportResultOutputID=fc7777b06659fa4a4eacb95880062344 DependenciesID=a6a1c836ca13d0977f834dc74b759901 StaticDependenciesID=5203a7d42f97d6c5497ace0405f497b6 
Number of updated asset objects reloaded before import = 0
Number of asset objects unloaded after import = 0
========================================================================
Received Import Request.
  Time of request: 2026-08-19T16:56:09.0683557Z
  Time since last request: 0.0022244 seconds.
  importAddress: GUID: 920c7a6bcbdcb6c4f9efdc8e7b0d450c - Path: Assets/Scripts/Cards/DeckManager.cs - Importer: PreviewImporter
Importing 'GUID: 920c7a6bcbdcb6c4f9efdc8e7b0d450c - Path: Assets/Scripts/Cards/DeckManager.cs - Importer: PreviewImporter' with importer (PreviewImporter)
Imported 'GUID: 920c7a6bcbdcb6c4f9efdc8e7b0d450c' -> (Import Result ID: '0e959202186f839f787fc46568b30f91') in 0.001 seconds [static and dynamic dependencies]. Details - ImportResultOutputID=fc7777b06659fa4a4eacb95880062344 DependenciesID=a6a1c836ca13d0977f834dc74b759901 StaticDependenciesID=5203a7d42f97d6c5497ace0405f497b6 
Number of updated asset objects reloaded before import = 0
Number of asset objects unloaded after import = 0
========================================================================
Received Import Request.
  Time of request: 2026-08-19T16:56:09.097069Z
  Time since last request: 0.0047597 seconds.
  importAddress: GUID: 920c7a6bcbdcb6c4f9efdc8e7b0d450c - Path: Assets/Scripts/Cards/DeckManager.cs - Importer: PreviewImporter
Importing 'GUID: 920c7a6bcbdcb6c4f9efdc8e7b0d450c - Path: Assets/Scripts/Cards/DeckManager.cs - Importer: PreviewImporter' with importer (PreviewImporter)
Imported 'GUID: 920c7a6bcbdcb6c4f9efdc8e7b0d450c' -> (Import Result ID: '0e959202186f839f787fc46568b30f91') in 0.001 seconds [static and dynamic dependencies]. Details - ImportResultOutputID=fc7777b06659fa4a4eacb95880062344 DependenciesID=a6a1c836ca13d0977f834dc74b759901 StaticDependenciesID=5203a7d42f97d6c5497ace0405f497b6 
Number of updated asset objects reloaded before import = 0
Number of asset objects unloaded after import = 0
========================================================================
Received Import Request.
  Time of request: 2026-08-19T16:56:09.1254879Z
  Time since last request: 0.0044206 seconds.
  importAddress: GUID: 920c7a6bcbdcb6c4f9efdc8e7b0d450c - Path: Assets/Scripts/Cards/DeckManager.cs - Importer: PreviewImporter
Importing 'GUID: 920c7a6bcbdcb6c4f9efdc8e7b0d450c - Path: Assets/Scripts/Cards/DeckManager.cs - Importer: PreviewImporter' with importer (PreviewImporter)
Imported 'GUID: 920c7a6bcbdcb6c4f9efdc8e7b0d450c' -> (Import Result ID: '0e959202186f839f787fc46568b30f91') in 0.001 seconds [static and dynamic dependencies]. Details - ImportResultOutputID=fc7777b06659fa4a4eacb95880062344 DependenciesID=a6a1c836ca13d0977f834dc74b759901 StaticDependenciesID=5203a7d42f97d6c5497ace0405f497b6 
Number of updated asset objects reloaded before import = 0
Number of asset objects unloaded after import = 0
========================================================================
Received Import Request.
  Time of request: 2026-08-19T16:56:09.1579498Z
  Time since last request: 0.0044972 seconds.
  importAddress: GUID: 920c7a6bcbdcb6c4f9efdc8e7b0d450c - Path: Assets/Scripts/Cards/DeckManager.cs - Importer: PreviewImporter
Importing 'GUID: 920c7a6bcbdcb6c4f9efdc8e7b0d450c - Path: Assets/Scripts/Cards/DeckManager.cs - Importer: PreviewImporter' with importer (PreviewImporter)
Imported 'GUID: 920c7a6bcbdcb6c4f9efdc8e7b0d450c' -> (Import Result ID: '0e959202186f839f787fc46568b30f91') in 0.001 seconds [static and dynamic dependencies]. Details - ImportResultOutputID=fc7777b06659fa4a4eacb95880062344 DependenciesID=a6a1c836ca13d0977f834dc74b759901 StaticDependenciesID=5203a7d42f97d6c5497ace0405f497b6 
Number of updated asset objects reloaded before import = 0
Number of asset objects unloaded after import = 0
========================================================================
Received Import Request.
  Time of request: 2026-08-19T16:56:09.1952565Z
  Time since last request: 0.0038173 seconds.
  importAddress: GUID: 920c7a6bcbdcb6c4f9efdc8e7b0d450c - Path: Assets/Scripts/Cards/DeckManager.cs - Importer: PreviewImporter
Importing 'GUID: 920c7a6bcbdcb6c4f9efdc8e7b0d450c - Path: Assets/Scripts/Cards/DeckManager.cs - Importer: PreviewImporter' with importer (PreviewImporter)
Imported 'GUID: 920c7a6bcbdcb6c4f9efdc8e7b0d450c' -> (Import Result ID: '0e959202186f839f787fc46568b30f91') in 0.001 seconds [static and dynamic dependencies]. Details - ImportResultOutputID=fc7777b06659fa4a4eacb95880062344 DependenciesID=a6a1c836ca13d0977f834dc74b759901 StaticDependenciesID=5203a7d42f97d6c5497ace0405f497b6 
Number of updated asset objects reloaded before import = 0
Number of asset objects unloaded after import = 0
========================================================================
Received Import Request.
  Time of request: 2026-08-19T16:56:09.2251509Z
  Time since last request: 0.0027004 seconds.
  importAddress: GUID: 920c7a6bcbdcb6c4f9efdc8e7b0d450c - Path: Assets/Scripts/Cards/DeckManager.cs - Importer: PreviewImporter
Importing 'GUID: 920c7a6bcbdcb6c4f9efdc8e7b0d450c - Path: Assets/Scripts/Cards/DeckManager.cs - Importer: PreviewImporter' with importer (PreviewImporter)
Imported 'GUID: 920c7a6bcbdcb6c4f9efdc8e7b0d450c' -> (Import Result ID: '0e959202186f839f787fc46568b30f91') in 0.001 seconds [static and dynamic dependencies]. Details - ImportResultOutputID=fc7777b06659fa4a4eacb95880062344 DependenciesID=a6a1c836ca13d0977f834dc74b759901 StaticDependenciesID=5203a7d42f97d6c5497ace0405f497b6 
Number of updated asset objects reloaded before import = 0
Number of asset objects unloaded after import = 0
========================================================================
Received Import Request.
  Time of request: 2026-08-19T16:56:09.2494858Z
  Time since last request: 0.0004565 seconds.
  importAddress: GUID: 920c7a6bcbdcb6c4f9efdc8e7b0d450c - Path: Assets/Scripts/Cards/DeckManager.cs - Importer: PreviewImporter
Importing 'GUID: 920c7a6bcbdcb6c4f9efdc8e7b0d450c - Path: Assets/Scripts/Cards/DeckManager.cs - Importer: PreviewImporter' with importer (PreviewImporter)
Imported 'GUID: 920c7a6bcbdcb6c4f9efdc8e7b0d450c' -> (Import Result ID: '0e959202186f839f787fc46568b30f91') in 0.001 seconds [static and dynamic dependencies]. Details - ImportResultOutputID=fc7777b06659fa4a4eacb95880062344 DependenciesID=a6a1c836ca13d0977f834dc74b759901 StaticDependenciesID=5203a7d42f97d6c5497ace0405f497b6 
Number of updated asset objects reloaded before import = 0
Number of asset objects unloaded after import = 0
========================================================================
Received Import Request.
  Time of request: 2026-08-19T16:56:09.2785243Z
  Time since last request: 0.0034148 seconds.
  importAddress: GUID: 920c7a6bcbdcb6c4f9efdc8e7b0d450c - Path: Assets/Scripts/Cards/DeckManager.cs - Importer: PreviewImporter
Importing 'GUID: 920c7a6bcbdcb6c4f9efdc8e7b0d450c - Path: Assets/Scripts/Cards/DeckManager.cs - Importer: PreviewImporter' with importer (PreviewImporter)
Imported 'GUID: 920c7a6bcbdcb6c4f9efdc8e7b0d450c' -> (Import Result ID: '0e959202186f839f787fc46568b30f91') in 0.001 seconds [static and dynamic dependencies]. Details - ImportResultOutputID=fc7777b06659fa4a4eacb95880062344 DependenciesID=a6a1c836ca13d0977f834dc74b759901 StaticDependenciesID=5203a7d42f97d6c5497ace0405f497b6 
Number of updated asset objects reloaded before import = 0
Number of asset objects unloaded after import = 0
========================================================================
Received Import Request.
  Time of request: 2026-08-19T16:56:09.3032282Z
  Time since last request: 0.0007935 seconds.
  importAddress: GUID: 920c7a6bcbdcb6c4f9efdc8e7b0d450c - Path: Assets/Scripts/Cards/DeckManager.cs - Importer: PreviewImporter
Importing 'GUID: 920c7a6bcbdcb6c4f9efdc8e7b0d450c - Path: Assets/Scripts/Cards/DeckManager.cs - Importer: PreviewImporter' with importer (PreviewImporter)
Imported 'GUID: 920c7a6bcbdcb6c4f9efdc8e7b0d450c' -> (Import Result ID: '0e959202186f839f787fc46568b30f91') in 0.001 seconds [static and dynamic dependencies]. Details - ImportResultOutputID=fc7777b06659fa4a4eacb95880062344 DependenciesID=a6a1c836ca13d0977f834dc74b759901 StaticDependenciesID=5203a7d42f97d6c5497ace0405f497b6 
Number of updated asset objects reloaded before import = 0
Number of asset objects unloaded after import = 0
========================================================================
Received Import Request.
  Time of request: 2026-08-19T16:56:09.3342805Z
  Time since last request: 0.0050306 seconds.
  importAddress: GUID: 920c7a6bcbdcb6c4f9efdc8e7b0d450c - Path: Assets/Scripts/Cards/DeckManager.cs - Importer: PreviewImporter
Importing 'GUID: 920c7a6bcbdcb6c4f9efdc8e7b0d450c - Path: Assets/Scripts/Cards/DeckManager.cs - Importer: PreviewImporter' with importer (PreviewImporter)
Imported 'GUID: 920c7a6bcbdcb6c4f9efdc8e7b0d450c' -> (Import Result ID: '0e959202186f839f787fc46568b30f91') in 0.001 seconds [static and dynamic dependencies]. Details - ImportResultOutputID=fc7777b06659fa4a4eacb95880062344 DependenciesID=a6a1c836ca13d0977f834dc74b759901 StaticDependenciesID=5203a7d42f97d6c5497ace0405f497b6 
Number of updated asset objects reloaded before import = 0
Number of asset objects unloaded after import = 0
========================================================================
Received Import Request.
  Time of request: 2026-08-19T16:56:09.3682113Z
  Time since last request: 0.0049131 seconds.
  importAddress: GUID: 920c7a6bcbdcb6c4f9efdc8e7b0d450c - Path: Assets/Scripts/Cards/DeckManager.cs - Importer: PreviewImporter
Importing 'GUID: 920c7a6bcbdcb6c4f9efdc8e7b0d450c - Path: Assets/Scripts/Cards/DeckManager.cs - Importer: PreviewImporter' with importer (PreviewImporter)
Imported 'GUID: 920c7a6bcbdcb6c4f9efdc8e7b0d450c' -> (Import Result ID: '0e959202186f839f787fc46568b30f91') in 0.001 seconds [static and dynamic dependencies]. Details - ImportResultOutputID=fc7777b06659fa4a4eacb95880062344 DependenciesID=a6a1c836ca13d0977f834dc74b759901 StaticDependenciesID=5203a7d42f97d6c5497ace0405f497b6 
Number of updated asset objects reloaded before import = 0
Number of asset objects unloaded after import = 0
========================================================================
Received Import Request.
  Time of request: 2026-08-19T16:56:09.3944515Z
  Time since last request: 0.0011087 seconds.
  importAddress: GUID: 920c7a6bcbdcb6c4f9efdc8e7b0d450c - Path: Assets/Scripts/Cards/DeckManager.cs - Importer: PreviewImporter
Importing 'GUID: 920c7a6bcbdcb6c4f9efdc8e7b0d450c - Path: Assets/Scripts/Cards/DeckManager.cs - Importer: PreviewImporter' with importer (PreviewImporter)
Imported 'GUID: 920c7a6bcbdcb6c4f9efdc8e7b0d450c' -> (Import Result ID: '0e959202186f839f787fc46568b30f91') in 0.001 seconds [static and dynamic dependencies]. Details - ImportResultOutputID=fc7777b06659fa4a4eacb95880062344 DependenciesID=a6a1c836ca13d0977f834dc74b759901 StaticDependenciesID=5203a7d42f97d6c5497ace0405f497b6 
Number of updated asset objects reloaded before import = 0
Number of asset objects unloaded after import = 0
========================================================================
Received Import Request.
  Time of request: 2026-08-19T16:56:09.4282421Z
  Time since last request: 0.0027974 seconds.
  importAddress: GUID: 920c7a6bcbdcb6c4f9efdc8e7b0d450c - Path: Assets/Scripts/Cards/DeckManager.cs - Importer: PreviewImporter
Importing 'GUID: 920c7a6bcbdcb6c4f9efdc8e7b0d450c - Path: Assets/Scripts/Cards/DeckManager.cs - Importer: PreviewImporter' with importer (PreviewImporter)
Imported 'GUID: 920c7a6bcbdcb6c4f9efdc8e7b0d450c' -> (Import Result ID: '0e959202186f839f787fc46568b30f91') in 0.001 seconds [static and dynamic dependencies]. Details - ImportResultOutputID=fc7777b06659fa4a4eacb95880062344 DependenciesID=a6a1c836ca13d0977f834dc74b759901 StaticDependenciesID=5203a7d42f97d6c5497ace0405f497b6 
Number of updated asset objects reloaded before import = 0
Number of asset objects unloaded after import = 0
========================================================================
Received Import Request.
  Time of request: 2026-08-19T16:56:09.4603484Z
  Time since last request: 0.0007267 seconds.
  importAddress: GUID: 920c7a6bcbdcb6c4f9efdc8e7b0d450c - Path: Assets/Scripts/Cards/DeckManager.cs - Importer: PreviewImporter
Importing 'GUID: 920c7a6bcbdcb6c4f9efdc8e7b0d450c - Path: Assets/Scripts/Cards/DeckManager.cs - Importer: PreviewImporter' with importer (PreviewImporter)
Imported 'GUID: 920c7a6bcbdcb6c4f9efdc8e7b0d450c' -> (Import Result ID: '0e959202186f839f787fc46568b30f91') in 0.001 seconds [static and dynamic dependencies]. Details - ImportResultOutputID=fc7777b06659fa4a4eacb95880062344 DependenciesID=a6a1c836ca13d0977f834dc74b759901 StaticDependenciesID=5203a7d42f97d6c5497ace0405f497b6 
Number of updated asset objects reloaded before import = 0
Number of asset objects unloaded after import = 0
========================================================================
Received Import Request.
  Time of request: 2026-08-19T16:56:09.4874784Z
  Time since last request: 0.0016363 seconds.
  importAddress: GUID: 920c7a6bcbdcb6c4f9efdc8e7b0d450c - Path: Assets/Scripts/Cards/DeckManager.cs - Importer: PreviewImporter
Importing 'GUID: 920c7a6bcbdcb6c4f9efdc8e7b0d450c - Path: Assets/Scripts/Cards/DeckManager.cs - Importer: PreviewImporter' with importer (PreviewImporter)
Imported 'GUID: 920c7a6bcbdcb6c4f9efdc8e7b0d450c' -> (Import Result ID: '0e959202186f839f787fc46568b30f91') in 0.001 seconds [static and dynamic dependencies]. Details - ImportResultOutputID=fc7777b06659fa4a4eacb95880062344 DependenciesID=a6a1c836ca13d0977f834dc74b759901 StaticDependenciesID=5203a7d42f97d6c5497ace0405f497b6 
Number of updated asset objects reloaded before import = 0
Number of asset objects unloaded after import = 0
========================================================================
Received Import Request.
  Time of request: 2026-08-19T16:56:09.5247685Z
  Time since last request: 0.0044105 seconds.
  importAddress: GUID: 920c7a6bcbdcb6c4f9efdc8e7b0d450c - Path: Assets/Scripts/Cards/DeckManager.cs - Importer: PreviewImporter
Importing 'GUID: 920c7a6bcbdcb6c4f9efdc8e7b0d450c - Path: Assets/Scripts/Cards/DeckManager.cs - Importer: PreviewImporter' with importer (PreviewImporter)
Imported 'GUID: 920c7a6bcbdcb6c4f9efdc8e7b0d450c' -> (Import Result ID: '0e959202186f839f787fc46568b30f91') in 0.001 seconds [static and dynamic dependencies]. Details - ImportResultOutputID=fc7777b06659fa4a4eacb95880062344 DependenciesID=a6a1c836ca13d0977f834dc74b759901 StaticDependenciesID=5203a7d42f97d6c5497ace0405f497b6 
Number of updated asset objects reloaded before import = 0
Number of asset objects unloaded after import = 0
========================================================================
Received Import Request.
  Time of request: 2026-08-19T16:56:09.5555039Z
  Time since last request: 0.0027895 seconds.
  importAddress: GUID: 920c7a6bcbdcb6c4f9efdc8e7b0d450c - Path: Assets/Scripts/Cards/DeckManager.cs - Importer: PreviewImporter
Importing 'GUID: 920c7a6bcbdcb6c4f9efdc8e7b0d450c - Path: Assets/Scripts/Cards/DeckManager.cs - Importer: PreviewImporter' with importer (PreviewImporter)
Imported 'GUID: 920c7a6bcbdcb6c4f9efdc8e7b0d450c' -> (Import Result ID: '0e959202186f839f787fc46568b30f91') in 0.001 seconds [static and dynamic dependencies]. Details - ImportResultOutputID=fc7777b06659fa4a4eacb95880062344 DependenciesID=a6a1c836ca13d0977f834dc74b759901 StaticDependenciesID=5203a7d42f97d6c5497ace0405f497b6 
Number of updated asset objects reloaded before import = 0
Number of asset objects unloaded after import = 0
========================================================================
Received Import Request.
  Time of request: 2026-08-19T16:56:09.5786376Z
  Time since last request: 0.0006277 seconds.
  importAddress: GUID: 920c7a6bcbdcb6c4f9efdc8e7b0d450c - Path: Assets/Scripts/Cards/DeckManager.cs - Importer: PreviewImporter
Importing 'GUID: 920c7a6bcbdcb6c4f9efdc8e7b0d450c - Path: Assets/Scripts/Cards/DeckManager.cs - Importer: PreviewImporter' with importer (PreviewImporter)
Imported 'GUID: 920c7a6bcbdcb6c4f9efdc8e7b0d450c' -> (Import Result ID: '0e959202186f839f787fc46568b30f91') in 0.001 seconds [static and dynamic dependencies]. Details - ImportResultOutputID=fc7777b06659fa4a4eacb95880062344 DependenciesID=a6a1c836ca13d0977f834dc74b759901 StaticDependenciesID=5203a7d42f97d6c5497ace0405f497b6 
Number of updated asset objects reloaded before import = 0
Number of asset objects unloaded after import = 0
========================================================================
Received Import Request.
  Time of request: 2026-08-19T16:56:09.6062705Z
  Time since last request: 0.002765 seconds.
  importAddress: GUID: 920c7a6bcbdcb6c4f9efdc8e7b0d450c - Path: Assets/Scripts/Cards/DeckManager.cs - Importer: PreviewImporter
Importing 'GUID: 920c7a6bcbdcb6c4f9efdc8e7b0d450c - Path: Assets/Scripts/Cards/DeckManager.cs - Importer: PreviewImporter' with importer (PreviewImporter)
Imported 'GUID: 920c7a6bcbdcb6c4f9efdc8e7b0d450c' -> (Import Result ID: '0e959202186f839f787fc46568b30f91') in 0.001 seconds [static and dynamic dependencies]. Details - ImportResultOutputID=fc7777b06659fa4a4eacb95880062344 DependenciesID=a6a1c836ca13d0977f834dc74b759901 StaticDependenciesID=5203a7d42f97d6c5497ace0405f497b6 
Number of updated asset objects reloaded before import = 0
Number of asset objects unloaded after import = 0
========================================================================
Received Import Request.
  Time of request: 2026-08-19T16:56:09.6368406Z
  Time since last request: 0.0005154 seconds.
  importAddress: GUID: 920c7a6bcbdcb6c4f9efdc8e7b0d450c - Path: Assets/Scripts/Cards/DeckManager.cs - Importer: PreviewImporter
Importing 'GUID: 920c7a6bcbdcb6c4f9efdc8e7b0d450c - Path: Assets/Scripts/Cards/DeckManager.cs - Importer: PreviewImporter' with importer (PreviewImporter)
Imported 'GUID: 920c7a6bcbdcb6c4f9efdc8e7b0d450c' -> (Import Result ID: '0e959202186f839f787fc46568b30f91') in 0.001 seconds [static and dynamic dependencies]. Details - ImportResultOutputID=fc7777b06659fa4a4eacb95880062344 DependenciesID=a6a1c836ca13d0977f834dc74b759901 StaticDependenciesID=5203a7d42f97d6c5497ace0405f497b6 
Number of updated asset objects reloaded before import = 0
Number of asset objects unloaded after import = 0
========================================================================
Received Import Request.
  Time of request: 2026-08-19T16:56:09.6633075Z
  Time since last request: 0.0024494 seconds.
  importAddress: GUID: 920c7a6bcbdcb6c4f9efdc8e7b0d450c - Path: Assets/Scripts/Cards/DeckManager.cs - Importer: PreviewImporter
Importing 'GUID: 920c7a6bcbdcb6c4f9efdc8e7b0d450c - Path: Assets/Scripts/Cards/DeckManager.cs - Importer: PreviewImporter' with importer (PreviewImporter)
Imported 'GUID: 920c7a6bcbdcb6c4f9efdc8e7b0d450c' -> (Import Result ID: '0e959202186f839f787fc46568b30f91') in 0.001 seconds [static and dynamic dependencies]. Details - ImportResultOutputID=fc7777b06659fa4a4eacb95880062344 DependenciesID=a6a1c836ca13d0977f834dc74b759901 StaticDependenciesID=5203a7d42f97d6c5497ace0405f497b6 
Number of updated asset objects reloaded before import = 0
Number of asset objects unloaded after import = 0
========================================================================
Received Import Request.
  Time of request: 2026-08-19T16:56:09.6942823Z
  Time since last request: 0.0026543 seconds.
  importAddress: GUID: 920c7a6bcbdcb6c4f9efdc8e7b0d450c - Path: Assets/Scripts/Cards/DeckManager.cs - Importer: PreviewImporter
Importing 'GUID: 920c7a6bcbdcb6c4f9efdc8e7b0d450c - Path: Assets/Scripts/Cards/DeckManager.cs - Importer: PreviewImporter' with importer (PreviewImporter)
Imported 'GUID: 920c7a6bcbdcb6c4f9efdc8e7b0d450c' -> (Import Result ID: '0e959202186f839f787fc46568b30f91') in 0.001 seconds [static and dynamic dependencies]. Details - ImportResultOutputID=fc7777b06659fa4a4eacb95880062344 DependenciesID=a6a1c836ca13d0977f834dc74b759901 StaticDependenciesID=5203a7d42f97d6c5497ace0405f497b6 
Number of updated asset objects reloaded before import = 0
Number of asset objects unloaded after import = 0
========================================================================
Received Import Request.
  Time of request: 2026-08-19T16:56:09.7263385Z
  Time since last request: 0.0039562 seconds.
  importAddress: GUID: 920c7a6bcbdcb6c4f9efdc8e7b0d450c - Path: Assets/Scripts/Cards/DeckManager.cs - Importer: PreviewImporter
Importing 'GUID: 920c7a6bcbdcb6c4f9efdc8e7b0d450c - Path: Assets/Scripts/Cards/DeckManager.cs - Importer: PreviewImporter' with importer (PreviewImporter)
Imported 'GUID: 920c7a6bcbdcb6c4f9efdc8e7b0d450c' -> (Import Result ID: '0e959202186f839f787fc46568b30f91') in 0.001 seconds [static and dynamic dependencies]. Details - ImportResultOutputID=fc7777b06659fa4a4eacb95880062344 DependenciesID=a6a1c836ca13d0977f834dc74b759901 StaticDependenciesID=5203a7d42f97d6c5497ace0405f497b6 
Number of updated asset objects reloaded before import = 0
Number of asset objects unloaded after import = 0
========================================================================
Received Import Request.
  Time of request: 2026-08-19T16:56:09.7545396Z
  Time since last request: 0.0024938 seconds.
  importAddress: GUID: 920c7a6bcbdcb6c4f9efdc8e7b0d450c - Path: Assets/Scripts/Cards/DeckManager.cs - Importer: PreviewImporter
Importing 'GUID: 920c7a6bcbdcb6c4f9efdc8e7b0d450c - Path: Assets/Scripts/Cards/DeckManager.cs - Importer: PreviewImporter' with importer (PreviewImporter)
Imported 'GUID: 920c7a6bcbdcb6c4f9efdc8e7b0d450c' -> (Import Result ID: '0e959202186f839f787fc46568b30f91') in 0.001 seconds [static and dynamic dependencies]. Details - ImportResultOutputID=fc7777b06659fa4a4eacb95880062344 DependenciesID=a6a1c836ca13d0977f834dc74b759901 StaticDependenciesID=5203a7d42f97d6c5497ace0405f497b6 
Number of updated asset objects reloaded before import = 0
Number of asset objects unloaded after import = 0
========================================================================
Received Import Request.
  Time of request: 2026-08-19T16:56:09.7821695Z
  Time since last request: 0.002728 seconds.
  importAddress: GUID: 920c7a6bcbdcb6c4f9efdc8e7b0d450c - Path: Assets/Scripts/Cards/DeckManager.cs - Importer: PreviewImporter
Importing 'GUID: 920c7a6bcbdcb6c4f9efdc8e7b0d450c - Path: Assets/Scripts/Cards/DeckManager.cs - Importer: PreviewImporter' with importer (PreviewImporter)
Imported 'GUID: 920c7a6bcbdcb6c4f9efdc8e7b0d450c' -> (Import Result ID: '0e959202186f839f787fc46568b30f91') in 0.001 seconds [static and dynamic dependencies]. Details - ImportResultOutputID=fc7777b06659fa4a4eacb95880062344 DependenciesID=a6a1c836ca13d0977f834dc74b759901 StaticDependenciesID=5203a7d42f97d6c5497ace0405f497b6 
Number of updated asset objects reloaded before import = 0
Number of asset objects unloaded after import = 0
========================================================================
Received Import Request.
  Time of request: 2026-08-19T16:56:09.8108228Z
  Time since last request: 0.0006159 seconds.
  importAddress: GUID: 920c7a6bcbdcb6c4f9efdc8e7b0d450c - Path: Assets/Scripts/Cards/DeckManager.cs - Importer: PreviewImporter
Importing 'GUID: 920c7a6bcbdcb6c4f9efdc8e7b0d450c - Path: Assets/Scripts/Cards/DeckManager.cs - Importer: PreviewImporter' with importer (PreviewImporter)
Imported 'GUID: 920c7a6bcbdcb6c4f9efdc8e7b0d450c' -> (Import Result ID: '0e959202186f839f787fc46568b30f91') in 0.001 seconds [static and dynamic dependencies]. Details - ImportResultOutputID=fc7777b06659fa4a4eacb95880062344 DependenciesID=a6a1c836ca13d0977f834dc74b759901 StaticDependenciesID=5203a7d42f97d6c5497ace0405f497b6 
Number of updated asset objects reloaded before import = 0
Number of asset objects unloaded after import = 0
========================================================================
Received Import Request.
  Time of request: 2026-08-19T16:56:09.8412509Z
  Time since last request: 0.0042778 seconds.
  importAddress: GUID: 920c7a6bcbdcb6c4f9efdc8e7b0d450c - Path: Assets/Scripts/Cards/DeckManager.cs - Importer: PreviewImporter
Importing 'GUID: 920c7a6bcbdcb6c4f9efdc8e7b0d450c - Path: Assets/Scripts/Cards/DeckManager.cs - Importer: PreviewImporter' with importer (PreviewImporter)
Imported 'GUID: 920c7a6bcbdcb6c4f9efdc8e7b0d450c' -> (Import Result ID: '0e959202186f839f787fc46568b30f91') in 0.001 seconds [static and dynamic dependencies]. Details - ImportResultOutputID=fc7777b06659fa4a4eacb95880062344 DependenciesID=a6a1c836ca13d0977f834dc74b759901 StaticDependenciesID=5203a7d42f97d6c5497ace0405f497b6 
Number of updated asset objects reloaded before import = 0
Number of asset objects unloaded after import = 0
========================================================================
Received Prepare
AcceleratorClientConnectionCallback - disconnected - :0
[Licensing::Client] Successfully resolved entitlement details
Begin MonoManager ReloadAssembly
Symbol file LoadedFromMemory is not a mono symbol file
Symbol file LoadedFromMemory is not a mono symbol file
Refreshing native plugins compatible for Editor in 8.22 ms, found 6 plugins.
Native extension for WindowsStandalone target not found
Native extension for WebGL target not found
[Package Manager] Failed to launch server process. Reason: Unity was launched with the -noUpm command-line argument
[Package Manager] Unable to send message (not connected to server process).
[Package Manager] Cannot connect to Unity Package Manager local server
Refreshing native plugins compatible for Editor in 19.64 ms, found 6 plugins.
[Package Manager] Failed to launch server process. Reason: Unity was launched with the -noUpm command-line argument
[Package Manager] Unable to send message (not connected to server process).
[Package Manager] Cannot connect to Unity Package Manager local server
[Licensing::Client] Error: Code 404 while processing request (status: Found 0 entitlement groups and 0 free entitlements matching requested entitlement ids)
ScheduleIndexationOnStartup MainProcess:False IndexOnStartup:True
Mono: successfully reloaded assembly
- Finished resetting the current domain, in  4.819 seconds
Domain Reload Profiling: 8068ms
	BeginReloadAssembly (714ms)
		DisableScriptedObjects (83ms)
		CreateAndSetChildDomain (232ms)
	RebuildCommonClasses (23ms)
	RebuildNativeTypeToScriptingClass (32ms)
	initialDomainReloadingComplete (257ms)
	LoadAllAssembliesAndSetupDomain (2222ms)
		LoadAssemblies (1132ms)
		AnalyzeDomain (967ms)
			TypeCache.Refresh (36ms)
			BuildScriptInfoCaches (916ms)
			ResolveRequiredComponents (12ms)
	FinalizeReload (4821ms)
		SetupLoadedEditorAssemblies (0ms)
			InitializePlatformSupportModulesInManaged (5ms)
			BeforeProcessingInitializeOnLoad (348ms)
			ProcessInitializeOnLoadAttributes (2170ms)
			ProcessInitializeOnLoadMethodAttributes (1490ms)
			AfterProcessingInitializeOnLoad (20ms)
			EditorAssembliesLoaded (3ms)
		AwakeInstancesAfterBackupRestoration (107ms)
Refreshing native plugins compatible for Editor in 14.34 ms, found 6 plugins.
Unloading 65 Unused Serialized files (Serialized files now loaded: 0)
Unloading 13200 unused Assets / (22.2 MB). Loaded Objects now: 14263.
Memory consumption went from 0.54 GB to 0.52 GB.
Total: 72.499300 ms (FindLiveObjects: 3.037500 ms CreateObjectMapping: 15.095100 ms MarkObjects: 40.030500 ms  DeleteObjects: 14.333400 ms)

Prepare: number of updated asset objects reloaded= 0
========================================================================
Received Import Request.
  Time of request: 2026-08-19T16:56:30.8387005Z
  Time since last request: 20.9713965 seconds.
  importAddress: GUID: 920c7a6bcbdcb6c4f9efdc8e7b0d450c - Path: Assets/Scripts/Cards/DeckManager.cs - Importer: PreviewImporter
Importing 'GUID: 920c7a6bcbdcb6c4f9efdc8e7b0d450c - Path: Assets/Scripts/Cards/DeckManager.cs - Importer: PreviewImporter' with importer (PreviewImporter)
Imported 'GUID: 920c7a6bcbdcb6c4f9efdc8e7b0d450c' -> (Import Result ID: '5b241b7340f79fdf3d70cfe576350b2a') in 0.002 seconds [static and dynamic dependencies]. Details - ImportResultOutputID=fc7777b06659fa4a4eacb95880062344 DependenciesID=589dde7f7a465f4e97e6953fb3cec876 StaticDependenciesID=5203a7d42f97d6c5497ace0405f497b6 
Number of updated asset objects reloaded before import = 0
Number of asset objects unloaded after import = 0
========================================================================
Received Prepare
AcceleratorClientConnectionCallback - disconnected - :0
Refreshing native plugins compatible for Editor in 14.53 ms, found 6 plugins.
Unloading 65 Unused Serialized files (Serialized files now loaded: 0)
Unloading 13165 unused Assets / (24.0 MB). Loaded Objects now: 14263.
Memory consumption went from 0.54 GB to 0.51 GB.
Total: 132.044100 ms (FindLiveObjects: 4.021900 ms CreateObjectMapping: 17.396200 ms MarkObjects: 95.631100 ms  DeleteObjects: 14.988800 ms)

Prepare: number of updated asset objects reloaded= 0
========================================================================
Received Import Request.
  Time of request: 2026-08-19T16:56:47.5779336Z
  Time since last request: 16.6943247 seconds.
  importAddress: GUID: 920c7a6bcbdcb6c4f9efdc8e7b0d450c - Path: Assets/Scripts/Cards/DeckManager.cs - Importer: PreviewImporter
Importing 'GUID: 920c7a6bcbdcb6c4f9efdc8e7b0d450c - Path: Assets/Scripts/Cards/DeckManager.cs - Importer: PreviewImporter' with importer (PreviewImporter)
Imported 'GUID: 920c7a6bcbdcb6c4f9efdc8e7b0d450c' -> (Import Result ID: 'a4cc4510ded3d1d95bb3e6ac5544f6cd') in 0.004 seconds [static and dynamic dependencies]. Details - ImportResultOutputID=fc7777b06659fa4a4eacb95880062344 DependenciesID=7c1db3e6eaa4dac6f1296d3d3cf04591 StaticDependenciesID=6f2157d928f39e28fe872386d424c60a 
Number of updated asset objects reloaded before import = 0
Number of asset objects unloaded after import = 0
========================================================================
Received Prepare
AcceleratorClientConnectionCallback - disconnected - :0
Begin MonoManager ReloadAssembly
Symbol file LoadedFromMemory is not a mono symbol file
Symbol file LoadedFromMemory is not a mono symbol file
Refreshing native plugins compatible for Editor in 11.24 ms, found 6 plugins.
Native extension for WindowsStandalone target not found
Native extension for WebGL target not found
[Package Manager] Failed to launch server process. Reason: Unity was launched with the -noUpm command-line argument
[Package Manager] Unable to send message (not connected to server process).
[Package Manager] Cannot connect to Unity Package Manager local server
Refreshing native plugins compatible for Editor in 14.65 ms, found 6 plugins.
[Package Manager] Failed to launch server process. Reason: Unity was launched with the -noUpm command-line argument
[Package Manager] Unable to send message (not connected to server process).
[Package Manager] Cannot connect to Unity Package Manager local server
[Licensing::Client] Error: Code 404 while processing request (status: Found 0 entitlement groups and 0 free entitlements matching requested entitlement ids)
ScheduleIndexationOnStartup MainProcess:False IndexOnStartup:True
Mono: successfully reloaded assembly
- Finished resetting the current domain, in  4.317 seconds
Domain Reload Profiling: 7302ms
	BeginReloadAssembly (643ms)
		DisableScriptedObjects (70ms)
		CreateAndSetChildDomain (192ms)
	RebuildCommonClasses (21ms)
	RebuildNativeTypeToScriptingClass (35ms)
	initialDomainReloadingComplete (210ms)
	LoadAllAssembliesAndSetupDomain (2073ms)
		LoadAssemblies (1039ms)
		AnalyzeDomain (869ms)
			TypeCache.Refresh (27ms)
			BuildScriptInfoCaches (830ms)
			ResolveRequiredComponents (10ms)
	FinalizeReload (4320ms)
		SetupLoadedEditorAssemblies (0ms)
			InitializePlatformSupportModulesInManaged (5ms)
			BeforeProcessingInitializeOnLoad (350ms)
			ProcessInitializeOnLoadAttributes (1983ms)
			ProcessInitializeOnLoadMethodAttributes (1214ms)
			AfterProcessingInitializeOnLoad (18ms)
		AwakeInstancesAfterBackupRestoration (125ms)
Refreshing native plugins compatible for Editor in 9.76 ms, found 6 plugins.
Unloading 65 Unused Serialized files (Serialized files now loaded: 0)
Unloading 13200 unused Assets / (23.5 MB). Loaded Objects now: 14267.
Memory consumption went from 0.55 GB to 0.52 GB.
Total: 64.944700 ms (FindLiveObjects: 2.119700 ms CreateObjectMapping: 11.808400 ms MarkObjects: 36.827700 ms  DeleteObjects: 14.186500 ms)

Prepare: number of updated asset objects reloaded= 0
========================================================================
Received Prepare
AcceleratorClientConnectionCallback - disconnected - :0
Refreshing native plugins compatible for Editor in 9.50 ms, found 6 plugins.
Unloading 65 Unused Serialized files (Serialized files now loaded: 0)
Unloading 66 unused Assets / (13.7 MB). Loaded Objects now: 14267.
Memory consumption went from 0.53 GB to 0.52 GB.
Total: 33.881500 ms (FindLiveObjects: 0.940800 ms CreateObjectMapping: 2.675100 ms MarkObjects: 26.684500 ms  DeleteObjects: 3.579000 ms)

Prepare: number of updated asset objects reloaded= 0
========================================================================
Received Prepare
AcceleratorClientConnectionCallback - disconnected - :0
Refreshing native plugins compatible for Editor in 74.61 ms, found 6 plugins.
Unloading 65 Unused Serialized files (Serialized files now loaded: 0)
Unloading 13165 unused Assets / (23.9 MB). Loaded Objects now: 14267.
Memory consumption went from 0.55 GB to 0.52 GB.
Total: 112.673100 ms (FindLiveObjects: 18.197700 ms CreateObjectMapping: 26.668100 ms MarkObjects: 46.892600 ms  DeleteObjects: 20.911100 ms)

Prepare: number of updated asset objects reloaded= 0
========================================================================
Received Prepare
AcceleratorClientConnectionCallback - disconnected - :0
Refreshing native plugins compatible for Editor in 12.15 ms, found 6 plugins.
Unloading 65 Unused Serialized files (Serialized files now loaded: 0)
Unloading 13165 unused Assets / (24.1 MB). Loaded Objects now: 14267.
Memory consumption went from 0.55 GB to 0.53 GB.
Total: 137.909300 ms (FindLiveObjects: 3.440200 ms CreateObjectMapping: 33.079900 ms MarkObjects: 80.798900 ms  DeleteObjects: 20.586700 ms)

Prepare: number of updated asset objects reloaded= 0
========================================================================
Received Prepare
AcceleratorClientConnectionCallback - disconnected - :0
[Licensing::Client] Successfully resolved entitlement details
Begin MonoManager ReloadAssembly
Symbol file LoadedFromMemory is not a mono symbol file
Symbol file LoadedFromMemory is not a mono symbol file
Refreshing native plugins compatible for Editor in 11.83 ms, found 6 plugins.
Native extension for WindowsStandalone target not found
Native extension for WebGL target not found
[Package Manager] Failed to launch server process. Reason: Unity was launched with the -noUpm command-line argument
[Package Manager] Unable to send message (not connected to server process).
[Package Manager] Cannot connect to Unity Package Manager local server
Refreshing native plugins compatible for Editor in 7.35 ms, found 6 plugins.
[Package Manager] Failed to launch server process. Reason: Unity was launched with the -noUpm command-line argument
[Package Manager] Unable to send message (not connected to server process).
[Package Manager] Cannot connect to Unity Package Manager local server
[Licensing::Client] Error: Code 404 while processing request (status: Found 0 entitlement groups and 0 free entitlements matching requested entitlement ids)
ScheduleIndexationOnStartup MainProcess:False IndexOnStartup:True
Mono: successfully reloaded assembly
- Finished resetting the current domain, in  2.771 seconds
Domain Reload Profiling: 4942ms
	BeginReloadAssembly (477ms)
		DisableScriptedObjects (78ms)
		CreateAndSetChildDomain (151ms)
	RebuildCommonClasses (15ms)
	RebuildNativeTypeToScriptingClass (27ms)
	initialDomainReloadingComplete (162ms)
	LoadAllAssembliesAndSetupDomain (1489ms)
		LoadAssemblies (731ms)
		AnalyzeDomain (660ms)
			TypeCache.Refresh (26ms)
			BuildScriptInfoCaches (624ms)
			ResolveRequiredComponents (7ms)
	FinalizeReload (2772ms)
		SetupLoadedEditorAssemblies (0ms)
			InitializePlatformSupportModulesInManaged (4ms)
			BeforeProcessingInitializeOnLoad (289ms)
			ProcessInitializeOnLoadAttributes (1153ms)
			ProcessInitializeOnLoadMethodAttributes (808ms)
			AfterProcessingInitializeOnLoad (9ms)
		AwakeInstancesAfterBackupRestoration (58ms)
Refreshing native plugins compatible for Editor in 7.92 ms, found 6 plugins.
Unloading 65 Unused Serialized files (Serialized files now loaded: 0)
Unloading 13200 unused Assets / (23.3 MB). Loaded Objects now: 14271.
Memory consumption went from 0.56 GB to 0.54 GB.
Total: 41.104600 ms (FindLiveObjects: 2.488900 ms CreateObjectMapping: 7.550100 ms MarkObjects: 20.790500 ms  DeleteObjects: 10.273300 ms)

Prepare: number of updated asset objects reloaded= 0
========================================================================
Received Prepare
AcceleratorClientConnectionCallback - disconnected - :0
Refreshing native plugins compatible for Editor in 11.10 ms, found 6 plugins.
Unloading 65 Unused Serialized files (Serialized files now loaded: 0)
Unloading 66 unused Assets / (13.7 MB). Loaded Objects now: 14271.
Memory consumption went from 0.55 GB to 0.54 GB.
Total: 38.836500 ms (FindLiveObjects: 1.016700 ms CreateObjectMapping: 2.364200 ms MarkObjects: 32.272900 ms  DeleteObjects: 3.180100 ms)

Prepare: number of updated asset objects reloaded= 0
========================================================================
Received Prepare
AcceleratorClientConnectionCallback - disconnected - :0
Refreshing native plugins compatible for Editor in 9.76 ms, found 6 plugins.
Unloading 65 Unused Serialized files (Serialized files now loaded: 0)
Unloading 66 unused Assets / (13.7 MB). Loaded Objects now: 14271.
Memory consumption went from 0.55 GB to 0.54 GB.
Total: 41.802000 ms (FindLiveObjects: 1.011100 ms CreateObjectMapping: 2.838100 ms MarkObjects: 33.096900 ms  DeleteObjects: 4.853700 ms)

Prepare: number of updated asset objects reloaded= 0
========================================================================
Received Prepare
AcceleratorClientConnectionCallback - disconnected - :0
Refreshing native plugins compatible for Editor in 14.82 ms, found 6 plugins.
Unloading 65 Unused Serialized files (Serialized files now loaded: 0)
Unloading 13166 unused Assets / (23.3 MB). Loaded Objects now: 14272.
Memory consumption went from 0.57 GB to 0.54 GB.
Total: 77.619300 ms (FindLiveObjects: 2.859200 ms CreateObjectMapping: 13.904200 ms MarkObjects: 45.495800 ms  DeleteObjects: 15.357500 ms)

Prepare: number of updated asset objects reloaded= 0
========================================================================
Received Prepare
AcceleratorClientConnectionCallback - disconnected - :0
Refreshing native plugins compatible for Editor in 8.86 ms, found 6 plugins.
Unloading 65 Unused Serialized files (Serialized files now loaded: 0)
Unloading 13166 unused Assets / (22.8 MB). Loaded Objects now: 14272.
Memory consumption went from 0.57 GB to 0.55 GB.
Total: 72.713200 ms (FindLiveObjects: 3.122500 ms CreateObjectMapping: 16.268100 ms MarkObjects: 39.193400 ms  DeleteObjects: 14.127200 ms)

Prepare: number of updated asset objects reloaded= 0
========================================================================
Received Prepare
AcceleratorClientConnectionCallback - disconnected - :0
Refreshing native plugins compatible for Editor in 12.75 ms, found 6 plugins.
Unloading 65 Unused Serialized files (Serialized files now loaded: 0)
Unloading 13166 unused Assets / (25.9 MB). Loaded Objects now: 14272.
Memory consumption went from 0.57 GB to 0.55 GB.
Total: 141.206000 ms (FindLiveObjects: 27.512000 ms CreateObjectMapping: 28.156900 ms MarkObjects: 61.892800 ms  DeleteObjects: 23.640000 ms)

Prepare: number of updated asset objects reloaded= 0
========================================================================
Received Prepare
AcceleratorClientConnectionCallback - disconnected - :0
Refreshing native plugins compatible for Editor in 11.72 ms, found 6 plugins.
Unloading 65 Unused Serialized files (Serialized files now loaded: 0)
Unloading 13166 unused Assets / (23.2 MB). Loaded Objects now: 14272.
Memory consumption went from 0.58 GB to 0.56 GB.
Total: 116.824400 ms (FindLiveObjects: 2.274400 ms CreateObjectMapping: 12.447700 ms MarkObjects: 79.326500 ms  DeleteObjects: 22.773600 ms)

Prepare: number of updated asset objects reloaded= 0
========================================================================
Received Import Request.
  Time of request: 2026-08-19T17:47:39.4837758Z
  Time since last request: 3051.87068080000017 seconds.
  importAddress: GUID: a02269755aeddbe48b8486db445a0012 - Path: Assets/Scripts/CardDefinition.cs - Importer: PreviewImporter
Importing 'GUID: a02269755aeddbe48b8486db445a0012 - Path: Assets/Scripts/CardDefinition.cs - Importer: PreviewImporter' with importer (PreviewImporter)
Imported 'GUID: a02269755aeddbe48b8486db445a0012' -> (Import Result ID: '1712a2efba7933053b48f9842d1b9a63') in 0.007 seconds [static and dynamic dependencies]. Details - ImportResultOutputID=cfc97bb85c9f54d1711e9857aa8f3666 DependenciesID=6abf3824f1d4c1c6b6f3eef2d41d31b3 StaticDependenciesID=a44fca0966a6b61af8caf67b333da49c 
Number of updated asset objects reloaded before import = 0
Number of asset objects unloaded after import = 0
========================================================================
Received Import Request.
  Time of request: 2026-08-19T17:47:40.0326711Z
  Time since last request: 0.5172808 seconds.
  importAddress: GUID: 452eca79380d51542aa3385e444f3e95 - Path: Assets/Scripts/Card.cs - Importer: PreviewImporter
Importing 'GUID: 452eca79380d51542aa3385e444f3e95 - Path: Assets/Scripts/Card.cs - Importer: PreviewImporter' with importer (PreviewImporter)
Imported 'GUID: 452eca79380d51542aa3385e444f3e95' -> (Import Result ID: '49cb3ce534a7e62824daf44d13d396d2') in 0.025 seconds [static and dynamic dependencies]. Details - ImportResultOutputID=e1c0bf1888dc12ce425266cf59a1217a DependenciesID=334db463f5684e4c5d33041adce5ac47 StaticDependenciesID=0177f8c0df8ffe73e1851b9895748971 
Number of updated asset objects reloaded before import = 0
Number of asset objects unloaded after import = 0
========================================================================
Received Prepare
AcceleratorClientConnectionCallback - disconnected - :0
Refreshing native plugins compatible for Editor in 10.63 ms, found 6 plugins.
Unloading 65 Unused Serialized files (Serialized files now loaded: 0)
Unloading 13165 unused Assets / (22.7 MB). Loaded Objects now: 14271.
Memory consumption went from 0.54 GB to 0.52 GB.
Total: 66.717800 ms (FindLiveObjects: 3.074300 ms CreateObjectMapping: 13.772400 ms MarkObjects: 34.936000 ms  DeleteObjects: 14.932600 ms)

Prepare: number of updated asset objects reloaded= 0
========================================================================
Received Prepare
AcceleratorClientConnectionCallback - disconnected - :0
Refreshing native plugins compatible for Editor in 14.63 ms, found 6 plugins.
Unloading 65 Unused Serialized files (Serialized files now loaded: 0)
Unloading 13165 unused Assets / (23.0 MB). Loaded Objects now: 14271.
Memory consumption went from 0.54 GB to 0.52 GB.
Total: 93.359200 ms (FindLiveObjects: 4.651000 ms CreateObjectMapping: 18.621900 ms MarkObjects: 48.082600 ms  DeleteObjects: 22.000400 ms)

Prepare: number of updated asset objects reloaded= 0
========================================================================
Received Import Request.
  Time of request: 2026-08-19T17:48:35.518271Z
  Time since last request: 55.4413695 seconds.
  importAddress: GUID: b46ea75a7688f3148ab6b4f72998fb0c - Path: Assets/Scripts/Cards/Card.cs - Importer: PreviewImporter
Importing 'GUID: b46ea75a7688f3148ab6b4f72998fb0c - Path: Assets/Scripts/Cards/Card.cs - Importer: PreviewImporter' with importer (PreviewImporter)
Imported 'GUID: b46ea75a7688f3148ab6b4f72998fb0c' -> (Import Result ID: 'a9783c6101e8a9363886c14ca996c8d6') in 0.001 seconds [static and dynamic dependencies]. Details - ImportResultOutputID=55302f50b9dff4d2356e3149814872bc DependenciesID=51ccd89e49842d1536d0f9ed4934977c StaticDependenciesID=fb7f210858f7b351ed9edf9c792c6a15 
Number of updated asset objects reloaded before import = 0
Number of asset objects unloaded after import = 0
========================================================================
Received Prepare
AcceleratorClientConnectionCallback - disconnected - :0
[Licensing::Client] Successfully resolved entitlement details
Begin MonoManager ReloadAssembly
Could not open file C:/Users/bruger/Conquian/Library/BuildProfiles/PlatformProfile.4e3c793746204150860bf175a9a41a05.asset for read
UnityEngine.Debug:ExtractStackTraceNoAlloc (byte*,int,string)
UnityEngine.StackTraceUtility:ExtractStackTrace ()
UnityEditorInternal.InternalEditorUtility:SaveToSerializedFileAndForgetInternal (string,UnityEngine.Object[],bool)
UnityEditorInternal.InternalEditorUtility:SaveToSerializedFileAndForget (UnityEngine.Object[],string,bool)
UnityEditor.Build.Profile.BuildProfileContext:SaveBuildProfileInProject (UnityEditor.Build.Profile.BuildProfile)
UnityEditor.Build.Profile.BuildProfileContext:OnDisable ()

[C:\build\output\unity\unity\Runtime\File\OpenFileCache.cpp line 61]

Assertion failed on expression: 'res'
UnityEngine.Debug:ExtractStackTraceNoAlloc (byte*,int,string)
UnityEngine.StackTraceUtility:ExtractStackTrace ()
UnityEditorInternal.InternalEditorUtility:SaveToSerializedFileAndForgetInternal (string,UnityEngine.Object[],bool)
UnityEditorInternal.InternalEditorUtility:SaveToSerializedFileAndForget (UnityEngine.Object[],string,bool)
UnityEditor.Build.Profile.BuildProfileContext:SaveBuildProfileInProject (UnityEditor.Build.Profile.BuildProfile)
UnityEditor.Build.Profile.BuildProfileContext:OnDisable ()

[C:\build\output\unity\unity\Runtime\Serialize\SerializationCaching\FileCacherRead.cpp line 170]

Serialized files [version 0] before 2019.1 are deprecated. Open and re-save the file: "Library/Unused/56ddcdb497f845646ac33c213009c4e5"
UnityEngine.Debug:ExtractStackTraceNoAlloc (byte*,int,string)
UnityEngine.StackTraceUtility:ExtractStackTrace ()
UnityEditorInternal.InternalEditorUtility:SaveToSerializedFileAndForgetInternal (string,UnityEngine.Object[],bool)
UnityEditorInternal.InternalEditorUtility:SaveToSerializedFileAndForget (UnityEngine.Object[],string,bool)
UnityEditor.Build.Profile.BuildProfileContext:SaveBuildProfileInProject (UnityEditor.Build.Profile.BuildProfile)
UnityEditor.Build.Profile.BuildProfileContext:OnDisable ()

[C:\build\output\unity\unity\Runtime\Serialize\SerializedFile.cpp line 835]

Unknown error occurred while loading 'Library/BuildProfiles/PlatformProfile.4e3c793746204150860bf175a9a41a05.asset'.
UnityEngine.Debug:ExtractStackTraceNoAlloc (byte*,int,string)
UnityEngine.StackTraceUtility:ExtractStackTrace ()
UnityEditorInternal.InternalEditorUtility:SaveToSerializedFileAndForgetInternal (string,UnityEngine.Object[],bool)
UnityEditorInternal.InternalEditorUtility:SaveToSerializedFileAndForget (UnityEngine.Object[],string,bool)
UnityEditor.Build.Profile.BuildProfileContext:SaveBuildProfileInProject (UnityEditor.Build.Profile.BuildProfile)
UnityEditor.Build.Profile.BuildProfileContext:OnDisable ()

[ line 0]

Symbol file LoadedFromMemory is not a mono symbol file
Symbol file LoadedFromMemory is not a mono symbol file
Refreshing native plugins compatible for Editor in 9.00 ms, found 6 plugins.
Native extension for WindowsStandalone target not found
Native extension for WebGL target not found
[Package Manager] Failed to launch server process. Reason: Unity was launched with the -noUpm command-line argument
[Package Manager] Unable to send message (not connected to server process).
[Package Manager] Cannot connect to Unity Package Manager local server
Refreshing native plugins compatible for Editor in 11.18 ms, found 6 plugins.
[Package Manager] Failed to launch server process. Reason: Unity was launched with the -noUpm command-line argument
[Package Manager] Unable to send message (not connected to server process).
[Package Manager] Cannot connect to Unity Package Manager local server
[Licensing::Client] Error: Code 404 while processing request (status: Found 0 entitlement groups and 0 free entitlements matching requested entitlement ids)
ScheduleIndexationOnStartup MainProcess:False IndexOnStartup:True
Mono: successfully reloaded assembly
- Finished resetting the current domain, in  3.908 seconds
Domain Reload Profiling: 7351ms
	BeginReloadAssembly (804ms)
		DisableScriptedObjects (102ms)
		CreateAndSetChildDomain (275ms)
	RebuildCommonClasses (25ms)
	RebuildNativeTypeToScriptingClass (34ms)
	initialDomainReloadingComplete (257ms)
	LoadAllAssembliesAndSetupDomain (2322ms)
		LoadAssemblies (1261ms)
		AnalyzeDomain (928ms)
			TypeCache.Refresh (31ms)
			BuildScriptInfoCaches (879ms)
			ResolveRequiredComponents (13ms)
	FinalizeReload (3910ms)
		SetupLoadedEditorAssemblies (0ms)
			InitializePlatformSupportModulesInManaged (4ms)
			BeforeProcessingInitializeOnLoad (282ms)
			ProcessInitializeOnLoadAttributes (1774ms)
			ProcessInitializeOnLoadMethodAttributes (1173ms)
			AfterProcessingInitializeOnLoad (15ms)
			EditorAssembliesLoaded (3ms)
		AwakeInstancesAfterBackupRestoration (107ms)
Refreshing native plugins compatible for Editor in 12.75 ms, found 6 plugins.
Unloading 65 Unused Serialized files (Serialized files now loaded: 0)
Unloading 13200 unused Assets / (23.2 MB). Loaded Objects now: 14275.
Memory consumption went from 0.55 GB to 0.53 GB.
Total: 65.691200 ms (FindLiveObjects: 1.932700 ms CreateObjectMapping: 15.881300 ms MarkObjects: 33.314200 ms  DeleteObjects: 14.561000 ms)

Prepare: number of updated asset objects reloaded= 0
========================================================================
Received Prepare
AcceleratorClientConnectionCallback - disconnected - :0
Refreshing native plugins compatible for Editor in 13.39 ms, found 6 plugins.
Unloading 65 Unused Serialized files (Serialized files now loaded: 0)
Unloading 13165 unused Assets / (24.8 MB). Loaded Objects now: 14275.
Memory consumption went from 0.55 GB to 0.53 GB.
Total: 88.981300 ms (FindLiveObjects: 4.165400 ms CreateObjectMapping: 17.210800 ms MarkObjects: 47.977100 ms  DeleteObjects: 19.624900 ms)

Prepare: number of updated asset objects reloaded= 0
========================================================================
Received Prepare
AcceleratorClientConnectionCallback - disconnected - :0
Begin MonoManager ReloadAssembly
Symbol file LoadedFromMemory is not a mono symbol file
Symbol file LoadedFromMemory is not a mono symbol file
Refreshing native plugins compatible for Editor in 6.14 ms, found 6 plugins.
Native extension for WindowsStandalone target not found
Native extension for WebGL target not found
[Package Manager] Failed to launch server process. Reason: Unity was launched with the -noUpm command-line argument
[Package Manager] Unable to send message (not connected to server process).
[Package Manager] Cannot connect to Unity Package Manager local server
Refreshing native plugins compatible for Editor in 7.72 ms, found 6 plugins.
[Package Manager] Failed to launch server process. Reason: Unity was launched with the -noUpm command-line argument
[Package Manager] Unable to send message (not connected to server process).
[Package Manager] Cannot connect to Unity Package Manager local server
[Licensing::Client] Error: Code 404 while processing request (status: Found 0 entitlement groups and 0 free entitlements matching requested entitlement ids)
ScheduleIndexationOnStartup MainProcess:False IndexOnStartup:True
Mono: successfully reloaded assembly
- Finished resetting the current domain, in  2.309 seconds
Domain Reload Profiling: 4343ms
	BeginReloadAssembly (496ms)
		DisableScriptedObjects (78ms)
		CreateAndSetChildDomain (173ms)
	RebuildCommonClasses (11ms)
	RebuildNativeTypeToScriptingClass (26ms)
	initialDomainReloadingComplete (159ms)
	LoadAllAssembliesAndSetupDomain (1340ms)
		LoadAssemblies (717ms)
		AnalyzeDomain (538ms)
			TypeCache.Refresh (19ms)
			BuildScriptInfoCaches (509ms)
			ResolveRequiredComponents (7ms)
	FinalizeReload (2311ms)
		SetupLoadedEditorAssemblies (0ms)
			BeforeProcessingInitializeOnLoad (177ms)
			ProcessInitializeOnLoadAttributes (1030ms)
			ProcessInitializeOnLoadMethodAttributes (678ms)
			AfterProcessingInitializeOnLoad (9ms)
		AwakeInstancesAfterBackupRestoration (54ms)
Refreshing native plugins compatible for Editor in 6.16 ms, found 6 plugins.
Unloading 65 Unused Serialized files (Serialized files now loaded: 0)
Unloading 13200 unused Assets / (22.2 MB). Loaded Objects now: 14279.
Memory consumption went from 0.56 GB to 0.54 GB.
Total: 35.567400 ms (FindLiveObjects: 1.636100 ms CreateObjectMapping: 6.237200 ms MarkObjects: 19.481500 ms  DeleteObjects: 8.211100 ms)

Prepare: number of updated asset objects reloaded= 0
========================================================================
Received Prepare
AcceleratorClientConnectionCallback - disconnected - :0
Refreshing native plugins compatible for Editor in 13.29 ms, found 6 plugins.
Unloading 65 Unused Serialized files (Serialized files now loaded: 0)
Unloading 13165 unused Assets / (25.1 MB). Loaded Objects now: 14279.
Memory consumption went from 0.56 GB to 0.54 GB.
Total: 72.106100 ms (FindLiveObjects: 2.903100 ms CreateObjectMapping: 15.948700 ms MarkObjects: 38.682700 ms  DeleteObjects: 14.568800 ms)

Prepare: number of updated asset objects reloaded= 0
========================================================================
Received Prepare
AcceleratorClientConnectionCallback - disconnected - :0
[Licensing::Client] Successfully resolved entitlement details
Begin MonoManager ReloadAssembly
Symbol file LoadedFromMemory is not a mono symbol file
Symbol file LoadedFromMemory is not a mono symbol file
Refreshing native plugins compatible for Editor in 6.28 ms, found 6 plugins.
Native extension for WindowsStandalone target not found
Native extension for WebGL target not found
[Package Manager] Failed to launch server process. Reason: Unity was launched with the -noUpm command-line argument
[Package Manager] Unable to send message (not connected to server process).
[Package Manager] Cannot connect to Unity Package Manager local server
Refreshing native plugins compatible for Editor in 8.72 ms, found 6 plugins.
[Package Manager] Failed to launch server process. Reason: Unity was launched with the -noUpm command-line argument
[Package Manager] Unable to send message (not connected to server process).
[Package Manager] Cannot connect to Unity Package Manager local server
[Licensing::Client] Error: Code 404 while processing request (status: Found 0 entitlement groups and 0 free entitlements matching requested entitlement ids)
ScheduleIndexationOnStartup MainProcess:False IndexOnStartup:True
Mono: successfully reloaded assembly
- Finished resetting the current domain, in  2.303 seconds
Domain Reload Profiling: 4472ms
	BeginReloadAssembly (507ms)
		DisableScriptedObjects (74ms)
		CreateAndSetChildDomain (170ms)
	RebuildCommonClasses (13ms)
	RebuildNativeTypeToScriptingClass (26ms)
	initialDomainReloadingComplete (154ms)
	LoadAllAssembliesAndSetupDomain (1468ms)
		LoadAssemblies (696ms)
		AnalyzeDomain (681ms)
			TypeCache.Refresh (21ms)
			BuildScriptInfoCaches (652ms)
			ResolveRequiredComponents (6ms)
	FinalizeReload (2304ms)
		SetupLoadedEditorAssemblies (0ms)
			InitializePlatformSupportModulesInManaged (3ms)
			BeforeProcessingInitializeOnLoad (172ms)
			ProcessInitializeOnLoadAttributes (1060ms)
			ProcessInitializeOnLoadMethodAttributes (662ms)
			AfterProcessingInitializeOnLoad (9ms)
		AwakeInstancesAfterBackupRestoration (50ms)
Refreshing native plugins compatible for Editor in 7.20 ms, found 6 plugins.
Unloading 65 Unused Serialized files (Serialized files now loaded: 0)
Unloading 13200 unused Assets / (22.8 MB). Loaded Objects now: 14283.
Memory consumption went from 0.57 GB to 0.55 GB.
Total: 41.813100 ms (FindLiveObjects: 1.709300 ms CreateObjectMapping: 7.564000 ms MarkObjects: 23.999200 ms  DeleteObjects: 8.539300 ms)

Prepare: number of updated asset objects reloaded= 0
========================================================================
Received Prepare
AcceleratorClientConnectionCallback - disconnected - :0
Refreshing native plugins compatible for Editor in 9.68 ms, found 6 plugins.
Unloading 65 Unused Serialized files (Serialized files now loaded: 0)
Unloading 66 unused Assets / (13.7 MB). Loaded Objects now: 14283.
Memory consumption went from 0.56 GB to 0.55 GB.
Total: 36.815200 ms (FindLiveObjects: 1.174100 ms CreateObjectMapping: 2.505500 ms MarkObjects: 28.885600 ms  DeleteObjects: 4.248000 ms)

Prepare: number of updated asset objects reloaded= 0
========================================================================
Received Prepare
AcceleratorClientConnectionCallback - disconnected - :0
Refreshing native plugins compatible for Editor in 10.70 ms, found 6 plugins.
Unloading 65 Unused Serialized files (Serialized files now loaded: 0)
Unloading 66 unused Assets / (13.7 MB). Loaded Objects now: 14283.
Memory consumption went from 0.56 GB to 0.55 GB.
Total: 43.042100 ms (FindLiveObjects: 1.377800 ms CreateObjectMapping: 4.311000 ms MarkObjects: 32.672400 ms  DeleteObjects: 4.678100 ms)

Prepare: number of updated asset objects reloaded= 0
Editor requested this worker to shutdown with reason: Editor is closing down
AcceleratorClientConnectionCallback - disconnected - :0
AssetImportWorker is now disconnected from the server
Process exiting
Exiting without the bug reporter. Application will terminate with return code 0