[Licensing::Module] Trying to connect to existing licensing client channel...
Built from '6000.5/staging' branch; Version is '6000.5.8f1 (5cb7df797b7d) revision 6076383'; Using compiler version '194234433'; Build Type 'Release'
[Licensing::IpcConnector] Successfully connected to: "LicenseClient-dast0" at "2026-08-22T12:21:05.5305554Z"
OS: 'Windows 11  (10.0.26200) Core' Language: 'da' Physical Memory: 7502 MB
BatchMode: 0, IsHumanControllingUs: 1, StartBugReporterOnCrash: 1, Is64bit: 1
System  architecture: x64
Process architecture: x64
Date: 2026-08-22T12:21:05Z

COMMAND LINE ARGUMENTS:
C:\Program Files\Unity\Hub\Editor\6000.5.8f1\Editor\Unity.exe
-projectpath
C:\Users\dast0\Conquian
-acceptSoftwareTermsForThisRunOnly
-useHub
-hubIPC
-cloudEnvironment
production
-licensingIpc
LicenseClient-dast0
-hubSessionId
c11eaf3a-8438-4d20-b6b1-77d5dac9e560
-accessToken
mP32NpjHYG1f1kKbuegkxRPP7DoHgeeKRu3PqV_5sSg005f
Successfully changed project path to: C:\Users\dast0\Conquian
C:/Users/dast0/Conquian
[UnityMemory] Configuration Parameters - Can be set up in boot.config
    "memorysetup-temp-allocator-size-gi-baking-worker=262144"
    "memorysetup-temp-allocator-size-gi-baking-worker=262144"
    "memorysetup-temp-allocator-size-gi-baking-worker=262144"
    "memorysetup-temp-allocator-size-gi-baking-worker=262144"
    "memorysetup-temp-allocator-size-gi-baking-worker=262144"
    "memorysetup-temp-allocator-size-nav-mesh-worker=65536"
    "memorysetup-temp-allocator-size-audio-worker=65536"
    "memorysetup-temp-allocator-size-cloud-worker=32768"
    "memorysetup-temp-allocator-size-gfx=262144"
    "memorysetup-temp-allocator-size-preload-manager=33554432"
    "memorysetup-allocator-temp-initial-block-size-main=262144"
    "memorysetup-allocator-temp-initial-block-size-worker=262144"
    "memorysetup-temp-allocator-size-job-worker=262144"
    "memorysetup-temp-allocator-size-background-worker=32768"
    "memorysetup-bucket-allocator-granularity=16"
    "memorysetup-bucket-allocator-bucket-count=8"
    "memorysetup-bucket-allocator-block-size=33554432"
    "memorysetup-bucket-allocator-block-count=8"
    "memorysetup-main-allocator-block-size=16777216"
    "memorysetup-thread-allocator-block-size=16777216"
    "memorysetup-main-allocator-mimalloc-enabled=0"
    "memorysetup-gfx-main-allocator-block-size=16777216"
    "memorysetup-gfx-thread-allocator-block-size=16777216"
    "memorysetup-cache-allocator-block-size=4194304"
    "memorysetup-typetree-allocator-block-size=2097152"
    "memorysetup-profiler-bucket-allocator-granularity=16"
    "memorysetup-profiler-bucket-allocator-bucket-count=8"
    "memorysetup-profiler-bucket-allocator-block-size=33554432"
    "memorysetup-profiler-bucket-allocator-block-count=8"
    "memorysetup-profiler-allocator-block-size=16777216"
    "memorysetup-profiler-editor-allocator-block-size=1048576"
    "memorysetup-temp-allocator-size-main=16777216"
    "memorysetup-job-temp-allocator-block-size=2097152"
    "memorysetup-job-temp-allocator-block-size-background=1048576"
    "memorysetup-job-temp-allocator-reduction-small-platforms=262144"
Player connection [12892]  Target information:

Player connection [12892]  * "[IP] 192.168.1.181 [Port] 55504 [Flags] 2 [Guid] 3224061017 [EditorId] 3224061017 [Version] 1048832 [Id] WindowsEditor(7,LAPTOP-800RT31V) [Debug] 1 [PackageName] WindowsEditor [ProjectName] Editor" 

Player connection [12892] Host joined multi-casting on [225.0.0.222:54997]...
Player connection [12892] Host joined alternative multi-casting on [225.0.0.222:34997]...
Input System module state changed to: Initialized.
[Physics::Module] Initialized fallback backend.
[Physics::Module] Id: 0xdecafbad
[Licensing::Client] Error: HandshakeResponse reported an error:
	ResponseCode: 505
	ResponseStatus: Unsupported protocol version '1.18.1'.
[Licensing::Module] Error: Failed to handshake to channel: "LicenseClient-dast0"
[Licensing::IpcConnector] LicenseClient-dast0 channel disconnected successfully.
[Licensing::IpcConnector] Channel LicenseClient-dast0-6000.5.8 doesn't exist
[Licensing::Module] Successfully launched the LicensingClient (PId: 23696)
[Package Manager] Connected to IPC stream "Upm-3252" after 1.3 seconds.
[Licensing::Module] Licensing is not yet initialized.
Starting IPC server.
Waiting for clients to connect on \\.\pipe\Unity-LicenseClient-dast0-6000.5.8, press Ctrl-C to exit.
[Licensing::IpcConnector] Successfully connected to: "LicenseClient-dast0-6000.5.8" at "2026-08-22T12:21:24.3082371Z"
[Licensing::Client] Code 10 while verifying Licensing Client signature (process Id: 23696, path: "C:/Program Files/Unity/Hub/Editor/6000.5.8f1/Editor/Data/Resources/Licensing/Client/Unity.Licensing.Client.exe")
[Licensing::Module] LicensingClient has failed validation; ignoring
[Licensing::Client] Handshaking with LicensingClient:
  Version:                 1.18.1+9fbee8e
  Session Id:              f9576cc14b3e453dac07c009d82f4f6e
  Correlation Id:          491e4641d43e3f5ca8509989798d6874
  External correlation Id: 4731053775151135909
  Machine Id:              Js+KGRNSnOwINCogrgKUUp/eplw=
[Licensing::Module] Successfully connected to LicensingClient on channel: "LicenseClient-dast0-6000.5.8" (connect: 14.77s, validation: 3.33s, handshake: 0.07s)
[Licensing::IpcConnector] Successfully connected to: "LicenseClient-dast0-6000.5.8-notifications" at "2026-08-22T12:21:27.7056157Z"
[Licensing::Module] Connected to LicensingClient (PId: 23696, launch time: 0.13, total connection time: 18.17s)
[Licensing::Client] Successfully updated the access token
[Licensing::Module] Successfully updated the access token mP32NpjHYG...
[Licensing::Client] Successfully resolved entitlement details
[Licensing::Module] License group:
  Id: F4-YV7J-TBXH-N7G4-SQYR-XXXX
  Product: Unity Personal
  Type: ULF
  Expiration: Unlimited
[Licensing::Module] License group:
  Id: 5773397425070-UnityPersXXXX
  Product: Unity Personal
  Type: Assigned
  Expiration: Unlimited
[Licensing::Client] Successfully updated license, isAsync: True, time: 0.05
[Licensing::Client] Successfully resolved entitlement details
[Licensing::Module] License group:
  Id: F4-YV7J-TBXH-N7G4-SQYR-XXXX
  Product: Unity Personal
  Type: ULF
  Expiration: Unlimited
[Licensing::Module] License group:
  Id: 5773397425070-UnityPersXXXX
  Product: Unity Personal
  Type: Assigned
  Expiration: Unlimited
[Licensing::Module] Licensing Background thread has ended after 22.64s
[Licensing::Module] Licensing is initialized (took 17.18s).
[Licensing::Client] Successfully resolved entitlement details
[Licensing::Module] License group:
  Id: F4-YV7J-TBXH-N7G4-SQYR-XXXX
  Product: Unity Personal
  Type: ULF
  Expiration: Unlimited
[Licensing::Module] License group:
  Id: 5773397425070-UnityPersXXXX
  Product: Unity Personal
  Type: Assigned
  Expiration: Unlimited
Library Redirect Path: Library/
[Physics::Module] Selected backend.
[Physics::Module] Name: PhysX
[Physics::Module] Id: 0xf2b8ea05
[Physics::Module] SDK Version: 4.1.2
[Physics::Module] Integration Version: 1.0.0
[Physics::Module] Threading Mode: Multi-Threaded
Artifact Garbage Collection - Removed 1465 unused hashed content files
Refreshing native plugins compatible for Editor in 5.69 ms, found 0 plugins.
Initialize engine version: 6000.5.8f1 (5cb7df797b7d)
[Subsystems] Discovering subsystems at path C:/Program Files/Unity/Hub/Editor/6000.5.8f1/Editor/Data/Resources/UnitySubsystems
[Subsystems] Discovering subsystems at path C:/Users/dast0/Conquian/Assets
[D3D12 Device Filter] Vendor Name: ATI
[D3D12 Device Filter] Device Name: AMD Radeon(TM) Graphics
[D3D12 Device Filter] Driver Version: 31.0.12044.3
[D3D12 Device Filter] Feature Level: 12.1
[D3D12 Device Filter] Graphics Memory: 3751 MB
[D3D12 Device Filter] Processor Count: 12
[D3D12 Device Filter] Device Type: Integrated
[D3D12 Device Filter] D3D12 API denied by user filter: {"Vendor": "ATI", "Device Type:": Integrated}
GfxDevice: creating device client; kGfxThreadingModeThreaded
Direct3D:
    Version:  Direct3D 11.0 [level 11.1]
    Renderer: AMD Radeon(TM) Graphics (ID=0x164c)
    Vendor:   ATI
    VRAM:     3751 MB
    Driver:   31.0.12044.3
Initialize mono
Mono path[0] = 'C:/Program Files/Unity/Hub/Editor/6000.5.8f1/Editor/Data/Managed'
Mono path[1] = 'C:/Program Files/Unity/Hub/Editor/6000.5.8f1/Editor/Data/BCLExtensions/runtime/netstandard2.1'
Mono path[2] = 'C:/Program Files/Unity/Hub/Editor/6000.5.8f1/Editor/Data/MonoBleedingEdge/lib/mono/unityjit-win32'
Mono config path = 'C:/Program Files/Unity/Hub/Editor/6000.5.8f1/Editor/Data/MonoBleedingEdge/etc'
Using monoOptions --debugger-agent=transport=dt_socket,embedding=1,server=y,suspend=n,address=127.0.0.1:56252
CodeReloadManager initialized
ImportWorker Server TCP listen port: 0
AcceleratorClientConnectionCallback - disconnected - :0
Begin MonoManager ReloadAssembly
Registering precompiled unity dll's ...
Register platform support module: C:/Program Files/Unity/Hub/Editor/6000.5.8f1/Editor/Data/PlaybackEngines/WebGLSupport/UnityEditor.WebGL.Extensions.dll
Register platform support module: C:/Program Files/Unity/Hub/Editor/6000.5.8f1/Editor/Data/PlaybackEngines/WindowsStandaloneSupport/UnityEditor.WindowsStandalone.Extensions.dll
[Licensing::Client] Successfully resolved entitlement details
[Licensing::Module] License group:
  Id: F4-YV7J-TBXH-N7G4-SQYR-XXXX
  Product: Unity Personal
  Type: ULF
  Expiration: Unlimited
[Licensing::Module] License group:
  Id: 5773397425070-UnityPersXXXX
  Product: Unity Personal
  Type: Assigned
  Expiration: Unlimited
Register platform support module: C:/Program Files/Unity/Hub/Editor/6000.5.8f1/Editor/Data/PlaybackEngines/MetroSupport/UnityEditor.UWP.Extensions.dll
[Licensing::Client] Successfully resolved entitlement details
[Licensing::Module] License group:
  Id: F4-YV7J-TBXH-N7G4-SQYR-XXXX
  Product: Unity Personal
  Type: ULF
  Expiration: Unlimited
[Licensing::Module] License group:
  Id: 5773397425070-UnityPersXXXX
  Product: Unity Personal
  Type: Assigned
  Expiration: Unlimited
Register platform support module: C:/Program Files/Unity/Hub/Editor/6000.5.8f1/Editor/Data/PlaybackEngines/AndroidPlayer/UnityEditor.Android.Extensions.dll
Registered in 1.680498 seconds.
Native extension for Android target not found
Native extension for UWP target not found
Native extension for WindowsStandalone target not found
Native extension for WebGL target not found
Package Manager log level set to [2]
ScheduleIndexationOnStartup MainProcess:False IndexOnStartup:True
Mono: successfully reloaded assembly
- Finished resetting the current domain, in  8.574 seconds
Domain Reload Profiling: 19277ms
	BeginReloadAssembly (1312ms)
		CreateAndSetChildDomain (18ms)
	RebuildCommonClasses (17ms)
	RebuildNativeTypeToScriptingClass (818ms)
	initialDomainReloadingComplete (2311ms)
	LoadAllAssembliesAndSetupDomain (6239ms)
		LoadAssemblies (1348ms)
		AnalyzeDomain (5901ms)
			TypeCache.Refresh (5897ms)
				TypeCache.ScanAssembly (4912ms)
	FinalizeReload (8580ms)
		SetupLoadedEditorAssemblies (0ms)
			InitializePlatformSupportModulesInManaged (371ms)
			BeforeProcessingInitializeOnLoad (245ms)
			ProcessInitializeOnLoadAttributes (359ms)
			ProcessInitializeOnLoadMethodAttributes (7400ms)
[Licensing::Client] Successfully resolved entitlement details
[Licensing::Module] License group:
  Id: F4-YV7J-TBXH-N7G4-SQYR-XXXX
  Product: Unity Personal
  Type: ULF
  Expiration: Unlimited
[Licensing::Module] License group:
  Id: 5773397425070-UnityPersXXXX
  Product: Unity Personal
  Type: Assigned
  Expiration: Unlimited
Application.AssetDatabase Initial Refresh Start
[Package Manager] Restoring resolved packages state from cache
[Licensing::Client] Successfully resolved entitlement details
[Package Manager] Registered 80 packages:
  Packages from [https://packages.unity.com]:
    com.unity.2d.animation@15.1.0 (location: C:\Users\dast0\Conquian\Library\PackageCache\com.unity.2d.animation@6d5a363ae647)
    com.unity.2d.aseprite@5.0.3 (location: C:\Users\dast0\Conquian\Library\PackageCache\com.unity.2d.aseprite@d13865913efa)
    com.unity.2d.psdimporter@14.0.3 (location: C:\Users\dast0\Conquian\Library\PackageCache\com.unity.2d.psdimporter@5d82044f9e43)
    com.unity.2d.spriteshape@15.0.3 (location: C:\Users\dast0\Conquian\Library\PackageCache\com.unity.2d.spriteshape@fcb7ec61a58b)
    com.unity.2d.tilemap.extras@8.0.3 (location: C:\Users\dast0\Conquian\Library\PackageCache\com.unity.2d.tilemap.extras@a80140457adc)
    com.unity.2d.tooling@3.0.1 (location: C:\Users\dast0\Conquian\Library\PackageCache\com.unity.2d.tooling@6f06ffb033c0)
    com.unity.ai.assistant@2.17.0-pre.1 (location: C:\Users\dast0\Conquian\Library\PackageCache\com.unity.ai.assistant@284c75a8d208)
    com.unity.ai.inference@2.6.1 (location: C:\Users\dast0\Conquian\Library\PackageCache\com.unity.ai.inference@9a123aee5df7)
    com.unity.collab-proxy@2.13.5 (location: C:\Users\dast0\Conquian\Library\PackageCache\com.unity.collab-proxy@120d77864ebc)
    com.unity.ide.rider@3.0.38 (location: C:\Users\dast0\Conquian\Library\PackageCache\com.unity.ide.rider@1f60b3138684)
    com.unity.ide.visualstudio@2.0.26 (location: C:\Users\dast0\Conquian\Library\PackageCache\com.unity.ide.visualstudio@a99d56dec63f)
    com.unity.inputsystem@1.20.0 (location: C:\Users\dast0\Conquian\Library\PackageCache\com.unity.inputsystem@7a4e1a2a8194)
    com.unity.netcode.gameobjects@2.13.1 (location: C:\Users\dast0\Conquian\Library\PackageCache\com.unity.netcode.gameobjects@d43d28498f17)
    com.unity.services.multiplayer@2.3.0 (location: C:\Users\dast0\Conquian\Library\PackageCache\com.unity.services.multiplayer@17f5d8518517)
    com.unity.splines@2.9.0 (location: C:\Users\dast0\Conquian\Library\PackageCache\com.unity.splines@e6e1d5900acc)
    com.unity.timeline@1.8.12 (location: C:\Users\dast0\Conquian\Library\PackageCache\com.unity.timeline@8cd8509afae5)
    com.unity.visualscripting@1.9.12 (location: C:\Users\dast0\Conquian\Library\PackageCache\com.unity.visualscripting@4edfcc09512f)
    com.unity.settings-manager@2.1.1 (location: C:\Users\dast0\Conquian\Library\PackageCache\com.unity.settings-manager@0b8638c5ce86)
    com.unity.services.qos@1.4.1 (location: C:\Users\dast0\Conquian\Library\PackageCache\com.unity.services.qos@03d4b52d4980)
    com.unity.services.core@1.18.0 (location: C:\Users\dast0\Conquian\Library\PackageCache\com.unity.services.core@3464cb68d709)
    com.unity.services.wire@1.4.4 (location: C:\Users\dast0\Conquian\Library\PackageCache\com.unity.services.wire@aba8a6fb1fe2)
    com.unity.services.deployment@1.7.2 (location: C:\Users\dast0\Conquian\Library\PackageCache\com.unity.services.deployment@c07c64f9804b)
    com.unity.nuget.newtonsoft-json@3.2.2 (location: C:\Users\dast0\Conquian\Library\PackageCache\com.unity.nuget.newtonsoft-json@4dfd81071c64)
    com.unity.services.authentication@3.7.3 (location: C:\Users\dast0\Conquian\Library\PackageCache\com.unity.services.authentication@4e591ebe4d6b)
    com.unity.nuget.mono-cecil@1.11.6 (location: C:\Users\dast0\Conquian\Library\PackageCache\com.unity.nuget.mono-cecil@ecb9724e46ff)
    com.unity.burst@1.8.30 (location: C:\Users\dast0\Conquian\Library\PackageCache\com.unity.burst@2f3d916873ea)
    com.unity.dt.app-ui@2.1.7 (location: C:\Users\dast0\Conquian\Library\PackageCache\com.unity.dt.app-ui@b097002a00c2)
    com.unity.2d.common@14.0.1 (location: C:\Users\dast0\Conquian\Library\PackageCache\com.unity.2d.common@73badf92ba8b)
    com.unity.services.deployment.api@1.1.3 (location: C:\Users\dast0\Conquian\Library\PackageCache\com.unity.services.deployment.api@9becf6da0f1a)
    com.unity.test-framework.performance@3.5.0 (location: C:\Users\dast0\Conquian\Library\PackageCache\com.unity.test-framework.performance@8b56083ec0f0)
    com.unity.searcher@4.9.5 (location: C:\Users\dast0\Conquian\Library\PackageCache\com.unity.searcher@a463122f2c00)
  Built-in packages:
    com.unity.2d.sprite@1.0.0 (location: C:\Users\dast0\Conquian\Library\PackageCache\com.unity.2d.sprite@053a968eab56)
    com.unity.2d.tilemap@1.0.0 (location: C:\Users\dast0\Conquian\Library\PackageCache\com.unity.2d.tilemap@b959501fd678)
    com.unity.multiplayer.center@1.0.1 (location: C:\Users\dast0\Conquian\Library\PackageCache\com.unity.multiplayer.center@b860850997d0)
    com.unity.render-pipelines.universal@17.5.0 (location: C:\Users\dast0\Conquian\Library\PackageCache\com.unity.render-pipelines.universal@73b4c4ff130e)
    com.unity.test-framework@1.7.0 (location: C:\Users\dast0\Conquian\Library\PackageCache\com.unity.test-framework@1405238725ab)
    com.unity.ugui@2.5.0 (location: C:\Users\dast0\Conquian\Library\PackageCache\com.unity.ugui@1c4864518158)
    com.unity.modules.accessibility@1.0.0 (location: C:\Users\dast0\Conquian\Library\PackageCache\com.unity.modules.accessibility)
    com.unity.modules.adaptiveperformance@1.0.0 (location: C:\Users\dast0\Conquian\Library\PackageCache\com.unity.modules.adaptiveperformance)
    com.unity.modules.ai@1.0.0 (location: C:\Users\dast0\Conquian\Library\PackageCache\com.unity.modules.ai)
    com.unity.modules.androidjni@1.0.0 (location: C:\Users\dast0\Conquian\Library\PackageCache\com.unity.modules.androidjni)
    com.unity.modules.animation@1.0.0 (location: C:\Users\dast0\Conquian\Library\PackageCache\com.unity.modules.animation)
    com.unity.modules.assetbundle@1.0.0 (location: C:\Users\dast0\Conquian\Library\PackageCache\com.unity.modules.assetbundle)
    com.unity.modules.audio@1.0.0 (location: C:\Users\dast0\Conquian\Library\PackageCache\com.unity.modules.audio)
    com.unity.modules.cloth@1.0.0 (location: C:\Users\dast0\Conquian\Library\PackageCache\com.unity.modules.cloth)
    com.unity.modules.director@1.0.0 (location: C:\Users\dast0\Conquian\Library\PackageCache\com.unity.modules.director)
    com.unity.modules.imageconversion@1.0.0 (location: C:\Users\dast0\Conquian\Library\PackageCache\com.unity.modules.imageconversion)
    com.unity.modules.imgui@1.0.0 (location: C:\Users\dast0\Conquian\Library\PackageCache\com.unity.modules.imgui)
    com.unity.modules.jsonserialize@1.0.0 (location: C:\Users\dast0\Conquian\Library\PackageCache\com.unity.modules.jsonserialize)
    com.unity.modules.particlesystem@1.0.0 (location: C:\Users\dast0\Conquian\Library\PackageCache\com.unity.modules.particlesystem)
    com.unity.modules.physics@1.0.0 (location: C:\Users\dast0\Conquian\Library\PackageCache\com.unity.modules.physics)
    com.unity.modules.physics2d@1.0.0 (location: C:\Users\dast0\Conquian\Library\PackageCache\com.unity.modules.physics2d)
    com.unity.modules.physicscore2d@1.0.0 (location: C:\Users\dast0\Conquian\Library\PackageCache\com.unity.modules.physicscore2d)
    com.unity.modules.screencapture@1.0.0 (location: C:\Users\dast0\Conquian\Library\PackageCache\com.unity.modules.screencapture)
    com.unity.modules.terrain@1.0.0 (location: C:\Users\dast0\Conquian\Library\PackageCache\com.unity.modules.terrain)
    com.unity.modules.terrainphysics@1.0.0 (location: C:\Users\dast0\Conquian\Library\PackageCache\com.unity.modules.terrainphysics)
    com.unity.modules.tilemap@1.0.0 (location: C:\Users\dast0\Conquian\Library\PackageCache\com.unity.modules.tilemap)
    com.unity.modules.ui@1.0.0 (location: C:\Users\dast0\Conquian\Library\PackageCache\com.unity.modules.ui)
    com.unity.modules.uielements@1.0.0 (location: C:\Users\dast0\Conquian\Library\PackageCache\com.unity.modules.uielements)
    com.unity.modules.umbra@1.0.0 (location: C:\Users\dast0\Conquian\Library\PackageCache\com.unity.modules.umbra)
    com.unity.modules.unityanalytics@1.0.0 (location: C:\Users\dast0\Conquian\Library\PackageCache\com.unity.modules.unityanalytics)
    com.unity.modules.unitywebrequest@1.0.0 (location: C:\Users\dast0\Conquian\Library\PackageCache\com.unity.modules.unitywebrequest)
    com.unity.modules.unitywebrequestassetbundle@1.0.0 (location: C:\Users\dast0\Conquian\Library\PackageCache\com.unity.modules.unitywebrequestassetbundle)
    com.unity.modules.unitywebrequestaudio@1.0.0 (location: C:\Users\dast0\Conquian\Library\PackageCache\com.unity.modules.unitywebrequestaudio)
    com.unity.modules.unitywebrequesttexture@1.0.0 (location: C:\Users\dast0\Conquian\Library\PackageCache\com.unity.modules.unitywebrequesttexture)
    com.unity.modules.unitywebrequestwww@1.0.0 (location: C:\Users\dast0\Conquian\Library\PackageCache\com.unity.modules.unitywebrequestwww)
    com.unity.modules.vectorgraphics@1.0.0 (location: C:\Users\dast0\Conquian\Library\PackageCache\com.unity.modules.vectorgraphics)
    com.unity.modules.vehicles@1.0.0 (location: C:\Users\dast0\Conquian\Library\PackageCache\com.unity.modules.vehicles)
    com.unity.modules.video@1.0.0 (location: C:\Users\dast0\Conquian\Library\PackageCache\com.unity.modules.video)
    com.unity.modules.wind@1.0.0 (location: C:\Users\dast0\Conquian\Library\PackageCache\com.unity.modules.wind)
    com.unity.modules.xr@1.0.0 (location: C:\Users\dast0\Conquian\Library\PackageCache\com.unity.modules.xr)
    com.unity.modules.subsystems@1.0.0 (location: C:\Users\dast0\Conquian\Library\PackageCache\com.unity.modules.subsystems)
    com.unity.modules.hierarchycore@1.0.0 (location: C:\Users\dast0\Conquian\Library\PackageCache\com.unity.modules.hierarchycore)
    com.unity.ext.nunit@2.1.0 (location: C:\Users\dast0\Conquian\Library\PackageCache\com.unity.ext.nunit@44f7d31723bd)
    com.unity.mathematics@1.4.0 (location: C:\Users\dast0\Conquian\Library\PackageCache\com.unity.mathematics@981956d94fb6)
    com.unity.transport@6.5.0 (location: C:\Users\dast0\Conquian\Library\PackageCache\com.unity.transport@0c07c94c2861)
    com.unity.collections@6.5.0 (location: C:\Users\dast0\Conquian\Library\PackageCache\com.unity.collections@ec2c217e4cb2)
    com.unity.render-pipelines.core@17.5.0 (location: C:\Users\dast0\Conquian\Library\PackageCache\com.unity.render-pipelines.core@a4c9a9793789)
    com.unity.shadergraph@17.5.0 (location: C:\Users\dast0\Conquian\Library\PackageCache\com.unity.shadergraph@8d7376ec43ee)
    com.unity.render-pipelines.universal-config@17.5.0 (location: C:\Users\dast0\Conquian\Library\PackageCache\com.unity.render-pipelines.universal-config@fdda01c80fe3)
[Subsystems] No new subsystems found in resolved package list.
[Package Manager] Done registering packages in 0.07 seconds
[Licensing::Client] Successfully resolved entitlement details
[Licensing::Module] License group:
  Id: F4-YV7J-TBXH-N7G4-SQYR-XXXX
  Product: Unity Personal
  Type: ULF
  Expiration: Unlimited
[Licensing::Module] License group:
  Id: 5773397425070-UnityPersXXXX
  Product: Unity Personal
  Type: Assigned
  Expiration: Unlimited
info: Microsoft.Hosting.Lifetime[14]
      Now listening on: http://localhost:80
info: Microsoft.Hosting.Lifetime[0]
      Application started. Press Ctrl+C to shut down.
info: Microsoft.Hosting.Lifetime[0]
      Hosting environment: Production
info: Microsoft.Hosting.Lifetime[0]
      Content root path: C:\Users\dast0\Conquian
info: Microsoft.AspNetCore.Hosting.Diagnostics[1]
      Request starting HTTP/2 POST http://ilpp/UnityILPP.PostProcessing/Ping - application/grpc -
info: Microsoft.AspNetCore.Routing.EndpointMiddleware[0]
      Executing endpoint 'gRPC - /UnityILPP.PostProcessing/Ping'
info: Microsoft.AspNetCore.Routing.EndpointMiddleware[1]
      Executed endpoint 'gRPC - /UnityILPP.PostProcessing/Ping'
info: Microsoft.AspNetCore.Hosting.Diagnostics[2]
      Request finished HTTP/2 POST http://ilpp/UnityILPP.PostProcessing/Ping - 200 - application/grpc 112.6586ms
Refreshing native plugins compatible for Editor in 629.02 ms, found 6 plugins.
Starting: C:\Program Files\Unity\Hub\Editor\6000.5.8f1\Editor\Data\Tools\BuildPipeline\bee_backend.exe --ipc --defer-dag-verification --dagfile="Library/Bee/1900b0aE.dag" --continue-on-failure --profile="Library/Bee/backend1.traceevents" ScriptAssemblies
WorkingDir: C:/Users/dast0/Conquian
info: Microsoft.AspNetCore.Hosting.Diagnostics[1]
      Request starting HTTP/2 POST http://ilpp/UnityILPP.PostProcessing/ConfigurePostProcessors - application/grpc -
info: Microsoft.AspNetCore.Routing.EndpointMiddleware[0]
      Executing endpoint 'gRPC - /UnityILPP.PostProcessing/ConfigurePostProcessors'
warn: Unity.ILPP.Runner.PostProcessingAssemblyLoadContext[0]
      Assembly system.runtime.interopservices.windowsruntime has duplicate hint path. Ignoring "C:\Program Files\Unity\Hub\Editor\6000.5.8f1\Editor\Data\UnityReferenceAssemblies\unity-4.8-api\Facades\System.Runtime.InteropServices.WindowsRuntime.dll" in favor of "C:\Program Files\Unity\Hub\Editor\6000.5.8f1\Editor\Data\NetStandard\Extensions\2.0.0\System.Runtime.InteropServices.WindowsRuntime.dll"
warn: Unity.ILPP.Runner.PostProcessingAssemblyLoadContext[0]
      Assembly system.componentmodel.composition has duplicate hint path. Ignoring "C:\Program Files\Unity\Hub\Editor\6000.5.8f1\Editor\Data\UnityReferenceAssemblies\unity-4.8-api\System.ComponentModel.Composition.dll" in favor of "C:\Program Files\Unity\Hub\Editor\6000.5.8f1\Editor\Data\NetStandard\compat\2.1.0\shims\netfx\System.ComponentModel.Composition.dll"
info: Unity.ILPP.Runner.PostProcessingAssemblyLoadContext[0]
      Resolved Unity.Burst.Cecil, Version=0.11.6.0, Culture=neutral, PublicKeyToken=50cebf1cceb9d05e with Library\PackageCache\com.unity.burst@2f3d916873ea\Unity.Burst.CodeGen\Unity.Burst.Cecil.dll
info: Unity.ILPP.Runner.PostProcessingAssemblyLoadContext[0]
      Resolved Mono.Cecil, Version=0.11.5.0, Culture=neutral, PublicKeyToken=50cebf1cceb9d05e with Library\PackageCache\com.unity.nuget.mono-cecil@ecb9724e46ff\Mono.Cecil.dll
info: Microsoft.AspNetCore.Routing.EndpointMiddleware[1]
      Executed endpoint 'gRPC - /UnityILPP.PostProcessing/ConfigurePostProcessors'
info: Microsoft.AspNetCore.Hosting.Diagnostics[2]
      Request finished HTTP/2 POST http://ilpp/UnityILPP.PostProcessing/ConfigurePostProcessors - 200 - application/grpc 3088.0477ms
ExitCode: 0 Duration: 4s937ms
[1654/2195  3s] ILPP-Configuration Library/ilpp-configuration.nevergeneratedoutput
*** Tundra build success (4.63 seconds), 1 items updated, 2195 evaluated
AssetDatabase: script compilation time: 8.334070s
Begin MonoManager ReloadAssembly
Symbol file LoadedFromMemory is not a mono symbol file
Symbol file LoadedFromMemory is not a mono symbol file
Refreshing native plugins compatible for Editor in 25.99 ms, found 6 plugins.
Native extension for Android target not found
Native extension for UWP target not found
Native extension for WindowsStandalone target not found
Native extension for WebGL target not found
Refreshing native plugins compatible for Editor in 17.28 ms, found 6 plugins.
Refreshing native plugins compatible for Editor in 67.76 ms, found 6 plugins.
[Licensing::Client] Error: Code 404 while processing request (status: Found 0 entitlement groups and 0 free entitlements matching requested entitlement ids)
ScheduleIndexationOnStartup MainProcess:True IndexOnStartup:True
[Licensing::Client] Successfully resolved entitlement details
[Licensing::Module] License group:
  Id: F4-YV7J-TBXH-N7G4-SQYR-XXXX
  Product: Unity Personal
  Type: ULF
  Expiration: Unlimited
[Licensing::Module] License group:
  Id: 5773397425070-UnityPersXXXX
  Product: Unity Personal
  Type: Assigned
  Expiration: Unlimited
Mono: successfully reloaded assembly
- Finished resetting the current domain, in 23.909 seconds
Domain Reload Profiling: 42206ms
	BeginReloadAssembly (771ms)
		DisableScriptedObjects (125ms)
		CreateAndSetChildDomain (220ms)
	RebuildCommonClasses (25ms)
	RebuildNativeTypeToScriptingClass (53ms)
	initialDomainReloadingComplete (340ms)
	LoadAllAssembliesAndSetupDomain (17103ms)
		LoadAssemblies (14249ms)
		AnalyzeDomain (2666ms)
			TypeCache.Refresh (2276ms)
				TypeCache.ScanAssembly (2211ms)
			BuildScriptInfoCaches (361ms)
			ResolveRequiredComponents (23ms)
	FinalizeReload (23915ms)
		SetupLoadedEditorAssemblies (0ms)
			InitializePlatformSupportModulesInManaged (50ms)
			BeforeProcessingInitializeOnLoad (399ms)
			ProcessInitializeOnLoadAttributes (15207ms)
			ProcessInitializeOnLoadMethodAttributes (6241ms)
			AfterProcessingInitializeOnLoad (30ms)
			EditorAssembliesLoaded (8ms)
		AwakeInstancesAfterBackupRestoration (184ms)
Starting new worker id: 0 with log in C:/Users/dast0/Conquian/Logs/AssetImportWorkerHW0.log

Asset Pipeline Refresh (id=883d92107e6bc4240b9becb54633b788): Total: 120.197 seconds - Initiated by InitialRefreshV2(ForceSynchronousImport)
	(Values over 0.05ms)
	Summary:
		Imports: total=0 (actual=0, local cache=0, cache server=0)
		Asset DB Process Time: managed=0 ms, native=90869 ms
		Asset DB Callback time: managed=1733 ms, native=140 ms
		Scripting: domain reloads=1, domain reload time=18760 ms, compile time=8343 ms, other=348 ms
		Project Asset Count: scripts=2876, non-scripts=6443
		Asset File Changes: new=0, changed=0, moved=0, deleted=0
		Scan Filter Count: 0
	InvokePackagesCallback: 151.751ms
	ApplyChangesToAssetFolders: 5.785ms
	Scan: 1323.850ms
	Collect global state as custom dependencies: 79.734ms
	CategorizeScriptCompilationAssets: 12659.873ms
	ProcessAssetsWithTransientArtifactChanges: 511.703ms
	CategorizeAssets: 1836.494ms
	CompileScripts: 8343.302ms
	ImportOutOfDateAssets: 24538.695ms (24140.351ms without children)
		ReloadNativeAssets: 0.082ms
		UnloadImportedAssets: 48.012ms
		EnsureUptoDateAssetsAreRegisteredWithGuidPM: 5.355ms
		ImportSchedulerStart: 344.878ms
	PostProcessAllAssets: 1733.649ms
		MonoPostProcessAllAssets: 1733.040ms
			AssetPostprocessorProxy.OnPostprocessAllAssets 333.094ms
			UniversalRenderPipelineGlobalSettingsPostprocessor.OnPostprocessAllAssets 140.642ms
			SyncVS.PostprocessSyncProject 45.471ms
			SpeedTree9Postprocessor.OnPostprocessAllAssets 31.290ms
			EditModeScopePostprocessor.OnPostprocessAllAssets 14.641ms
			WindowAssetPostprocessingWatcher.OnPostprocessAllAssets 12.864ms
			RenderPipelineGlobalSettingsPostprocessor.OnPostprocessAllAssets 12.657ms
			InputActionAssetPostprocessor.OnPostprocessAllAssets 12.341ms
			ProjectSettingsPostprocessor.OnPostprocessAllAssets 11.183ms
			GraphRefreshPostprocessor.OnPostprocessAllAssets 10.599ms
			TerrainToolbarOverlayPostProcessor.OnPostprocessAllAssets 9.567ms
			ShaderReflectionAssetPostProcessor.OnPostprocessAllAssets 7.440ms
			AssetChangeDetector.OnPostprocessAllAssets 5.071ms
			ReferencedClipsPostProcessor.OnPostprocessAllAssets 2.897ms
			AssetDatabaseCallbacks.OnPostprocessAllAssets 1.385ms
	UnloadStreamsBegin: 8.725ms
	PersistCurrentRevisions: 0.858ms
	GenerateScriptTypeHashes: 14.776ms
	GenerateScriptTypeSerializationHashes: 22.680ms
	Untracked: 68977.946ms

Application.AssetDatabase Initial Refresh End
Launched and connected shader compiler UnityShaderCompiler.exe after 0.19 seconds
Scanning for USB devices : 53.074ms
Initializing Unity extensions:
[Licensing::Client] Successfully resolved entitlement details
[Licensing::Module] License group:
  Id: F4-YV7J-TBXH-N7G4-SQYR-XXXX
  Product: Unity Personal
  Type: ULF
  Expiration: Unlimited
[Licensing::Module] License group:
  Id: 5773397425070-UnityPersXXXX
  Product: Unity Personal
  Type: Assigned
  Expiration: Unlimited
[MODES] ModeService[none].Initialize
[MODES] ModeService[none].LoadModes
[MODES] Loading mode Default (0) for mode-current-id-Conquian
Worker ready: AssetImportWorkerHW0 0
[Licensing::Client] Successfully resolved entitlement details
[Licensing::Module] License group:
  Id: F4-YV7J-TBXH-N7G4-SQYR-XXXX
  Product: Unity Personal
  Type: ULF
  Expiration: Unlimited
[Licensing::Module] License group:
  Id: 5773397425070-UnityPersXXXX
  Product: Unity Personal
  Type: Assigned
  Expiration: Unlimited
Unloading 68 Unused Serialized files (Serialized files now loaded: 0)
Loaded scene 'Assets/Scenes/SampleScene.unity'
	Deserialize:            163.919 ms
	Integration:            5649.173 ms
	Integration of assets:  171.425 ms
	Thread Wait Time:       0.198 ms
	Total Operation Time:   5984.716 ms
[Licensing::Client] Successfully resolved entitlement details
[Licensing::Module] License group:
  Id: F4-YV7J-TBXH-N7G4-SQYR-XXXX
  Product: Unity Personal
  Type: ULF
  Expiration: Unlimited
[Licensing::Module] License group:
  Id: 5773397425070-UnityPersXXXX
  Product: Unity Personal
  Type: Assigned
  Expiration: Unlimited
Unloading 13213 unused Assets / (16.1 MB). Loaded Objects now: 14339.
Memory consumption went from 0.67 GB to 0.66 GB.
Total: 815.083100 ms (FindLiveObjects: 5.980400 ms CreateObjectMapping: 28.423200 ms MarkObjects: 689.896800 ms  DeleteObjects: 90.318300 ms)

[LAYOUT] About to load UserSettings\Layouts\default-6000.dwlt, keepMainWindow=False
[LAYOUT] About to save layout C:\Users\dast0\Conquian\UserSettings\Layouts\default-6000.dwlt
[LAYOUT] About to save layout C:/Users/dast0/AppData/Roaming/Unity/Editor-5.x/Preferences\Layouts\current\default-6000.dwlt
[MODES] ModeService[default].InitializeCurrentMode
[MODES] ModeService[default].RaiseModeChanged(default, default)
<RI> Initializing input.
Using Windows.Gaming.Input
D3D11 device created for Microsoft Media Foundation video decoding.
[Project] Loading completed in 247.185 seconds
	Project init time: 				219.839 seconds
		Template init time: 		0.000 seconds
		Package Manager init time: 		18.442 seconds
		Asset Database init time: 		3.927 seconds
		Global illumination init time: 	0.021 seconds
		Assemblies load time: 			55.826 seconds
		Unity extensions init time: 	0.758 seconds
		Asset Database refresh time: 	120.204 seconds
	Scene opening time: 			26.531 seconds
##utp:{"type":"ProjectInfo","version":2,"phase":"Immediate","time":1787401512615,"processId":3252,"projectLoad":247.1847482,"projectInit":219.8386652,"templateInit":0.0,"packageManagerInit":18.442132,"assetDatabaseInit":3.9265656,"globalIlluminationInit":0.0212019,"assembliesLoad":55.826438,"unityExtensionsInit":0.7583783,"assetDatabaseRefresh":120.2043349,"sceneOpening":26.5308048}
##utp:{"type":"EditorInfo","version":2,"phase":"Immediate","time":1787401512616,"processId":3252,"editorVersion":"6000.5.8f1 (5cb7df797b7d)","branch":"6000.5/staging","buildType":"Release","platform":"Windows"}

Asset Pipeline Refresh (id=62121bdc6189fc242a107944901033b6): Total: 1.390 seconds - Initiated by RefreshV2(AllowForceSynchronousImport)
	(Values over 0.05ms)
	Summary:
		Imports: total=0 (actual=0, local cache=0, cache server=0)
		Asset DB Process Time: managed=0 ms, native=1387 ms
		Asset DB Callback time: managed=0 ms, native=2 ms
		Scripting: domain reloads=0, domain reload time=0 ms, compile time=0 ms, other=0 ms
		Project Asset Count: scripts=2876, non-scripts=6443
		Asset File Changes: new=0, changed=0, moved=0, deleted=0
		Scan Filter Count: 0
	InvokeCustomDependenciesCallbacks: 0.510ms
	InvokePackagesCallback: 3.477ms
	ApplyChangesToAssetFolders: 1.189ms
	Scan: 83.858ms
	Collect global state as custom dependencies: 5.786ms
	CategorizeScriptCompilationAssets: 0.411ms
	ProcessAssetsWithTransientArtifactChanges: 5.526ms
	CategorizeAssets: 577.841ms
	CompileScripts: 0.404ms
	ImportOutOfDateAssets: 305.604ms (89.916ms without children)
		ReloadNativeAssets: 0.153ms
		UnloadImportedAssets: 0.195ms
		EnsureUptoDateAssetsAreRegisteredWithGuidPM: 3.351ms
		ImportSchedulerStart: 211.979ms
	GatherAllCurrentPrimaryImportResultRevisions: 19.092ms
	UnloadStreamsBegin: 4.161ms
	PersistCurrentRevisions: 0.683ms
	Untracked: 366.072ms

[Licensing::Client] Successfully resolved entitlement details
[Licensing::Module] License group:
  Id: F4-YV7J-TBXH-N7G4-SQYR-XXXX
  Product: Unity Personal
  Type: ULF
  Expiration: Unlimited
[Licensing::Module] License group:
  Id: 5773397425070-UnityPersXXXX
  Product: Unity Personal
  Type: Assigned
  Expiration: Unlimited
Account API did not become accessible within 30 seconds. This may be due to network issues or editor focus.
UnityEngine.Debug:ExtractStackTraceNoAlloc (byte*,int,string)
UnityEngine.StackTraceUtility:ExtractStackTrace ()
UnityEngine.DebugLogHandler:Internal_Log (UnityEngine.LogType,UnityEngine.LogOption,string,UnityEngine.Object)
UnityEngine.DebugLogHandler:LogFormat (UnityEngine.LogType,UnityEngine.Object,string,object[])
UnityEngine.Logger:Log (UnityEngine.LogType,object)
UnityEngine.Debug:LogWarning (object)
Unity.AI.Toolkit.Accounts.Services.States.ApiAccessibleState/<WaitForCloudProjectSettings>d__4:MoveNext () (at ./Library/PackageCache/com.unity.ai.assistant@284c75a8d208/Modules/Unity.AI.Toolkit.Accounts/Services/States/ApiAccessibleState.cs:46)
System.Runtime.CompilerServices.AsyncMethodBuilderCore/MoveNextRunner:InvokeMoveNext (object)
System.Threading.ExecutionContext:RunInternal (System.Threading.ExecutionContext,System.Threading.ContextCallback,object,bool)
System.Threading.ExecutionContext:Run (System.Threading.ExecutionContext,System.Threading.ContextCallback,object,bool)
System.Runtime.CompilerServices.AsyncMethodBuilderCore/MoveNextRunner:Run ()
System.Threading.Tasks.AwaitTaskContinuation:InvokeAction (object)
System.Threading.Tasks.AwaitTaskContinuation:RunCallback (System.Threading.ContextCallback,object,System.Threading.Tasks.Task&)
System.Threading.Tasks.SynchronizationContextAwaitTaskContinuation:Run (System.Threading.Tasks.Task,bool)
System.Threading.Tasks.Task:FinishContinuations ()
System.Threading.Tasks.Task:FinishStageThree ()
System.Threading.Tasks.Task`1<bool>:TrySetResult (bool)
System.Threading.Tasks.TaskCompletionSource`1<bool>:TrySetResult (bool)
Unity.AI.Toolkit.EditorTask/<>c__DisplayClass22_0:<WaitForCondition>b__0 () (at ./Library/PackageCache/com.unity.ai.assistant@284c75a8d208/Modules/Unity.AI.Toolkit.Async/EditorTask.cs:420)
UnityEditor.EditorApplication:Internal_CallUpdateFunctions ()

(Filename: ./Library/PackageCache/com.unity.ai.assistant@284c75a8d208/Modules/Unity.AI.Toolkit.Accounts/Services/States/ApiAccessibleState.cs Line: 46)

[Licensing::Client] Error: Code 404 while processing request (status: Found 0 entitlement groups and 0 free entitlements matching requested entitlement ids)
[Licensing::Client] Error: Code 404 while processing request (status: Found 0 entitlement groups and 0 free entitlements matching requested entitlement ids)
[Licensing::Client] Error: Code 404 while processing request (status: Found 0 entitlement groups and 0 free entitlements matching requested entitlement ids)
Start Indexing on Editor startup
[Indexing] Starting Initial Indexing for Assets
Android Extension - Scanning For ADB Devices 3100 ms
[INFO ] [relay] relay.startup port=9001 mcpClientPort=9002 editorPid=3252
[INFO ] [relay] log === RELAY SERVER STARTED === (unity-ai-relay v1.0.12-build.97)
[INFO ] [relay] log Starting relay server...
[INFO ] [relay] log Command line arguments: ["bun","B:/~BUN/root/relay_win.exe","--relay","--port","9001","--mcp-client-port","9002","--editor-pid","3252","--shutdown-delay","180","--log-dir","C:\\Users\\dast0\\Conquian\\Logs"]
[INFO ] [relay] log Parsed config: {"port":9001,"mcpClientPort":9002,"editorPid":"3252","shutdownDelaySeconds":180}
[INFO ] [relay] log Initializing relay components...
[INFO ] [relay] log Creating RelayEditor...
[INFO ] [relay] log WebSocket server started
[INFO ] [relay] log Relay server initialization completed
[INFO ] [relay] log MCP Client initialized at port: 9002
[WARN ] [relay] log [shell-env] Shell environment did not contain a PATH variable
[INFO ] [relay] log Unity MCP Relay server started | Port: 9002 | Endpoints: /mcp/start-server, /mcp/stop-server, /mcp/server-status, /mcp/call-tool
[INFO ] [relay] log Unity client connected with ID: editor-3252-c01i13 (relay 1.0.12-build.97)
[INFO ] [relay] connection.established clientId=editor-3252-c01i13 port=9001
Created GICache directory at C:/Users/dast0/AppData/LocalLow/Unity/Caches/GiCache. Took: 0.121s, timestamps: [254.112 - 254.233]
[Licensing::Client] Successfully resolved entitlement details
[Licensing::Client] Successfully resolved entitlement details
[Licensing::Client] Successfully resolved entitlement details
[Licensing::Client] Successfully resolved entitlement details
[Licensing::Client] Successfully updated the access token
[Licensing::Module] Successfully updated access token: "mP32NpjH"... (expires: 2026-08-22T14:20:26Z)
Android Extension - Scanning For ADB Devices 784 ms
Attempted to call .Dispose on an already disposed CancellationTokenSource
Android Extension - Scanning For ADB Devices 497 ms
UPID Received '826535e3-7aa3-41f3-9deb-cffac0b844bc'.
Android Extension - Scanning For ADB Devices 476 ms
[Licensing::Client] Error: Code 404 while processing request (status: Found 0 entitlement groups and 0 free entitlements matching requested entitlement ids)
[Licensing::Client] Error: Code 404 while processing request (status: Found 0 entitlement groups and 0 free entitlements matching requested entitlement ids)
[Licensing::Client] Error: Code 404 while processing request (status: Found 0 entitlement groups and 0 free entitlements matching requested entitlement ids)
[Licensing::Client] Error: Code 404 while processing request (status: Found 0 entitlement groups and 0 free entitlements matching requested entitlement ids)
[Licensing::Client] Error: Code 404 while processing request (status: Found 0 entitlement groups and 0 free entitlements matching requested entitlement ids)
[Licensing::Client] Error: Code 404 while processing request (status: Found 0 entitlement groups and 0 free entitlements matching requested entitlement ids)
[Licensing::Client] Error: Code 404 while processing request (status: Found 0 entitlement groups and 0 free entitlements matching requested entitlement ids)
[Licensing::Client] Error: Code 404 while processing request (status: Found 0 entitlement groups and 0 free entitlements matching requested entitlement ids)
[Licensing::Client] Error: Code 404 while processing request (status: Found 0 entitlement groups and 0 free entitlements matching requested entitlement ids)
[Licensing::Client] Error: Code 404 while processing request (status: Found 0 entitlement groups and 0 free entitlements matching requested entitlement ids)
[Licensing::Client] Error: Code 404 while processing request (status: Found 0 entitlement groups and 0 free entitlements matching requested entitlement ids)
[Licensing::Client] Error: Code 404 while processing request (status: Found 0 entitlement groups and 0 free entitlements matching requested entitlement ids)
[Licensing::Client] Successfully resolved entitlement details
Error reason is 'NoSubscription' and no additional error information was provided (https://generators.ai.unity.com).
UnityEngine.Debug:ExtractStackTraceNoAlloc (byte*,int,string)
UnityEngine.StackTraceUtility:ExtractStackTrace ()
UnityEngine.DebugLogHandler:Internal_Log (UnityEngine.LogType,UnityEngine.LogOption,string,UnityEngine.Object)
UnityEngine.DebugLogHandler:LogFormat (UnityEngine.LogType,UnityEngine.Object,string,object[])
UnityEngine.Logger:Log (UnityEngine.LogType,object)
UnityEngine.Debug:Log (object)
Unity.AI.ModelSelector.Services.Stores.Actions.ModelSelectorSuperProxyActions/<>c/<<-cctor>b__8_0>d:MoveNext () (at ./Library/PackageCache/com.unity.ai.assistant@284c75a8d208/Modules/Unity.AI.ModelSelector/Services/Stores/Actions/ModelSelectorSuperProxyActions.cs:495)
System.Runtime.CompilerServices.AsyncMethodBuilderCore/MoveNextRunner:InvokeMoveNext (object)
System.Threading.ExecutionContext:RunInternal (System.Threading.ExecutionContext,System.Threading.ContextCallback,object,bool)
System.Threading.ExecutionContext:Run (System.Threading.ExecutionContext,System.Threading.ContextCallback,object,bool)
System.Runtime.CompilerServices.AsyncMethodBuilderCore/MoveNextRunner:Run ()
System.Threading.Tasks.AwaitTaskContinuation:InvokeAction (object)
System.Threading.Tasks.AwaitTaskContinuation:RunCallback (System.Threading.ContextCallback,object,System.Threading.Tasks.Task&)
System.Threading.Tasks.SynchronizationContextAwaitTaskContinuation:Run (System.Threading.Tasks.Task,bool)
System.Threading.Tasks.Task:FinishContinuations ()
System.Threading.Tasks.Task:FinishStageThree ()
System.Threading.Tasks.Task`1<AiEditorToolsSdk.Components.Common.Responses.Wrappers.OperationResult`1<AiEditorToolsSdk.Components.GenerativeModels.Responses.ModelListV2.ModelListFullResult>>:TrySetResult (AiEditorToolsSdk.Components.Common.Responses.Wrappers.OperationResult`1<AiEditorToolsSdk.Components.GenerativeModels.Responses.ModelListV2.ModelListFullResult>)
System.Runtime.CompilerServices.AsyncTaskMethodBuilder`1<AiEditorToolsSdk.Components.Common.Responses.Wrappers.OperationResult`1<AiEditorToolsSdk.Components.GenerativeModels.Responses.ModelListV2.ModelListFullResult>>:SetResult (AiEditorToolsSdk.Components.Common.Responses.Wrappers.OperationResult`1<AiEditorToolsSdk.Components.GenerativeModels.Responses.ModelListV2.ModelListFullResult>)
AiEditorToolsSdk.Components.GenerativeModels.GenerativeModelsComponentV2/<GetModelsAsync>d__5:MoveNext ()
System.Runtime.CompilerServices.AsyncMethodBuilderCore/MoveNextRunner:InvokeMoveNext (object)
System.Threading.ExecutionContext:RunInternal (System.Threading.ExecutionContext,System.Threading.ContextCallback,object,bool)
System.Threading.ExecutionContext:Run (System.Threading.ExecutionContext,System.Threading.ContextCallback,object,bool)
System.Runtime.CompilerServices.AsyncMethodBuilderCore/MoveNextRunner:Run ()
System.Threading.Tasks.AwaitTaskContinuation:InvokeAction (object)
System.Threading.Tasks.AwaitTaskContinuation:RunCallback (System.Threading.ContextCallback,object,System.Threading.Tasks.Task&)
System.Threading.Tasks.SynchronizationContextAwaitTaskContinuation:Run (System.Threading.Tasks.Task,bool)
System.Threading.Tasks.Task:FinishContinuations ()
System.Threading.Tasks.Task:FinishStageThree ()
System.Threading.Tasks.Task`1<AiEditorToolsSdk.Components.Common.Responses.Wrappers.OperationResult`1<AiEditorToolsSdk.Components.GenerativeModels.Responses.ModelListV2.ModelListFullResult>>:TrySetResult (AiEditorToolsSdk.Components.Common.Responses.Wrappers.OperationResult`1<AiEditorToolsSdk.Components.GenerativeModels.Responses.ModelListV2.ModelListFullResult>)
System.Runtime.CompilerServices.AsyncTaskMethodBuilder`1<AiEditorToolsSdk.Components.Common.Responses.Wrappers.OperationResult`1<AiEditorToolsSdk.Components.GenerativeModels.Responses.ModelListV2.ModelListFullResult>>:SetResult (AiEditorToolsSdk.Components.Common.Responses.Wrappers.OperationResult`1<AiEditorToolsSdk.Components.GenerativeModels.Responses.ModelListV2.ModelListFullResult>)
AiEditorToolsSdk.Application.InternalServices.SdkOperation.SdkOperationService/<ExecuteRequest>d__4`1<AiEditorToolsSdk.Components.GenerativeModels.Responses.ModelListV2.ModelListFullResult>:MoveNext ()
System.Runtime.CompilerServices.AsyncMethodBuilderCore/MoveNextRunner:InvokeMoveNext (object)
System.Threading.ExecutionContext:RunInternal (System.Threading.ExecutionContext,System.Threading.ContextCallback,object,bool)
System.Threading.ExecutionContext:Run (System.Threading.ExecutionContext,System.Threading.ContextCallback,object,bool)
System.Runtime.CompilerServices.AsyncMethodBuilderCore/MoveNextRunner:Run ()
System.Threading.Tasks.AwaitTaskContinuation:InvokeAction (object)
System.Threading.Tasks.AwaitTaskContinuation:RunCallback (System.Threading.ContextCallback,object,System.Threading.Tasks.Task&)
System.Threading.Tasks.SynchronizationContextAwaitTaskContinuation:Run (System.Threading.Tasks.Task,bool)
System.Threading.Tasks.Task:FinishContinuations ()
System.Threading.Tasks.Task:FinishStageThree ()
System.Threading.Tasks.Task`1<AiEditorToolsSdk.Components.Common.Responses.Wrappers.OperationResult`1<AiEditorToolsSdk.Components.GenerativeModels.Responses.ModelListV2.ModelListFullResult>>:TrySetResult (AiEditorToolsSdk.Components.Common.Responses.Wrappers.OperationResult`1<AiEditorToolsSdk.Components.GenerativeModels.Responses.ModelListV2.ModelListFullResult>)
System.Runtime.CompilerServices.AsyncTaskMethodBuilder`1<AiEditorToolsSdk.Components.Common.Responses.Wrappers.OperationResult`1<AiEditorToolsSdk.Components.GenerativeModels.Responses.ModelListV2.ModelListFullResult>>:SetResult (AiEditorToolsSdk.Components.Common.Responses.Wrappers.OperationResult`1<AiEditorToolsSdk.Components.GenerativeModels.Responses.ModelListV2.ModelListFullResult>)
AiEditorToolsSdk.Application.Gateways.GenerativeModels.V2.GenerativeModelsGatewayV2/<GetModelsAsync>d__4:MoveNext ()
System.Runtime.CompilerServices.AsyncMethodBuilderCore/MoveNextRunner:InvokeMoveNext (object)
System.Threading.ExecutionContext:RunInternal (System.Threading.ExecutionContext,System.Threading.ContextCallback,object,bool)
System.Threading.ExecutionContext:Run (System.Threading.ExecutionContext,System.Threading.ContextCallback,object,bool)
System.Runtime.CompilerServices.AsyncMethodBuilderCore/MoveNextRunner:Run ()
System.Threading.Tasks.AwaitTaskContinuation:InvokeAction (object)
System.Threading.Tasks.AwaitTaskContinuation:RunCallback (System.Threading.ContextCallback,object,System.Threading.Tasks.Task&)
System.Threading.Tasks.SynchronizationContextAwaitTaskContinuation:Run (System.Threading.Tasks.Task,bool)
System.Threading.Tasks.Task:FinishContinuations ()
System.Threading.Tasks.Task:FinishStageThree ()
System.Threading.Tasks.Task`1<AiEditorToolsSdk.Domain.Core.Results.Result`2<SuperProxyClientV1Namespace.ModelListFullResponse, AiEditorToolsSdk.Domain.Core.Errors.ApiError>>:TrySetResult (AiEditorToolsSdk.Domain.Core.Results.Result`2<SuperProxyClientV1Namespace.ModelListFullResponse, AiEditorToolsSdk.Domain.Core.Errors.ApiError>)
System.Runtime.CompilerServices.AsyncTaskMethodBuilder`1<AiEditorToolsSdk.Domain.Core.Results.Result`2<SuperProxyClientV1Namespace.ModelListFullResponse, AiEditorToolsSdk.Domain.Core.Errors.ApiError>>:SetResult (AiEditorToolsSdk.Domain.Core.Results.Result`2<SuperProxyClientV1Namespace.ModelListFullResponse, AiEditorToolsSdk.Domain.Core.Errors.ApiError>)
AiEditorToolsSdk.Application.InternalServices.ApiClientProcessor.ApiClientProcessorService/<ProcessApiRequest>d__5`1<SuperProxyClientV1Namespace.ModelListFullResponse>:MoveNext ()
System.Runtime.CompilerServices.AsyncMethodBuilderCore/MoveNextRunner:InvokeMoveNext (object)
System.Threading.ExecutionContext:RunInternal (System.Threading.ExecutionContext,System.Threading.ContextCallback,object,bool)
System.Threading.ExecutionContext:Run (System.Threading.ExecutionContext,System.Threading.ContextCallback,object,bool)
System.Runtime.CompilerServices.AsyncMethodBuilderCore/MoveNextRunner:Run ()
System.Threading.Tasks.AwaitTaskContinuation:InvokeAction (object)
System.Threading.Tasks.AwaitTaskContinuation:RunCallback (System.Threading.ContextCallback,object,System.Threading.Tasks.Task&)
System.Threading.Tasks.SynchronizationContextAwaitTaskContinuation:Run (System.Threading.Tasks.Task,bool)
System.Threading.Tasks.Task:FinishContinuations ()
System.Threading.Tasks.Task:FinishStageThree ()
System.Threading.Tasks.Task`1<AiEditorToolsSdk.Domain.Core.Results.Result`2<SuperProxyClientV1Namespace.ModelListFullResponse, AiEditorToolsSdk.Domain.Core.Errors.ApiError>>:TrySetResult (AiEditorToolsSdk.Domain.Core.Results.Result`2<SuperProxyClientV1Namespace.ModelListFullResponse, AiEditorToolsSdk.Domain.Core.Errors.ApiError>)
System.Runtime.CompilerServices.AsyncTaskMethodBuilder`1<AiEditorToolsSdk.Domain.Core.Results.Result`2<SuperProxyClientV1Namespace.ModelListFullResponse, AiEditorToolsSdk.Domain.Core.Errors.ApiError>>:SetResult (AiEditorToolsSdk.Domain.Core.Results.Result`2<SuperProxyClientV1Namespace.ModelListFullResponse, AiEditorToolsSdk.Domain.Core.Errors.ApiError>)
AiEditorToolsSdk.Application.InternalServices.ApiClientProcessor.ApiClientProcessorService/<ProcessApiRequestImpl>d__6`1<SuperProxyClientV1Namespace.ModelListFullResponse>:MoveNext ()
System.Runtime.CompilerServices.AsyncMethodBuilderCore/MoveNextRunner:InvokeMoveNext (object)
System.Threading.ExecutionContext:RunInternal (System.Threading.ExecutionContext,System.Threading.ContextCallback,object,bool)
System.Threading.ExecutionContext:Run (System.Threading.ExecutionContext,System.Threading.ContextCallback,object,bool)
System.Runtime.CompilerServices.AsyncMethodBuilderCore/MoveNextRunner:Run ()
System.Threading.Tasks.AwaitTaskContinuation:InvokeAction (object)
System.Threading.Tasks.AwaitTaskContinuation:RunCallback (System.Threading.ContextCallback,object,System.Threading.Tasks.Task&)
System.Threading.Tasks.SynchronizationContextAwaitTaskContinuation:Run (System.Threading.Tasks.Task,bool)
System.Threading.Tasks.Task:FinishContinuations ()
System.Threading.Tasks.Task:FinishStageThree ()
System.Threading.Tasks.Task:FinishStageTwo ()
System.Threading.Tasks.Task:Finish (bool)
System.Threading.Tasks.Task:TrySetException (object)
System.Runtime.CompilerServices.AsyncTaskMethodBuilder`1<SuperProxyClientV1Namespace.ModelListFullResponse>:SetException (System.Exception)
AiEditorToolsSdk.Application.Gateways.GenerativeModels.V2.GenerativeModelsGatewayV2/<>c__DisplayClass4_0/<<GetModelsAsync>b__0>d:MoveNext ()
System.Runtime.CompilerServices.AsyncMethodBuilderCore/MoveNextRunner:InvokeMoveNext (object)
System.Threading.ExecutionContext:RunInternal (System.Threading.ExecutionContext,System.Threading.ContextCallback,object,bool)
System.Threading.ExecutionContext:Run (System.Threading.ExecutionContext,System.Threading.ContextCallback,object,bool)
System.Runtime.CompilerServices.AsyncMethodBuilderCore/MoveNextRunner:Run ()
System.Threading.Tasks.SynchronizationContextAwaitTaskContinuation/<>c:<.cctor>b__7_0 (object)
UnityEngine.UnitySynchronizationContext/WorkRequest:Invoke ()
UnityEngine.UnitySynchronizationContext:Exec ()
UnityEngine.UnitySynchronizationContext:ExecuteTasks ()

(Filename: ./Library/PackageCache/com.unity.ai.assistant@284c75a8d208/Modules/Unity.AI.ModelSelector/Services/Stores/Actions/ModelSelectorSuperProxyActions.cs Line: 495)

Error reason is 'NoSubscription' and no additional error information was provided (https://generators.ai.unity.com).
UnityEngine.Debug:ExtractStackTraceNoAlloc (byte*,int,string)
UnityEngine.StackTraceUtility:ExtractStackTrace ()
UnityEngine.DebugLogHandler:Internal_Log (UnityEngine.LogType,UnityEngine.LogOption,string,UnityEngine.Object)
UnityEngine.DebugLogHandler:LogFormat (UnityEngine.LogType,UnityEngine.Object,string,object[])
UnityEngine.Logger:Log (UnityEngine.LogType,object)
UnityEngine.Debug:Log (object)
Unity.AI.ModelSelector.Services.Stores.Actions.ModelSelectorSuperProxyActions/<>c/<<-cctor>b__8_0>d:MoveNext () (at ./Library/PackageCache/com.unity.ai.assistant@284c75a8d208/Modules/Unity.AI.ModelSelector/Services/Stores/Actions/ModelSelectorSuperProxyActions.cs:495)
System.Runtime.CompilerServices.AsyncMethodBuilderCore/MoveNextRunner:InvokeMoveNext (object)
System.Threading.ExecutionContext:RunInternal (System.Threading.ExecutionContext,System.Threading.ContextCallback,object,bool)
System.Threading.ExecutionContext:Run (System.Threading.ExecutionContext,System.Threading.ContextCallback,object,bool)
System.Runtime.CompilerServices.AsyncMethodBuilderCore/MoveNextRunner:Run ()
System.Threading.Tasks.AwaitTaskContinuation:InvokeAction (object)
System.Threading.Tasks.AwaitTaskContinuation:RunCallback (System.Threading.ContextCallback,object,System.Threading.Tasks.Task&)
System.Threading.Tasks.SynchronizationContextAwaitTaskContinuation:Run (System.Threading.Tasks.Task,bool)
System.Threading.Tasks.Task:FinishContinuations ()
System.Threading.Tasks.Task:FinishStageThree ()
System.Threading.Tasks.Task`1<AiEditorToolsSdk.Components.Common.Responses.Wrappers.OperationResult`1<AiEditorToolsSdk.Components.GenerativeModels.Responses.ModelListV2.ModelListFullResult>>:TrySetResult (AiEditorToolsSdk.Components.Common.Responses.Wrappers.OperationResult`1<AiEditorToolsSdk.Components.GenerativeModels.Responses.ModelListV2.ModelListFullResult>)
System.Runtime.CompilerServices.AsyncTaskMethodBuilder`1<AiEditorToolsSdk.Components.Common.Responses.Wrappers.OperationResult`1<AiEditorToolsSdk.Components.GenerativeModels.Responses.ModelListV2.ModelListFullResult>>:SetResult (AiEditorToolsSdk.Components.Common.Responses.Wrappers.OperationResult`1<AiEditorToolsSdk.Components.GenerativeModels.Responses.ModelListV2.ModelListFullResult>)
AiEditorToolsSdk.Components.GenerativeModels.GenerativeModelsComponentV2/<GetModelsAsync>d__5:MoveNext ()
System.Runtime.CompilerServices.AsyncMethodBuilderCore/MoveNextRunner:InvokeMoveNext (object)
System.Threading.ExecutionContext:RunInternal (System.Threading.ExecutionContext,System.Threading.ContextCallback,object,bool)
System.Threading.ExecutionContext:Run (System.Threading.ExecutionContext,System.Threading.ContextCallback,object,bool)
System.Runtime.CompilerServices.AsyncMethodBuilderCore/MoveNextRunner:Run ()
System.Threading.Tasks.AwaitTaskContinuation:InvokeAction (object)
System.Threading.Tasks.AwaitTaskContinuation:RunCallback (System.Threading.ContextCallback,object,System.Threading.Tasks.Task&)
System.Threading.Tasks.SynchronizationContextAwaitTaskContinuation:Run (System.Threading.Tasks.Task,bool)
System.Threading.Tasks.Task:FinishContinuations ()
System.Threading.Tasks.Task:FinishStageThree ()
System.Threading.Tasks.Task`1<AiEditorToolsSdk.Components.Common.Responses.Wrappers.OperationResult`1<AiEditorToolsSdk.Components.GenerativeModels.Responses.ModelListV2.ModelListFullResult>>:TrySetResult (AiEditorToolsSdk.Components.Common.Responses.Wrappers.OperationResult`1<AiEditorToolsSdk.Components.GenerativeModels.Responses.ModelListV2.ModelListFullResult>)
System.Runtime.CompilerServices.AsyncTaskMethodBuilder`1<AiEditorToolsSdk.Components.Common.Responses.Wrappers.OperationResult`1<AiEditorToolsSdk.Components.GenerativeModels.Responses.ModelListV2.ModelListFullResult>>:SetResult (AiEditorToolsSdk.Components.Common.Responses.Wrappers.OperationResult`1<AiEditorToolsSdk.Components.GenerativeModels.Responses.ModelListV2.ModelListFullResult>)
AiEditorToolsSdk.Application.InternalServices.SdkOperation.SdkOperationService/<ExecuteRequest>d__4`1<AiEditorToolsSdk.Components.GenerativeModels.Responses.ModelListV2.ModelListFullResult>:MoveNext ()
System.Runtime.CompilerServices.AsyncMethodBuilderCore/MoveNextRunner:InvokeMoveNext (object)
System.Threading.ExecutionContext:RunInternal (System.Threading.ExecutionContext,System.Threading.ContextCallback,object,bool)
System.Threading.ExecutionContext:Run (System.Threading.ExecutionContext,System.Threading.ContextCallback,object,bool)
System.Runtime.CompilerServices.AsyncMethodBuilderCore/MoveNextRunner:Run ()
System.Threading.Tasks.AwaitTaskContinuation:InvokeAction (object)
System.Threading.Tasks.AwaitTaskContinuation:RunCallback (System.Threading.ContextCallback,object,System.Threading.Tasks.Task&)
System.Threading.Tasks.SynchronizationContextAwaitTaskContinuation:Run (System.Threading.Tasks.Task,bool)
System.Threading.Tasks.Task:FinishContinuations ()
System.Threading.Tasks.Task:FinishStageThree ()
System.Threading.Tasks.Task`1<AiEditorToolsSdk.Components.Common.Responses.Wrappers.OperationResult`1<AiEditorToolsSdk.Components.GenerativeModels.Responses.ModelListV2.ModelListFullResult>>:TrySetResult (AiEditorToolsSdk.Components.Common.Responses.Wrappers.OperationResult`1<AiEditorToolsSdk.Components.GenerativeModels.Responses.ModelListV2.ModelListFullResult>)
System.Runtime.CompilerServices.AsyncTaskMethodBuilder`1<AiEditorToolsSdk.Components.Common.Responses.Wrappers.OperationResult`1<AiEditorToolsSdk.Components.GenerativeModels.Responses.ModelListV2.ModelListFullResult>>:SetResult (AiEditorToolsSdk.Components.Common.Responses.Wrappers.OperationResult`1<AiEditorToolsSdk.Components.GenerativeModels.Responses.ModelListV2.ModelListFullResult>)
AiEditorToolsSdk.Application.Gateways.GenerativeModels.V2.GenerativeModelsGatewayV2/<GetModelsAsync>d__4:MoveNext ()
System.Runtime.CompilerServices.AsyncMethodBuilderCore/MoveNextRunner:InvokeMoveNext (object)
System.Threading.ExecutionContext:RunInternal (System.Threading.ExecutionContext,System.Threading.ContextCallback,object,bool)
System.Threading.ExecutionContext:Run (System.Threading.ExecutionContext,System.Threading.ContextCallback,object,bool)
System.Runtime.CompilerServices.AsyncMethodBuilderCore/MoveNextRunner:Run ()
System.Threading.Tasks.AwaitTaskContinuation:InvokeAction (object)
System.Threading.Tasks.AwaitTaskContinuation:RunCallback (System.Threading.ContextCallback,object,System.Threading.Tasks.Task&)
System.Threading.Tasks.SynchronizationContextAwaitTaskContinuation:Run (System.Threading.Tasks.Task,bool)
System.Threading.Tasks.Task:FinishContinuations ()
System.Threading.Tasks.Task:FinishStageThree ()
System.Threading.Tasks.Task`1<AiEditorToolsSdk.Domain.Core.Results.Result`2<SuperProxyClientV1Namespace.ModelListFullResponse, AiEditorToolsSdk.Domain.Core.Errors.ApiError>>:TrySetResult (AiEditorToolsSdk.Domain.Core.Results.Result`2<SuperProxyClientV1Namespace.ModelListFullResponse, AiEditorToolsSdk.Domain.Core.Errors.ApiError>)
System.Runtime.CompilerServices.AsyncTaskMethodBuilder`1<AiEditorToolsSdk.Domain.Core.Results.Result`2<SuperProxyClientV1Namespace.ModelListFullResponse, AiEditorToolsSdk.Domain.Core.Errors.ApiError>>:SetResult (AiEditorToolsSdk.Domain.Core.Results.Result`2<SuperProxyClientV1Namespace.ModelListFullResponse, AiEditorToolsSdk.Domain.Core.Errors.ApiError>)
AiEditorToolsSdk.Application.InternalServices.ApiClientProcessor.ApiClientProcessorService/<ProcessApiRequest>d__5`1<SuperProxyClientV1Namespace.ModelListFullResponse>:MoveNext ()
System.Runtime.CompilerServices.AsyncMethodBuilderCore/MoveNextRunner:InvokeMoveNext (object)
System.Threading.ExecutionContext:RunInternal (System.Threading.ExecutionContext,System.Threading.ContextCallback,object,bool)
System.Threading.ExecutionContext:Run (System.Threading.ExecutionContext,System.Threading.ContextCallback,object,bool)
System.Runtime.CompilerServices.AsyncMethodBuilderCore/MoveNextRunner:Run ()
System.Threading.Tasks.AwaitTaskContinuation:InvokeAction (object)
System.Threading.Tasks.AwaitTaskContinuation:RunCallback (System.Threading.ContextCallback,object,System.Threading.Tasks.Task&)
System.Threading.Tasks.SynchronizationContextAwaitTaskContinuation:Run (System.Threading.Tasks.Task,bool)
System.Threading.Tasks.Task:FinishContinuations ()
System.Threading.Tasks.Task:FinishStageThree ()
System.Threading.Tasks.Task`1<AiEditorToolsSdk.Domain.Core.Results.Result`2<SuperProxyClientV1Namespace.ModelListFullResponse, AiEditorToolsSdk.Domain.Core.Errors.ApiError>>:TrySetResult (AiEditorToolsSdk.Domain.Core.Results.Result`2<SuperProxyClientV1Namespace.ModelListFullResponse, AiEditorToolsSdk.Domain.Core.Errors.ApiError>)
System.Runtime.CompilerServices.AsyncTaskMethodBuilder`1<AiEditorToolsSdk.Domain.Core.Results.Result`2<SuperProxyClientV1Namespace.ModelListFullResponse, AiEditorToolsSdk.Domain.Core.Errors.ApiError>>:SetResult (AiEditorToolsSdk.Domain.Core.Results.Result`2<SuperProxyClientV1Namespace.ModelListFullResponse, AiEditorToolsSdk.Domain.Core.Errors.ApiError>)
AiEditorToolsSdk.Application.InternalServices.ApiClientProcessor.ApiClientProcessorService/<ProcessApiRequestImpl>d__6`1<SuperProxyClientV1Namespace.ModelListFullResponse>:MoveNext ()
System.Runtime.CompilerServices.AsyncMethodBuilderCore/MoveNextRunner:InvokeMoveNext (object)
System.Threading.ExecutionContext:RunInternal (System.Threading.ExecutionContext,System.Threading.ContextCallback,object,bool)
System.Threading.ExecutionContext:Run (System.Threading.ExecutionContext,System.Threading.ContextCallback,object,bool)
System.Runtime.CompilerServices.AsyncMethodBuilderCore/MoveNextRunner:Run ()
System.Threading.Tasks.AwaitTaskContinuation:InvokeAction (object)
System.Threading.Tasks.AwaitTaskContinuation:RunCallback (System.Threading.ContextCallback,object,System.Threading.Tasks.Task&)
System.Threading.Tasks.SynchronizationContextAwaitTaskContinuation:Run (System.Threading.Tasks.Task,bool)
System.Threading.Tasks.Task:FinishContinuations ()
System.Threading.Tasks.Task:FinishStageThree ()
System.Threading.Tasks.Task:FinishStageTwo ()
System.Threading.Tasks.Task:Finish (bool)
System.Threading.Tasks.Task:TrySetException (object)
System.Runtime.CompilerServices.AsyncTaskMethodBuilder`1<SuperProxyClientV1Namespace.ModelListFullResponse>:SetException (System.Exception)
AiEditorToolsSdk.Application.Gateways.GenerativeModels.V2.GenerativeModelsGatewayV2/<>c__DisplayClass4_0/<<GetModelsAsync>b__0>d:MoveNext ()
System.Runtime.CompilerServices.AsyncMethodBuilderCore/MoveNextRunner:InvokeMoveNext (object)
System.Threading.ExecutionContext:RunInternal (System.Threading.ExecutionContext,System.Threading.ContextCallback,object,bool)
System.Threading.ExecutionContext:Run (System.Threading.ExecutionContext,System.Threading.ContextCallback,object,bool)
System.Runtime.CompilerServices.AsyncMethodBuilderCore/MoveNextRunner:Run ()
System.Threading.Tasks.SynchronizationContextAwaitTaskContinuation/<>c:<.cctor>b__7_0 (object)
UnityEngine.UnitySynchronizationContext/WorkRequest:Invoke ()
UnityEngine.UnitySynchronizationContext:Exec ()
UnityEngine.UnitySynchronizationContext:ExecuteTasks ()

(Filename: ./Library/PackageCache/com.unity.ai.assistant@284c75a8d208/Modules/Unity.AI.ModelSelector/Services/Stores/Actions/ModelSelectorSuperProxyActions.cs Line: 495)

Error reason is 'NoSubscription' and no additional error information was provided (https://generators.ai.unity.com).
UnityEngine.Debug:ExtractStackTraceNoAlloc (byte*,int,string)
UnityEngine.StackTraceUtility:ExtractStackTrace ()
UnityEngine.DebugLogHandler:Internal_Log (UnityEngine.LogType,UnityEngine.LogOption,string,UnityEngine.Object)
UnityEngine.DebugLogHandler:LogFormat (UnityEngine.LogType,UnityEngine.Object,string,object[])
UnityEngine.Logger:Log (UnityEngine.LogType,object)
UnityEngine.Debug:Log (object)
Unity.AI.ModelSelector.Services.Stores.Actions.ModelSelectorSuperProxyActions/<>c/<<-cctor>b__8_0>d:MoveNext () (at ./Library/PackageCache/com.unity.ai.assistant@284c75a8d208/Modules/Unity.AI.ModelSelector/Services/Stores/Actions/ModelSelectorSuperProxyActions.cs:495)
System.Runtime.CompilerServices.AsyncMethodBuilderCore/MoveNextRunner:InvokeMoveNext (object)
System.Threading.ExecutionContext:RunInternal (System.Threading.ExecutionContext,System.Threading.ContextCallback,object,bool)
System.Threading.ExecutionContext:Run (System.Threading.ExecutionContext,System.Threading.ContextCallback,object,bool)
System.Runtime.CompilerServices.AsyncMethodBuilderCore/MoveNextRunner:Run ()
System.Threading.Tasks.AwaitTaskContinuation:InvokeAction (object)
System.Threading.Tasks.AwaitTaskContinuation:RunCallback (System.Threading.ContextCallback,object,System.Threading.Tasks.Task&)
System.Threading.Tasks.SynchronizationContextAwaitTaskContinuation:Run (System.Threading.Tasks.Task,bool)
System.Threading.Tasks.Task:FinishContinuations ()
System.Threading.Tasks.Task:FinishStageThree ()
System.Threading.Tasks.Task`1<AiEditorToolsSdk.Components.Common.Responses.Wrappers.OperationResult`1<AiEditorToolsSdk.Components.GenerativeModels.Responses.ModelListV2.ModelListFullResult>>:TrySetResult (AiEditorToolsSdk.Components.Common.Responses.Wrappers.OperationResult`1<AiEditorToolsSdk.Components.GenerativeModels.Responses.ModelListV2.ModelListFullResult>)
System.Runtime.CompilerServices.AsyncTaskMethodBuilder`1<AiEditorToolsSdk.Components.Common.Responses.Wrappers.OperationResult`1<AiEditorToolsSdk.Components.GenerativeModels.Responses.ModelListV2.ModelListFullResult>>:SetResult (AiEditorToolsSdk.Components.Common.Responses.Wrappers.OperationResult`1<AiEditorToolsSdk.Components.GenerativeModels.Responses.ModelListV2.ModelListFullResult>)
AiEditorToolsSdk.Components.GenerativeModels.GenerativeModelsComponentV2/<GetModelsAsync>d__5:MoveNext ()
System.Runtime.CompilerServices.AsyncMethodBuilderCore/MoveNextRunner:InvokeMoveNext (object)
System.Threading.ExecutionContext:RunInternal (System.Threading.ExecutionContext,System.Threading.ContextCallback,object,bool)
System.Threading.ExecutionContext:Run (System.Threading.ExecutionContext,System.Threading.ContextCallback,object,bool)
System.Runtime.CompilerServices.AsyncMethodBuilderCore/MoveNextRunner:Run ()
System.Threading.Tasks.AwaitTaskContinuation:InvokeAction (object)
System.Threading.Tasks.AwaitTaskContinuation:RunCallback (System.Threading.ContextCallback,object,System.Threading.Tasks.Task&)
System.Threading.Tasks.SynchronizationContextAwaitTaskContinuation:Run (System.Threading.Tasks.Task,bool)
System.Threading.Tasks.Task:FinishContinuations ()
System.Threading.Tasks.Task:FinishStageThree ()
System.Threading.Tasks.Task`1<AiEditorToolsSdk.Components.Common.Responses.Wrappers.OperationResult`1<AiEditorToolsSdk.Components.GenerativeModels.Responses.ModelListV2.ModelListFullResult>>:TrySetResult (AiEditorToolsSdk.Components.Common.Responses.Wrappers.OperationResult`1<AiEditorToolsSdk.Components.GenerativeModels.Responses.ModelListV2.ModelListFullResult>)
System.Runtime.CompilerServices.AsyncTaskMethodBuilder`1<AiEditorToolsSdk.Components.Common.Responses.Wrappers.OperationResult`1<AiEditorToolsSdk.Components.GenerativeModels.Responses.ModelListV2.ModelListFullResult>>:SetResult (AiEditorToolsSdk.Components.Common.Responses.Wrappers.OperationResult`1<AiEditorToolsSdk.Components.GenerativeModels.Responses.ModelListV2.ModelListFullResult>)
AiEditorToolsSdk.Application.InternalServices.SdkOperation.SdkOperationService/<ExecuteRequest>d__4`1<AiEditorToolsSdk.Components.GenerativeModels.Responses.ModelListV2.ModelListFullResult>:MoveNext ()
System.Runtime.CompilerServices.AsyncMethodBuilderCore/MoveNextRunner:InvokeMoveNext (object)
System.Threading.ExecutionContext:RunInternal (System.Threading.ExecutionContext,System.Threading.ContextCallback,object,bool)
System.Threading.ExecutionContext:Run (System.Threading.ExecutionContext,System.Threading.ContextCallback,object,bool)
System.Runtime.CompilerServices.AsyncMethodBuilderCore/MoveNextRunner:Run ()
System.Threading.Tasks.AwaitTaskContinuation:InvokeAction (object)
System.Threading.Tasks.AwaitTaskContinuation:RunCallback (System.Threading.ContextCallback,object,System.Threading.Tasks.Task&)
System.Threading.Tasks.SynchronizationContextAwaitTaskContinuation:Run (System.Threading.Tasks.Task,bool)
System.Threading.Tasks.Task:FinishContinuations ()
System.Threading.Tasks.Task:FinishStageThree ()
System.Threading.Tasks.Task`1<AiEditorToolsSdk.Components.Common.Responses.Wrappers.OperationResult`1<AiEditorToolsSdk.Components.GenerativeModels.Responses.ModelListV2.ModelListFullResult>>:TrySetResult (AiEditorToolsSdk.Components.Common.Responses.Wrappers.OperationResult`1<AiEditorToolsSdk.Components.GenerativeModels.Responses.ModelListV2.ModelListFullResult>)
System.Runtime.CompilerServices.AsyncTaskMethodBuilder`1<AiEditorToolsSdk.Components.Common.Responses.Wrappers.OperationResult`1<AiEditorToolsSdk.Components.GenerativeModels.Responses.ModelListV2.ModelListFullResult>>:SetResult (AiEditorToolsSdk.Components.Common.Responses.Wrappers.OperationResult`1<AiEditorToolsSdk.Components.GenerativeModels.Responses.ModelListV2.ModelListFullResult>)
AiEditorToolsSdk.Application.Gateways.GenerativeModels.V2.GenerativeModelsGatewayV2/<GetModelsAsync>d__4:MoveNext ()
System.Runtime.CompilerServices.AsyncMethodBuilderCore/MoveNextRunner:InvokeMoveNext (object)
System.Threading.ExecutionContext:RunInternal (System.Threading.ExecutionContext,System.Threading.ContextCallback,object,bool)
System.Threading.ExecutionContext:Run (System.Threading.ExecutionContext,System.Threading.ContextCallback,object,bool)
System.Runtime.CompilerServices.AsyncMethodBuilderCore/MoveNextRunner:Run ()
System.Threading.Tasks.AwaitTaskContinuation:InvokeAction (object)
System.Threading.Tasks.AwaitTaskContinuation:RunCallback (System.Threading.ContextCallback,object,System.Threading.Tasks.Task&)
System.Threading.Tasks.SynchronizationContextAwaitTaskContinuation:Run (System.Threading.Tasks.Task,bool)
System.Threading.Tasks.Task:FinishContinuations ()
System.Threading.Tasks.Task:FinishStageThree ()
System.Threading.Tasks.Task`1<AiEditorToolsSdk.Domain.Core.Results.Result`2<SuperProxyClientV1Namespace.ModelListFullResponse, AiEditorToolsSdk.Domain.Core.Errors.ApiError>>:TrySetResult (AiEditorToolsSdk.Domain.Core.Results.Result`2<SuperProxyClientV1Namespace.ModelListFullResponse, AiEditorToolsSdk.Domain.Core.Errors.ApiError>)
System.Runtime.CompilerServices.AsyncTaskMethodBuilder`1<AiEditorToolsSdk.Domain.Core.Results.Result`2<SuperProxyClientV1Namespace.ModelListFullResponse, AiEditorToolsSdk.Domain.Core.Errors.ApiError>>:SetResult (AiEditorToolsSdk.Domain.Core.Results.Result`2<SuperProxyClientV1Namespace.ModelListFullResponse, AiEditorToolsSdk.Domain.Core.Errors.ApiError>)
AiEditorToolsSdk.Application.InternalServices.ApiClientProcessor.ApiClientProcessorService/<ProcessApiRequest>d__5`1<SuperProxyClientV1Namespace.ModelListFullResponse>:MoveNext ()
System.Runtime.CompilerServices.AsyncMethodBuilderCore/MoveNextRunner:InvokeMoveNext (object)
System.Threading.ExecutionContext:RunInternal (System.Threading.ExecutionContext,System.Threading.ContextCallback,object,bool)
System.Threading.ExecutionContext:Run (System.Threading.ExecutionContext,System.Threading.ContextCallback,object,bool)
System.Runtime.CompilerServices.AsyncMethodBuilderCore/MoveNextRunner:Run ()
System.Threading.Tasks.AwaitTaskContinuation:InvokeAction (object)
System.Threading.Tasks.AwaitTaskContinuation:RunCallback (System.Threading.ContextCallback,object,System.Threading.Tasks.Task&)
System.Threading.Tasks.SynchronizationContextAwaitTaskContinuation:Run (System.Threading.Tasks.Task,bool)
System.Threading.Tasks.Task:FinishContinuations ()
System.Threading.Tasks.Task:FinishStageThree ()
System.Threading.Tasks.Task`1<AiEditorToolsSdk.Domain.Core.Results.Result`2<SuperProxyClientV1Namespace.ModelListFullResponse, AiEditorToolsSdk.Domain.Core.Errors.ApiError>>:TrySetResult (AiEditorToolsSdk.Domain.Core.Results.Result`2<SuperProxyClientV1Namespace.ModelListFullResponse, AiEditorToolsSdk.Domain.Core.Errors.ApiError>)
System.Runtime.CompilerServices.AsyncTaskMethodBuilder`1<AiEditorToolsSdk.Domain.Core.Results.Result`2<SuperProxyClientV1Namespace.ModelListFullResponse, AiEditorToolsSdk.Domain.Core.Errors.ApiError>>:SetResult (AiEditorToolsSdk.Domain.Core.Results.Result`2<SuperProxyClientV1Namespace.ModelListFullResponse, AiEditorToolsSdk.Domain.Core.Errors.ApiError>)
AiEditorToolsSdk.Application.InternalServices.ApiClientProcessor.ApiClientProcessorService/<ProcessApiRequestImpl>d__6`1<SuperProxyClientV1Namespace.ModelListFullResponse>:MoveNext ()
System.Runtime.CompilerServices.AsyncMethodBuilderCore/MoveNextRunner:InvokeMoveNext (object)
System.Threading.ExecutionContext:RunInternal (System.Threading.ExecutionContext,System.Threading.ContextCallback,object,bool)
System.Threading.ExecutionContext:Run (System.Threading.ExecutionContext,System.Threading.ContextCallback,object,bool)
System.Runtime.CompilerServices.AsyncMethodBuilderCore/MoveNextRunner:Run ()
System.Threading.Tasks.AwaitTaskContinuation:InvokeAction (object)
System.Threading.Tasks.AwaitTaskContinuation:RunCallback (System.Threading.ContextCallback,object,System.Threading.Tasks.Task&)
System.Threading.Tasks.SynchronizationContextAwaitTaskContinuation:Run (System.Threading.Tasks.Task,bool)
System.Threading.Tasks.Task:FinishContinuations ()
System.Threading.Tasks.Task:FinishStageThree ()
System.Threading.Tasks.Task:FinishStageTwo ()
System.Threading.Tasks.Task:Finish (bool)
System.Threading.Tasks.Task:TrySetException (object)
System.Runtime.CompilerServices.AsyncTaskMethodBuilder`1<SuperProxyClientV1Namespace.ModelListFullResponse>:SetException (System.Exception)
AiEditorToolsSdk.Application.Gateways.GenerativeModels.V2.GenerativeModelsGatewayV2/<>c__DisplayClass4_0/<<GetModelsAsync>b__0>d:MoveNext ()
System.Runtime.CompilerServices.AsyncMethodBuilderCore/MoveNextRunner:InvokeMoveNext (object)
System.Threading.ExecutionContext:RunInternal (System.Threading.ExecutionContext,System.Threading.ContextCallback,object,bool)
System.Threading.ExecutionContext:Run (System.Threading.ExecutionContext,System.Threading.ContextCallback,object,bool)
System.Runtime.CompilerServices.AsyncMethodBuilderCore/MoveNextRunner:Run ()
System.Threading.Tasks.SynchronizationContextAwaitTaskContinuation/<>c:<.cctor>b__7_0 (object)
UnityEngine.UnitySynchronizationContext/WorkRequest:Invoke ()
UnityEngine.UnitySynchronizationContext:Exec ()
UnityEngine.UnitySynchronizationContext:ExecuteTasks ()

(Filename: ./Library/PackageCache/com.unity.ai.assistant@284c75a8d208/Modules/Unity.AI.ModelSelector/Services/Stores/Actions/ModelSelectorSuperProxyActions.cs Line: 495)

Error reason is 'NoSubscription' and no additional error information was provided (https://generators.ai.unity.com).
UnityEngine.Debug:ExtractStackTraceNoAlloc (byte*,int,string)
UnityEngine.StackTraceUtility:ExtractStackTrace ()
UnityEngine.DebugLogHandler:Internal_Log (UnityEngine.LogType,UnityEngine.LogOption,string,UnityEngine.Object)
UnityEngine.DebugLogHandler:LogFormat (UnityEngine.LogType,UnityEngine.Object,string,object[])
UnityEngine.Logger:Log (UnityEngine.LogType,object)
UnityEngine.Debug:Log (object)
Unity.AI.ModelSelector.Services.Stores.Actions.ModelSelectorSuperProxyActions/<>c/<<-cctor>b__8_0>d:MoveNext () (at ./Library/PackageCache/com.unity.ai.assistant@284c75a8d208/Modules/Unity.AI.ModelSelector/Services/Stores/Actions/ModelSelectorSuperProxyActions.cs:495)
System.Runtime.CompilerServices.AsyncMethodBuilderCore/MoveNextRunner:InvokeMoveNext (object)
System.Threading.ExecutionContext:RunInternal (System.Threading.ExecutionContext,System.Threading.ContextCallback,object,bool)
System.Threading.ExecutionContext:Run (System.Threading.ExecutionContext,System.Threading.ContextCallback,object,bool)
System.Runtime.CompilerServices.AsyncMethodBuilderCore/MoveNextRunner:Run ()
System.Threading.Tasks.AwaitTaskContinuation:InvokeAction (object)
System.Threading.Tasks.AwaitTaskContinuation:RunCallback (System.Threading.ContextCallback,object,System.Threading.Tasks.Task&)
System.Threading.Tasks.SynchronizationContextAwaitTaskContinuation:Run (System.Threading.Tasks.Task,bool)
System.Threading.Tasks.Task:FinishContinuations ()
System.Threading.Tasks.Task:FinishStageThree ()
System.Threading.Tasks.Task`1<AiEditorToolsSdk.Components.Common.Responses.Wrappers.OperationResult`1<AiEditorToolsSdk.Components.GenerativeModels.Responses.ModelListV2.ModelListFullResult>>:TrySetResult (AiEditorToolsSdk.Components.Common.Responses.Wrappers.OperationResult`1<AiEditorToolsSdk.Components.GenerativeModels.Responses.ModelListV2.ModelListFullResult>)
System.Runtime.CompilerServices.AsyncTaskMethodBuilder`1<AiEditorToolsSdk.Components.Common.Responses.Wrappers.OperationResult`1<AiEditorToolsSdk.Components.GenerativeModels.Responses.ModelListV2.ModelListFullResult>>:SetResult (AiEditorToolsSdk.Components.Common.Responses.Wrappers.OperationResult`1<AiEditorToolsSdk.Components.GenerativeModels.Responses.ModelListV2.ModelListFullResult>)
AiEditorToolsSdk.Components.GenerativeModels.GenerativeModelsComponentV2/<GetModelsAsync>d__5:MoveNext ()
System.Runtime.CompilerServices.AsyncMethodBuilderCore/MoveNextRunner:InvokeMoveNext (object)
System.Threading.ExecutionContext:RunInternal (System.Threading.ExecutionContext,System.Threading.ContextCallback,object,bool)
System.Threading.ExecutionContext:Run (System.Threading.ExecutionContext,System.Threading.ContextCallback,object,bool)
System.Runtime.CompilerServices.AsyncMethodBuilderCore/MoveNextRunner:Run ()
System.Threading.Tasks.AwaitTaskContinuation:InvokeAction (object)
System.Threading.Tasks.AwaitTaskContinuation:RunCallback (System.Threading.ContextCallback,object,System.Threading.Tasks.Task&)
System.Threading.Tasks.SynchronizationContextAwaitTaskContinuation:Run (System.Threading.Tasks.Task,bool)
System.Threading.Tasks.Task:FinishContinuations ()
System.Threading.Tasks.Task:FinishStageThree ()
System.Threading.Tasks.Task`1<AiEditorToolsSdk.Components.Common.Responses.Wrappers.OperationResult`1<AiEditorToolsSdk.Components.GenerativeModels.Responses.ModelListV2.ModelListFullResult>>:TrySetResult (AiEditorToolsSdk.Components.Common.Responses.Wrappers.OperationResult`1<AiEditorToolsSdk.Components.GenerativeModels.Responses.ModelListV2.ModelListFullResult>)
System.Runtime.CompilerServices.AsyncTaskMethodBuilder`1<AiEditorToolsSdk.Components.Common.Responses.Wrappers.OperationResult`1<AiEditorToolsSdk.Components.GenerativeModels.Responses.ModelListV2.ModelListFullResult>>:SetResult (AiEditorToolsSdk.Components.Common.Responses.Wrappers.OperationResult`1<AiEditorToolsSdk.Components.GenerativeModels.Responses.ModelListV2.ModelListFullResult>)
AiEditorToolsSdk.Application.InternalServices.SdkOperation.SdkOperationService/<ExecuteRequest>d__4`1<AiEditorToolsSdk.Components.GenerativeModels.Responses.ModelListV2.ModelListFullResult>:MoveNext ()
System.Runtime.CompilerServices.AsyncMethodBuilderCore/MoveNextRunner:InvokeMoveNext (object)
System.Threading.ExecutionContext:RunInternal (System.Threading.ExecutionContext,System.Threading.ContextCallback,object,bool)
System.Threading.ExecutionContext:Run (System.Threading.ExecutionContext,System.Threading.ContextCallback,object,bool)
System.Runtime.CompilerServices.AsyncMethodBuilderCore/MoveNextRunner:Run ()
System.Threading.Tasks.AwaitTaskContinuation:InvokeAction (object)
System.Threading.Tasks.AwaitTaskContinuation:RunCallback (System.Threading.ContextCallback,object,System.Threading.Tasks.Task&)
System.Threading.Tasks.SynchronizationContextAwaitTaskContinuation:Run (System.Threading.Tasks.Task,bool)
System.Threading.Tasks.Task:FinishContinuations ()
System.Threading.Tasks.Task:FinishStageThree ()
System.Threading.Tasks.Task`1<AiEditorToolsSdk.Components.Common.Responses.Wrappers.OperationResult`1<AiEditorToolsSdk.Components.GenerativeModels.Responses.ModelListV2.ModelListFullResult>>:TrySetResult (AiEditorToolsSdk.Components.Common.Responses.Wrappers.OperationResult`1<AiEditorToolsSdk.Components.GenerativeModels.Responses.ModelListV2.ModelListFullResult>)
System.Runtime.CompilerServices.AsyncTaskMethodBuilder`1<AiEditorToolsSdk.Components.Common.Responses.Wrappers.OperationResult`1<AiEditorToolsSdk.Components.GenerativeModels.Responses.ModelListV2.ModelListFullResult>>:SetResult (AiEditorToolsSdk.Components.Common.Responses.Wrappers.OperationResult`1<AiEditorToolsSdk.Components.GenerativeModels.Responses.ModelListV2.ModelListFullResult>)
AiEditorToolsSdk.Application.Gateways.GenerativeModels.V2.GenerativeModelsGatewayV2/<GetModelsAsync>d__4:MoveNext ()
System.Runtime.CompilerServices.AsyncMethodBuilderCore/MoveNextRunner:InvokeMoveNext (object)
System.Threading.ExecutionContext:RunInternal (System.Threading.ExecutionContext,System.Threading.ContextCallback,object,bool)
System.Threading.ExecutionContext:Run (System.Threading.ExecutionContext,System.Threading.ContextCallback,object,bool)
System.Runtime.CompilerServices.AsyncMethodBuilderCore/MoveNextRunner:Run ()
System.Threading.Tasks.AwaitTaskContinuation:InvokeAction (object)
System.Threading.Tasks.AwaitTaskContinuation:RunCallback (System.Threading.ContextCallback,object,System.Threading.Tasks.Task&)
System.Threading.Tasks.SynchronizationContextAwaitTaskContinuation:Run (System.Threading.Tasks.Task,bool)
System.Threading.Tasks.Task:FinishContinuations ()
System.Threading.Tasks.Task:FinishStageThree ()
System.Threading.Tasks.Task`1<AiEditorToolsSdk.Domain.Core.Results.Result`2<SuperProxyClientV1Namespace.ModelListFullResponse, AiEditorToolsSdk.Domain.Core.Errors.ApiError>>:TrySetResult (AiEditorToolsSdk.Domain.Core.Results.Result`2<SuperProxyClientV1Namespace.ModelListFullResponse, AiEditorToolsSdk.Domain.Core.Errors.ApiError>)
System.Runtime.CompilerServices.AsyncTaskMethodBuilder`1<AiEditorToolsSdk.Domain.Core.Results.Result`2<SuperProxyClientV1Namespace.ModelListFullResponse, AiEditorToolsSdk.Domain.Core.Errors.ApiError>>:SetResult (AiEditorToolsSdk.Domain.Core.Results.Result`2<SuperProxyClientV1Namespace.ModelListFullResponse, AiEditorToolsSdk.Domain.Core.Errors.ApiError>)
AiEditorToolsSdk.Application.InternalServices.ApiClientProcessor.ApiClientProcessorService/<ProcessApiRequest>d__5`1<SuperProxyClientV1Namespace.ModelListFullResponse>:MoveNext ()
System.Runtime.CompilerServices.AsyncMethodBuilderCore/MoveNextRunner:InvokeMoveNext (object)
System.Threading.ExecutionContext:RunInternal (System.Threading.ExecutionContext,System.Threading.ContextCallback,object,bool)
System.Threading.ExecutionContext:Run (System.Threading.ExecutionContext,System.Threading.ContextCallback,object,bool)
System.Runtime.CompilerServices.AsyncMethodBuilderCore/MoveNextRunner:Run ()
System.Threading.Tasks.AwaitTaskContinuation:InvokeAction (object)
System.Threading.Tasks.AwaitTaskContinuation:RunCallback (System.Threading.ContextCallback,object,System.Threading.Tasks.Task&)
System.Threading.Tasks.SynchronizationContextAwaitTaskContinuation:Run (System.Threading.Tasks.Task,bool)
System.Threading.Tasks.Task:FinishContinuations ()
System.Threading.Tasks.Task:FinishStageThree ()
System.Threading.Tasks.Task`1<AiEditorToolsSdk.Domain.Core.Results.Result`2<SuperProxyClientV1Namespace.ModelListFullResponse, AiEditorToolsSdk.Domain.Core.Errors.ApiError>>:TrySetResult (AiEditorToolsSdk.Domain.Core.Results.Result`2<SuperProxyClientV1Namespace.ModelListFullResponse, AiEditorToolsSdk.Domain.Core.Errors.ApiError>)
System.Runtime.CompilerServices.AsyncTaskMethodBuilder`1<AiEditorToolsSdk.Domain.Core.Results.Result`2<SuperProxyClientV1Namespace.ModelListFullResponse, AiEditorToolsSdk.Domain.Core.Errors.ApiError>>:SetResult (AiEditorToolsSdk.Domain.Core.Results.Result`2<SuperProxyClientV1Namespace.ModelListFullResponse, AiEditorToolsSdk.Domain.Core.Errors.ApiError>)
AiEditorToolsSdk.Application.InternalServices.ApiClientProcessor.ApiClientProcessorService/<ProcessApiRequestImpl>d__6`1<SuperProxyClientV1Namespace.ModelListFullResponse>:MoveNext ()
System.Runtime.CompilerServices.AsyncMethodBuilderCore/MoveNextRunner:InvokeMoveNext (object)
System.Threading.ExecutionContext:RunInternal (System.Threading.ExecutionContext,System.Threading.ContextCallback,object,bool)
System.Threading.ExecutionContext:Run (System.Threading.ExecutionContext,System.Threading.ContextCallback,object,bool)
System.Runtime.CompilerServices.AsyncMethodBuilderCore/MoveNextRunner:Run ()
System.Threading.Tasks.AwaitTaskContinuation:InvokeAction (object)
System.Threading.Tasks.AwaitTaskContinuation:RunCallback (System.Threading.ContextCallback,object,System.Threading.Tasks.Task&)
System.Threading.Tasks.SynchronizationContextAwaitTaskContinuation:Run (System.Threading.Tasks.Task,bool)
System.Threading.Tasks.Task:FinishContinuations ()
System.Threading.Tasks.Task:FinishStageThree ()
System.Threading.Tasks.Task:FinishStageTwo ()
System.Threading.Tasks.Task:Finish (bool)
System.Threading.Tasks.Task:TrySetException (object)
System.Runtime.CompilerServices.AsyncTaskMethodBuilder`1<SuperProxyClientV1Namespace.ModelListFullResponse>:SetException (System.Exception)
AiEditorToolsSdk.Application.Gateways.GenerativeModels.V2.GenerativeModelsGatewayV2/<>c__DisplayClass4_0/<<GetModelsAsync>b__0>d:MoveNext ()
System.Runtime.CompilerServices.AsyncMethodBuilderCore/MoveNextRunner:InvokeMoveNext (object)
System.Threading.ExecutionContext:RunInternal (System.Threading.ExecutionContext,System.Threading.ContextCallback,object,bool)
System.Threading.ExecutionContext:Run (System.Threading.ExecutionContext,System.Threading.ContextCallback,object,bool)
System.Runtime.CompilerServices.AsyncMethodBuilderCore/MoveNextRunner:Run ()
System.Threading.Tasks.SynchronizationContextAwaitTaskContinuation/<>c:<.cctor>b__7_0 (object)
UnityEngine.UnitySynchronizationContext/WorkRequest:Invoke ()
UnityEngine.UnitySynchronizationContext:Exec ()
UnityEngine.UnitySynchronizationContext:ExecuteTasks ()

(Filename: ./Library/PackageCache/com.unity.ai.assistant@284c75a8d208/Modules/Unity.AI.ModelSelector/Services/Stores/Actions/ModelSelectorSuperProxyActions.cs Line: 495)

Error reason is 'NoSubscription' and no additional error information was provided (https://generators.ai.unity.com).
UnityEngine.Debug:ExtractStackTraceNoAlloc (byte*,int,string)
UnityEngine.StackTraceUtility:ExtractStackTrace ()
UnityEngine.DebugLogHandler:Internal_Log (UnityEngine.LogType,UnityEngine.LogOption,string,UnityEngine.Object)
UnityEngine.DebugLogHandler:LogFormat (UnityEngine.LogType,UnityEngine.Object,string,object[])
UnityEngine.Logger:Log (UnityEngine.LogType,object)
UnityEngine.Debug:Log (object)
Unity.AI.ModelSelector.Services.Stores.Actions.ModelSelectorSuperProxyActions/<>c/<<-cctor>b__8_0>d:MoveNext () (at ./Library/PackageCache/com.unity.ai.assistant@284c75a8d208/Modules/Unity.AI.ModelSelector/Services/Stores/Actions/ModelSelectorSuperProxyActions.cs:495)
System.Runtime.CompilerServices.AsyncMethodBuilderCore/MoveNextRunner:InvokeMoveNext (object)
System.Threading.ExecutionContext:RunInternal (System.Threading.ExecutionContext,System.Threading.ContextCallback,object,bool)
System.Threading.ExecutionContext:Run (System.Threading.ExecutionContext,System.Threading.ContextCallback,object,bool)
System.Runtime.CompilerServices.AsyncMethodBuilderCore/MoveNextRunner:Run ()
System.Threading.Tasks.AwaitTaskContinuation:InvokeAction (object)
System.Threading.Tasks.AwaitTaskContinuation:RunCallback (System.Threading.ContextCallback,object,System.Threading.Tasks.Task&)
System.Threading.Tasks.SynchronizationContextAwaitTaskContinuation:Run (System.Threading.Tasks.Task,bool)
System.Threading.Tasks.Task:FinishContinuations ()
System.Threading.Tasks.Task:FinishStageThree ()
System.Threading.Tasks.Task`1<AiEditorToolsSdk.Components.Common.Responses.Wrappers.OperationResult`1<AiEditorToolsSdk.Components.GenerativeModels.Responses.ModelListV2.ModelListFullResult>>:TrySetResult (AiEditorToolsSdk.Components.Common.Responses.Wrappers.OperationResult`1<AiEditorToolsSdk.Components.GenerativeModels.Responses.ModelListV2.ModelListFullResult>)
System.Runtime.CompilerServices.AsyncTaskMethodBuilder`1<AiEditorToolsSdk.Components.Common.Responses.Wrappers.OperationResult`1<AiEditorToolsSdk.Components.GenerativeModels.Responses.ModelListV2.ModelListFullResult>>:SetResult (AiEditorToolsSdk.Components.Common.Responses.Wrappers.OperationResult`1<AiEditorToolsSdk.Components.GenerativeModels.Responses.ModelListV2.ModelListFullResult>)
AiEditorToolsSdk.Components.GenerativeModels.GenerativeModelsComponentV2/<GetModelsAsync>d__5:MoveNext ()
System.Runtime.CompilerServices.AsyncMethodBuilderCore/MoveNextRunner:InvokeMoveNext (object)
System.Threading.ExecutionContext:RunInternal (System.Threading.ExecutionContext,System.Threading.ContextCallback,object,bool)
System.Threading.ExecutionContext:Run (System.Threading.ExecutionContext,System.Threading.ContextCallback,object,bool)
System.Runtime.CompilerServices.AsyncMethodBuilderCore/MoveNextRunner:Run ()
System.Threading.Tasks.AwaitTaskContinuation:InvokeAction (object)
System.Threading.Tasks.AwaitTaskContinuation:RunCallback (System.Threading.ContextCallback,object,System.Threading.Tasks.Task&)
System.Threading.Tasks.SynchronizationContextAwaitTaskContinuation:Run (System.Threading.Tasks.Task,bool)
System.Threading.Tasks.Task:FinishContinuations ()
System.Threading.Tasks.Task:FinishStageThree ()
System.Threading.Tasks.Task`1<AiEditorToolsSdk.Components.Common.Responses.Wrappers.OperationResult`1<AiEditorToolsSdk.Components.GenerativeModels.Responses.ModelListV2.ModelListFullResult>>:TrySetResult (AiEditorToolsSdk.Components.Common.Responses.Wrappers.OperationResult`1<AiEditorToolsSdk.Components.GenerativeModels.Responses.ModelListV2.ModelListFullResult>)
System.Runtime.CompilerServices.AsyncTaskMethodBuilder`1<AiEditorToolsSdk.Components.Common.Responses.Wrappers.OperationResult`1<AiEditorToolsSdk.Components.GenerativeModels.Responses.ModelListV2.ModelListFullResult>>:SetResult (AiEditorToolsSdk.Components.Common.Responses.Wrappers.OperationResult`1<AiEditorToolsSdk.Components.GenerativeModels.Responses.ModelListV2.ModelListFullResult>)
AiEditorToolsSdk.Application.InternalServices.SdkOperation.SdkOperationService/<ExecuteRequest>d__4`1<AiEditorToolsSdk.Components.GenerativeModels.Responses.ModelListV2.ModelListFullResult>:MoveNext ()
System.Runtime.CompilerServices.AsyncMethodBuilderCore/MoveNextRunner:InvokeMoveNext (object)
System.Threading.ExecutionContext:RunInternal (System.Threading.ExecutionContext,System.Threading.ContextCallback,object,bool)
System.Threading.ExecutionContext:Run (System.Threading.ExecutionContext,System.Threading.ContextCallback,object,bool)
System.Runtime.CompilerServices.AsyncMethodBuilderCore/MoveNextRunner:Run ()
System.Threading.Tasks.AwaitTaskContinuation:InvokeAction (object)
System.Threading.Tasks.AwaitTaskContinuation:RunCallback (System.Threading.ContextCallback,object,System.Threading.Tasks.Task&)
System.Threading.Tasks.SynchronizationContextAwaitTaskContinuation:Run (System.Threading.Tasks.Task,bool)
System.Threading.Tasks.Task:FinishContinuations ()
System.Threading.Tasks.Task:FinishStageThree ()
System.Threading.Tasks.Task`1<AiEditorToolsSdk.Components.Common.Responses.Wrappers.OperationResult`1<AiEditorToolsSdk.Components.GenerativeModels.Responses.ModelListV2.ModelListFullResult>>:TrySetResult (AiEditorToolsSdk.Components.Common.Responses.Wrappers.OperationResult`1<AiEditorToolsSdk.Components.GenerativeModels.Responses.ModelListV2.ModelListFullResult>)
System.Runtime.CompilerServices.AsyncTaskMethodBuilder`1<AiEditorToolsSdk.Components.Common.Responses.Wrappers.OperationResult`1<AiEditorToolsSdk.Components.GenerativeModels.Responses.ModelListV2.ModelListFullResult>>:SetResult (AiEditorToolsSdk.Components.Common.Responses.Wrappers.OperationResult`1<AiEditorToolsSdk.Components.GenerativeModels.Responses.ModelListV2.ModelListFullResult>)
AiEditorToolsSdk.Application.Gateways.GenerativeModels.V2.GenerativeModelsGatewayV2/<GetModelsAsync>d__4:MoveNext ()
System.Runtime.CompilerServices.AsyncMethodBuilderCore/MoveNextRunner:InvokeMoveNext (object)
System.Threading.ExecutionContext:RunInternal (System.Threading.ExecutionContext,System.Threading.ContextCallback,object,bool)
System.Threading.ExecutionContext:Run (System.Threading.ExecutionContext,System.Threading.ContextCallback,object,bool)
System.Runtime.CompilerServices.AsyncMethodBuilderCore/MoveNextRunner:Run ()
System.Threading.Tasks.AwaitTaskContinuation:InvokeAction (object)
System.Threading.Tasks.AwaitTaskContinuation:RunCallback (System.Threading.ContextCallback,object,System.Threading.Tasks.Task&)
System.Threading.Tasks.SynchronizationContextAwaitTaskContinuation:Run (System.Threading.Tasks.Task,bool)
System.Threading.Tasks.Task:FinishContinuations ()
System.Threading.Tasks.Task:FinishStageThree ()
System.Threading.Tasks.Task`1<AiEditorToolsSdk.Domain.Core.Results.Result`2<SuperProxyClientV1Namespace.ModelListFullResponse, AiEditorToolsSdk.Domain.Core.Errors.ApiError>>:TrySetResult (AiEditorToolsSdk.Domain.Core.Results.Result`2<SuperProxyClientV1Namespace.ModelListFullResponse, AiEditorToolsSdk.Domain.Core.Errors.ApiError>)
System.Runtime.CompilerServices.AsyncTaskMethodBuilder`1<AiEditorToolsSdk.Domain.Core.Results.Result`2<SuperProxyClientV1Namespace.ModelListFullResponse, AiEditorToolsSdk.Domain.Core.Errors.ApiError>>:SetResult (AiEditorToolsSdk.Domain.Core.Results.Result`2<SuperProxyClientV1Namespace.ModelListFullResponse, AiEditorToolsSdk.Domain.Core.Errors.ApiError>)
AiEditorToolsSdk.Application.InternalServices.ApiClientProcessor.ApiClientProcessorService/<ProcessApiRequest>d__5`1<SuperProxyClientV1Namespace.ModelListFullResponse>:MoveNext ()
System.Runtime.CompilerServices.AsyncMethodBuilderCore/MoveNextRunner:InvokeMoveNext (object)
System.Threading.ExecutionContext:RunInternal (System.Threading.ExecutionContext,System.Threading.ContextCallback,object,bool)
System.Threading.ExecutionContext:Run (System.Threading.ExecutionContext,System.Threading.ContextCallback,object,bool)
System.Runtime.CompilerServices.AsyncMethodBuilderCore/MoveNextRunner:Run ()
System.Threading.Tasks.AwaitTaskContinuation:InvokeAction (object)
System.Threading.Tasks.AwaitTaskContinuation:RunCallback (System.Threading.ContextCallback,object,System.Threading.Tasks.Task&)
System.Threading.Tasks.SynchronizationContextAwaitTaskContinuation:Run (System.Threading.Tasks.Task,bool)
System.Threading.Tasks.Task:FinishContinuations ()
System.Threading.Tasks.Task:FinishStageThree ()
System.Threading.Tasks.Task`1<AiEditorToolsSdk.Domain.Core.Results.Result`2<SuperProxyClientV1Namespace.ModelListFullResponse, AiEditorToolsSdk.Domain.Core.Errors.ApiError>>:TrySetResult (AiEditorToolsSdk.Domain.Core.Results.Result`2<SuperProxyClientV1Namespace.ModelListFullResponse, AiEditorToolsSdk.Domain.Core.Errors.ApiError>)
System.Runtime.CompilerServices.AsyncTaskMethodBuilder`1<AiEditorToolsSdk.Domain.Core.Results.Result`2<SuperProxyClientV1Namespace.ModelListFullResponse, AiEditorToolsSdk.Domain.Core.Errors.ApiError>>:SetResult (AiEditorToolsSdk.Domain.Core.Results.Result`2<SuperProxyClientV1Namespace.ModelListFullResponse, AiEditorToolsSdk.Domain.Core.Errors.ApiError>)
AiEditorToolsSdk.Application.InternalServices.ApiClientProcessor.ApiClientProcessorService/<ProcessApiRequestImpl>d__6`1<SuperProxyClientV1Namespace.ModelListFullResponse>:MoveNext ()
System.Runtime.CompilerServices.AsyncMethodBuilderCore/MoveNextRunner:InvokeMoveNext (object)
System.Threading.ExecutionContext:RunInternal (System.Threading.ExecutionContext,System.Threading.ContextCallback,object,bool)
System.Threading.ExecutionContext:Run (System.Threading.ExecutionContext,System.Threading.ContextCallback,object,bool)
System.Runtime.CompilerServices.AsyncMethodBuilderCore/MoveNextRunner:Run ()
System.Threading.Tasks.AwaitTaskContinuation:InvokeAction (object)
System.Threading.Tasks.AwaitTaskContinuation:RunCallback (System.Threading.ContextCallback,object,System.Threading.Tasks.Task&)
System.Threading.Tasks.SynchronizationContextAwaitTaskContinuation:Run (System.Threading.Tasks.Task,bool)
System.Threading.Tasks.Task:FinishContinuations ()
System.Threading.Tasks.Task:FinishStageThree ()
System.Threading.Tasks.Task:FinishStageTwo ()
System.Threading.Tasks.Task:Finish (bool)
System.Threading.Tasks.Task:TrySetException (object)
System.Runtime.CompilerServices.AsyncTaskMethodBuilder`1<SuperProxyClientV1Namespace.ModelListFullResponse>:SetException (System.Exception)
AiEditorToolsSdk.Application.Gateways.GenerativeModels.V2.GenerativeModelsGatewayV2/<>c__DisplayClass4_0/<<GetModelsAsync>b__0>d:MoveNext ()
System.Runtime.CompilerServices.AsyncMethodBuilderCore/MoveNextRunner:InvokeMoveNext (object)
System.Threading.ExecutionContext:RunInternal (System.Threading.ExecutionContext,System.Threading.ContextCallback,object,bool)
System.Threading.ExecutionContext:Run (System.Threading.ExecutionContext,System.Threading.ContextCallback,object,bool)
System.Runtime.CompilerServices.AsyncMethodBuilderCore/MoveNextRunner:Run ()
System.Threading.Tasks.SynchronizationContextAwaitTaskContinuation/<>c:<.cctor>b__7_0 (object)
UnityEngine.UnitySynchronizationContext/WorkRequest:Invoke ()
UnityEngine.UnitySynchronizationContext:Exec ()
UnityEngine.UnitySynchronizationContext:ExecuteTasks ()

(Filename: ./Library/PackageCache/com.unity.ai.assistant@284c75a8d208/Modules/Unity.AI.ModelSelector/Services/Stores/Actions/ModelSelectorSuperProxyActions.cs Line: 495)

TrimDiskCacheJob: Current cache size 134mb

Asset Pipeline Refresh (id=7d1e8595670782c47b2fd4217ceab8ba): Total: 0.307 seconds - Initiated by RefreshV2(AllowForceSynchronousImport)
	(Values over 0.05ms)
	Summary:
		Imports: total=0 (actual=0, local cache=0, cache server=0)
		Asset DB Process Time: managed=0 ms, native=236 ms
		Asset DB Callback time: managed=0 ms, native=68 ms
		Scripting: domain reloads=0, domain reload time=0 ms, compile time=0 ms, other=0 ms
		Project Asset Count: scripts=2876, non-scripts=6443
		Asset File Changes: new=0, changed=0, moved=0, deleted=0
		Scan Filter Count: 0
	InvokePackagesCallback: 68.437ms
	ApplyChangesToAssetFolders: 14.254ms
	Collect global state as custom dependencies: 49.367ms
	GatherAllCurrentPrimaryImportResultRevisions: 27.743ms
	UnloadStreamsBegin: 94.081ms
	Untracked: 51.383ms

[Licensing::Client] Error: Code 404 while processing request (status: Found 0 entitlement groups and 0 free entitlements matching requested entitlement ids)
Asset Pipeline Refresh (id=fcc5d10163079aa41990023ca6cc20e4): Total: 0.035 seconds - Initiated by RefreshV2(AllowForceSynchronousImport)
[Licensing::Client] Error: Code 404 while processing request (status: Found 0 entitlement groups and 0 free entitlements matching requested entitlement ids)
Starting new worker id: 1 with log in C:/Users/dast0/Conquian/Logs/AssetImportWorkerHW1.log
[Worker0] Imported GUID: 52a6ec83abc1e1f449772db34027c77f - Path: Assets/Prefab - Importer: PreviewImporter -> (ImportResultId: '5115e8c651998c349e887e0275895208') in 2.0972319 seconds
[Worker0] Imported GUID: e2731a5c027282345bea14f7098b132a - Path: Assets/Prefab/Card.prefab - Importer: PreviewImporter -> (ImportResultId: '382ddaaadb2c0092321e92182f7a337b') in 8.3053989 seconds
[Worker0] Imported GUID: 3cdab9539f1ca964184a0404fb327f70 - Path: Assets/Prefab/Player.prefab - Importer: PreviewImporter -> (ImportResultId: '7b8e0e4d076e2652bfaa33b39c68f0db') in 0.1537091 seconds
Importing 'GUID: e2731a5c027282345bea14f7098b132a - Path: Assets/Prefab/Card.prefab' with importer (PrefabImporter)
Imported 'GUID: e2731a5c027282345bea14f7098b132a' -> (Import Result ID: '73b7e095f5e3955e88240dec560b5818') in 0.205 seconds [static and dynamic dependencies]. Details - ImportResultOutputID=fb17318041ec1e297a3124029a84b04e DependenciesID=f12bee8a4948699f2abfe2b6243f6a5e StaticDependenciesID=2062435334c0b4cd17130a050cf237ba 
Refreshing native plugins compatible for Editor in 19.13 ms, found 6 plugins.

Asset Pipeline Refresh (id=54ba583cd7ea62846b6d33bd2c9c7d6d): Total: 6.073 seconds - Initiated by StopAssetImportingV2(NoUpdateAssetOptions)
	(Values over 0.05ms)
	Summary:
		Imports: total=1 (actual=1, local cache=0, cache server=0)
		Asset DB Process Time: managed=123 ms, native=2963 ms
		Asset DB Callback time: managed=2528 ms, native=456 ms
		Scripting: domain reloads=0, domain reload time=0 ms, compile time=0 ms, other=0 ms
		Project Asset Count: scripts=2876, non-scripts=6443
		Asset File Changes: new=0, changed=1, moved=0, deleted=0
		Scan Filter Count: 3
	ApplyChangesToAssetFolders: 0.492ms
	Scan: 629.591ms
	Collect global state as custom dependencies: 2.121ms
	OnSourceAssetsModified: 11.932ms
	CategorizeScriptCompilationAssets: 1.919ms
	ProcessAssetsWithTransientArtifactChanges: 13.369ms
	CategorizeAssets: 339.324ms
	ImportOutOfDateAssets: 1164.545ms (512.293ms without children)
		ImportManagerImport: 238.501ms (9.214ms without children)
			UpdateCategorizedAssets: 0.084ms
		ReloadNativeAssets: 0.136ms
		UnloadImportedAssets: 10.028ms
		ReloadImportedAssets: 21.408ms
		EnsureUptoDateAssetsAreRegisteredWithGuidPM: 3.322ms
		ImportSchedulerStart: 400.230ms
	PostProcessAllAssets: 2652.594ms
		XRBuildSystem.XRAssetImported 127.145ms
		SpriteAtlasDatabase.OnAssetPostprocessCallback 0.487ms
		ObjectImages.AssetImported 0.099ms
		PostProcessCallbackCreateDeferredMaterials 0.085ms
		MonoPostProcessAllAssets: 2518.769ms
			AssetPostprocessor.OnPostprocessAllAssets 1883.689ms
			BuilderAssetPostprocessor.OnPostprocessAllAssets 136.967ms
			SyncVS.PostprocessSyncProject 29.021ms
			NetworkPrefabProcessor.OnPostprocessAllAssets 23.216ms
			ShaderGraphAssetPostProcessor.OnPostprocessAllAssets 23.024ms
			RetainedModeAssetPostprocessor.OnPostprocessAllAssets 14.655ms
			AssetPostprocessorProxy.OnPostprocessAllAssets 14.405ms
			PostProcessor.OnPostprocessAllAssets 13.116ms
			TMPro_TexturePostProcessor.OnPostprocessAllAssets 13.057ms
			UVCSAssetPostprocessor.OnPostprocessAllAssets 11.979ms
			SkillsProjectAssetPostprocessor.OnPostprocessAllAssets 11.524ms
			UtilityWindowPostProcessor.OnPostprocessAllAssets 10.793ms
			AssetProcessor.OnPostprocessAllAssets 10.614ms
			AssetReferenceReimportMonitor.OnPostprocessAllAssets 10.404ms
			ArtifactBrowserPostProcessor.OnPostprocessAllAssets 9.915ms
			AssetChangedListener.OnPostprocessAllAssets 9.634ms
			InputActionJsonNameModifierAssetProcessor.OnPostprocessAllAssets 9.418ms
			SampleDependencyImporterPostProcessor.OnPostprocessAllAssets 8.412ms
			MaterialPostprocessor.OnPostprocessAllAssets 7.408ms
			TextAssetPostProcessor.OnPostprocessAllAssets 7.353ms
			ModelAssetProcessor.OnPostprocessAllAssets 6.974ms
			SpriteShapeAssetPostProcessor.OnPostprocessAllAssets 6.324ms
			AudioMixerPostprocessor.OnPostprocessAllAssets 5.889ms
			InputActionAssetPostprocessor.OnPostprocessAllAssets 5.707ms
			SpriteLibraryAssetPostprocessor.OnPostprocessAllAssets 5.395ms
			SpriteEditorTexturePostprocessor.OnPostprocessAllAssets 4.371ms
			ConfigAssetsTracker.OnPostprocessAllAssets 3.639ms
			TrackSelectedAssetsProcessor.OnPostprocessAllAssets 3.428ms
			SamplePostprocessor.OnPostprocessAllAssets 3.316ms
			AssetEvents.OnPostprocessAllAssets 3.270ms
			AssetReloadNotifier.OnPostprocessAllAssets 3.010ms
			SpeedTreePostProcessor.OnPostprocessAllAssets 2.496ms
			SpriteSlicePostprocessor.OnPostprocessAllAssets 2.223ms
			RenderPipelineGlobalSettingsPostprocessor.OnPostprocessAllAssets 1.806ms
			ScenarioDriftAssetsTracker.OnPostprocessAllAssets 1.761ms
			ShaderReflectionAssetPostProcessor.OnPostprocessAllAssets 1.662ms
			GraphRefreshPostprocessor.OnPostprocessAllAssets 1.605ms
			UniversalRenderPipelineGlobalSettingsPostprocessor.OnPostprocessAllAssets 1.360ms
			StyleCatalogPostProcessor.OnPostprocessAllAssets 1.358ms
			PSDImporterAssetPostProcessor.OnPostprocessAllAssets 1.068ms
			PSDImportPostProcessor.OnPostprocessAllAssets 1.030ms
			ProjectSettingsPostprocessor.OnPostprocessAllAssets 0.995ms
			EditModeScopePostprocessor.OnPostprocessAllAssets 0.847ms
			SpeedTree9Postprocessor.OnPostprocessAllAssets 0.633ms
			ReferencedClipsPostProcessor.OnPostprocessAllAssets 0.588ms
			WindowAssetPostprocessingWatcher.OnPostprocessAllAssets 0.547ms
			AssetDatabaseCallbacks.OnPostprocessAllAssets 0.477ms
			AudioContainerPostProcessor.OnPostprocessAllAssets 0.292ms
			AssetChangeDetector.OnPostprocessAllAssets 0.157ms
			TerrainToolbarOverlayPostProcessor.OnPostprocessAllAssets 0.091ms
	PostAssetChangesProfiler: 320.247ms
	GatherAllCurrentPrimaryImportResultRevisions: 13.108ms
	UnloadStreamsBegin: 5.479ms
	PersistCurrentRevisions: 1.600ms
	Untracked: 916.292ms

Importing 'GUID: e2731a5c027282345bea14f7098b132a - Path: Assets/Prefab/Card.prefab' with importer (PrefabImporter)
Imported 'GUID: e2731a5c027282345bea14f7098b132a' -> (Import Result ID: '741604396b69afc1ba8023908a0c3168') in 0.010 seconds [static and dynamic dependencies]. Details - ImportResultOutputID=9d186efd98e27265d78da877f8ee6cc5 DependenciesID=49a4a8118793cddc965884f799dc5465 StaticDependenciesID=c803c8719f59d6572655b4459d7e28b7 
Refreshing native plugins compatible for Editor in 20.15 ms, found 6 plugins.

Asset Pipeline Refresh (id=d28c0862afcbbe141b63bb0c809a9c2d): Total: 0.513 seconds - Initiated by StopAssetImportingV2(NoUpdateAssetOptions)
	(Values over 0.05ms)
	Summary:
		Imports: total=1 (actual=1, local cache=0, cache server=0)
		Asset DB Process Time: managed=0 ms, native=406 ms
		Asset DB Callback time: managed=25 ms, native=80 ms
		Scripting: domain reloads=0, domain reload time=0 ms, compile time=0 ms, other=0 ms
		Project Asset Count: scripts=2876, non-scripts=6443
		Asset File Changes: new=0, changed=1, moved=0, deleted=0
		Scan Filter Count: 3
	ApplyChangesToAssetFolders: 0.668ms
	Scan: 55.774ms
	Collect global state as custom dependencies: 0.876ms
	OnSourceAssetsModified: 0.147ms
	ProcessAssetsWithTransientArtifactChanges: 0.359ms
	CategorizeAssets: 75.068ms
	ImportOutOfDateAssets: 246.992ms (40.121ms without children)
		ImportManagerImport: 28.191ms (1.923ms without children)
			UpdateCategorizedAssets: 0.135ms
		ReloadNativeAssets: 0.087ms
		UnloadImportedAssets: 0.553ms
		ReloadImportedAssets: 12.774ms
		EnsureUptoDateAssetsAreRegisteredWithGuidPM: 2.780ms
		ImportSchedulerStart: 175.227ms
	PostProcessAllAssets: 28.756ms
		XRBuildSystem.XRAssetImported 3.022ms
		MonoPostProcessAllAssets: 25.362ms
			AssetPostprocessor.OnPostprocessAllAssets 14.184ms
			SyncVS.PostprocessSyncProject 6.542ms
			SpriteShapeAssetPostProcessor.OnPostprocessAllAssets 0.794ms
			SpeedTreePostProcessor.OnPostprocessAllAssets 0.539ms
			SpriteEditorTexturePostprocessor.OnPostprocessAllAssets 0.342ms
			ModelAssetProcessor.OnPostprocessAllAssets 0.259ms
			ShaderGraphAssetPostProcessor.OnPostprocessAllAssets 0.225ms
			RenderPipelineGlobalSettingsPostprocessor.OnPostprocessAllAssets 0.214ms
			AssetChangedListener.OnPostprocessAllAssets 0.166ms
			GraphRefreshPostprocessor.OnPostprocessAllAssets 0.113ms
			NetworkPrefabProcessor.OnPostprocessAllAssets 0.082ms
			TextAssetPostProcessor.OnPostprocessAllAssets 0.070ms
			SpriteSlicePostprocessor.OnPostprocessAllAssets 0.057ms
	PostAssetChangesProfiler: 77.025ms
	GatherAllCurrentPrimaryImportResultRevisions: 3.807ms
	UnloadStreamsBegin: 5.566ms
	PersistCurrentRevisions: 0.785ms
	Untracked: 17.306ms

[Worker0] Imported GUID: e2731a5c027282345bea14f7098b132a - Path: Assets/Prefab/Card.prefab - Importer: ScriptedImporter/UnityEditor.QuickSearchModule:UnityEditor.Search:ASIAI0B -> (ImportResultId: '81040b7dc3d69ccd78d38f88290cb243') in 1.3978906 seconds
[Worker0] Imported GUID: e2731a5c027282345bea14f7098b132a - Path: Assets/Prefab/Card.prefab - Importer: PreviewImporter -> (ImportResultId: '80fe9fce265eeb7f2824027771f34281') in 0.2006389 seconds
Request Asset Garbage Collect because used heap size increased from 0.66 GB to 1.33 GB, exceeding the threshold of 256.0 MB.
Unloading 0 Unused Serialized files (Serialized files now loaded: 0)
Unloading 126 unused Assets / (17.1 MB). Loaded Objects now: 15674.
Memory consumption went from 1.33 GB to 1.32 GB.
Total: 2488.376400 ms (FindLiveObjects: 20.928200 ms CreateObjectMapping: 8.270300 ms MarkObjects: 2112.822000 ms  DeleteObjects: 346.347400 ms)

Loaded scene 'Library/Unused/c10dd39c9a82cd54280547e1550a8f30'
	Deserialize:            5.571 ms
	Integration:            4.695 ms
	Integration of assets:  0.006 ms
	Thread Wait Time:       0.068 ms
	Total Operation Time:   10.340 ms
Unloading 2 Unused Serialized files (Serialized files now loaded: 0)
Unloading 0 unused Assets / (65.1 KB). Loaded Objects now: 15691.
Memory consumption went from 1.33 GB to 1.33 GB.
Total: 88.818400 ms (FindLiveObjects: 2.492900 ms CreateObjectMapping: 5.921300 ms MarkObjects: 80.256600 ms  DeleteObjects: 0.142400 ms)

Importing 'GUID: e2731a5c027282345bea14f7098b132a - Path: Assets/Prefab/Card.prefab' with importer (PrefabImporter)
Imported 'GUID: e2731a5c027282345bea14f7098b132a' -> (Import Result ID: '4c3d9d43fe7ac11c7dcea66a075ea8cf') in 0.013 seconds [static and dynamic dependencies]. Details - ImportResultOutputID=ce63906bc32d30d6a166b9ffcd5decd8 DependenciesID=f901618ae995979ad90bb8245d89e9ea StaticDependenciesID=9fbf0a48005835ce5e5b9e558d211cca 
Refreshing native plugins compatible for Editor in 15.82 ms, found 6 plugins.

Asset Pipeline Refresh (id=b9788d180452d1f4a8168662c3a21f9a): Total: 0.840 seconds - Initiated by StopAssetImportingV2(NoUpdateAssetOptions)
	(Values over 0.05ms)
	Summary:
		Imports: total=1 (actual=1, local cache=0, cache server=0)
		Asset DB Process Time: managed=1 ms, native=721 ms
		Asset DB Callback time: managed=26 ms, native=89 ms
		Scripting: domain reloads=0, domain reload time=0 ms, compile time=0 ms, other=0 ms
		Project Asset Count: scripts=2876, non-scripts=6443
		Asset File Changes: new=0, changed=1, moved=0, deleted=0
		Scan Filter Count: 3
	ApplyChangesToAssetFolders: 0.770ms
	Scan: 106.028ms
	Collect global state as custom dependencies: 1.912ms
	OnSourceAssetsModified: 1.022ms
	CategorizeScriptCompilationAssets: 0.079ms
	ProcessAssetsWithTransientArtifactChanges: 11.236ms
	CategorizeAssets: 94.951ms
	ImportOutOfDateAssets: 355.631ms (55.018ms without children)
		ImportManagerImport: 33.087ms (2.238ms without children)
			UpdateCategorizedAssets: 0.086ms
		ReloadNativeAssets: 0.155ms
		UnloadImportedAssets: 0.587ms
		ReloadImportedAssets: 13.058ms
		EnsureUptoDateAssetsAreRegisteredWithGuidPM: 2.929ms
		ImportSchedulerStart: 263.832ms
	PostProcessAllAssets: 94.774ms
		XRBuildSystem.XRAssetImported 67.241ms
		ObjectImages.AssetImported 0.054ms
		MonoPostProcessAllAssets: 26.371ms
			AssetPostprocessor.OnPostprocessAllAssets 3.953ms
			SyncVS.PostprocessSyncProject 2.767ms
			AssetChangedListener.OnPostprocessAllAssets 0.983ms
			RenderPipelineGlobalSettingsPostprocessor.OnPostprocessAllAssets 0.941ms
			InputActionAssetPostprocessor.OnPostprocessAllAssets 0.919ms
			WindowAssetPostprocessingWatcher.OnPostprocessAllAssets 0.795ms
			SpriteEditorTexturePostprocessor.OnPostprocessAllAssets 0.622ms
			GraphRefreshPostprocessor.OnPostprocessAllAssets 0.616ms
			ShaderReflectionAssetPostProcessor.OnPostprocessAllAssets 0.530ms
			ProjectSettingsPostprocessor.OnPostprocessAllAssets 0.513ms
			ShaderGraphAssetPostProcessor.OnPostprocessAllAssets 0.392ms
			ModelAssetProcessor.OnPostprocessAllAssets 0.343ms
			UniversalRenderPipelineGlobalSettingsPostprocessor.OnPostprocessAllAssets 0.267ms
			SpriteShapeAssetPostProcessor.OnPostprocessAllAssets 0.262ms
			NetworkPrefabProcessor.OnPostprocessAllAssets 0.244ms
			AssetReferenceReimportMonitor.OnPostprocessAllAssets 0.198ms
			SpriteSlicePostprocessor.OnPostprocessAllAssets 0.164ms
			AssetChangeDetector.OnPostprocessAllAssets 0.107ms
			SpeedTree9Postprocessor.OnPostprocessAllAssets 0.090ms
			TMPro_TexturePostProcessor.OnPostprocessAllAssets 0.071ms
			AssetDatabaseCallbacks.OnPostprocessAllAssets 0.068ms
			TerrainToolbarOverlayPostProcessor.OnPostprocessAllAssets 0.067ms
			AssetPostprocessorProxy.OnPostprocessAllAssets 0.062ms
			TextAssetPostProcessor.OnPostprocessAllAssets 0.056ms
			SpriteLibraryAssetPostprocessor.OnPostprocessAllAssets 0.055ms
			RetainedModeAssetPostprocessor.OnPostprocessAllAssets 0.054ms
	PostAssetChangesProfiler: 19.818ms
	GatherAllCurrentPrimaryImportResultRevisions: 0.947ms
	UnloadStreamsBegin: 3.671ms
	PersistCurrentRevisions: 3.090ms
	Untracked: 135.925ms

Refreshing native plugins compatible for Editor in 13.32 ms, found 6 plugins.

Asset Pipeline Refresh (id=78497283ae3351c428888a6d3f63bfe6): Total: 0.409 seconds - Initiated by StopAssetImportingV2(NoUpdateAssetOptions)
	(Values over 0.05ms)
	Summary:
		Imports: total=1 (actual=0, local cache=1, cache server=0)
		Asset DB Process Time: managed=0 ms, native=383 ms
		Asset DB Callback time: managed=5 ms, native=19 ms
		Scripting: domain reloads=0, domain reload time=0 ms, compile time=0 ms, other=0 ms
		Project Asset Count: scripts=2876, non-scripts=6443
		Asset File Changes: new=0, changed=1, moved=0, deleted=0
		Scan Filter Count: 3
	ApplyChangesToAssetFolders: 0.287ms
	Scan: 26.583ms
	Collect global state as custom dependencies: 0.726ms
	OnSourceAssetsModified: 0.148ms
	ProcessAssetsWithTransientArtifactChanges: 0.422ms
	CategorizeAssets: 77.965ms
	ImportOutOfDateAssets: 257.462ms (45.829ms without children)
		ReloadNativeAssets: 0.105ms
		UnloadImportedAssets: 0.848ms
		ReloadImportedAssets: 1.970ms
		EnsureUptoDateAssetsAreRegisteredWithGuidPM: 4.635ms
		ImportSchedulerStart: 204.057ms
	PostProcessAllAssets: 9.833ms
		XRBuildSystem.XRAssetImported 4.004ms
		MonoPostProcessAllAssets: 5.311ms
			SyncVS.PostprocessSyncProject 1.209ms
			AssetReferenceReimportMonitor.OnPostprocessAllAssets 0.430ms
			SpriteEditorTexturePostprocessor.OnPostprocessAllAssets 0.321ms
			ModelAssetProcessor.OnPostprocessAllAssets 0.302ms
			RenderPipelineGlobalSettingsPostprocessor.OnPostprocessAllAssets 0.242ms
			SpriteShapeAssetPostProcessor.OnPostprocessAllAssets 0.218ms
			GraphRefreshPostprocessor.OnPostprocessAllAssets 0.212ms
			AssetChangedListener.OnPostprocessAllAssets 0.137ms
			AssetPostprocessor.OnPostprocessAllAssets 0.126ms
			ShaderGraphAssetPostProcessor.OnPostprocessAllAssets 0.119ms
			NetworkPrefabProcessor.OnPostprocessAllAssets 0.107ms
			SpriteSlicePostprocessor.OnPostprocessAllAssets 0.063ms
			EditModeScopePostprocessor.OnPostprocessAllAssets 0.061ms
	PostAssetChangesProfiler: 15.183ms
	GatherAllCurrentPrimaryImportResultRevisions: 0.781ms
	PersistCurrentRevisions: 0.845ms
	UnloadStreamsEnd: 0.112ms
	Untracked: 18.225ms

Refreshing native plugins compatible for Editor in 14.42 ms, found 6 plugins.

Asset Pipeline Refresh (id=0acd5b3788019a046b7469a75088f188): Total: 0.369 seconds - Initiated by StopAssetImportingV2(NoUpdateAssetOptions)
	(Values over 0.05ms)
	Summary:
		Imports: total=1 (actual=0, local cache=1, cache server=0)
		Asset DB Process Time: managed=0 ms, native=343 ms
		Asset DB Callback time: managed=7 ms, native=18 ms
		Scripting: domain reloads=0, domain reload time=0 ms, compile time=0 ms, other=0 ms
		Project Asset Count: scripts=2876, non-scripts=6443
		Asset File Changes: new=0, changed=1, moved=0, deleted=0
		Scan Filter Count: 3
	ApplyChangesToAssetFolders: 0.302ms
	Scan: 26.559ms
	Collect global state as custom dependencies: 0.941ms
	OnSourceAssetsModified: 0.138ms
	ProcessAssetsWithTransientArtifactChanges: 0.438ms
	CategorizeAssets: 82.346ms
	ImportOutOfDateAssets: 215.696ms (39.526ms without children)
		ReloadNativeAssets: 0.088ms
		UnloadImportedAssets: 0.621ms
		ReloadImportedAssets: 1.045ms
		EnsureUptoDateAssetsAreRegisteredWithGuidPM: 3.113ms
		ImportSchedulerStart: 171.293ms
	PostProcessAllAssets: 10.137ms
		XRBuildSystem.XRAssetImported 2.723ms
		MonoPostProcessAllAssets: 6.946ms
			SyncVS.PostprocessSyncProject 1.768ms
			SpriteShapeAssetPostProcessor.OnPostprocessAllAssets 0.618ms
			SpriteEditorTexturePostprocessor.OnPostprocessAllAssets 0.280ms
			GraphRefreshPostprocessor.OnPostprocessAllAssets 0.274ms
			ModelAssetProcessor.OnPostprocessAllAssets 0.268ms
			RenderPipelineGlobalSettingsPostprocessor.OnPostprocessAllAssets 0.225ms
			AssetChangedListener.OnPostprocessAllAssets 0.122ms
			AssetPostprocessor.OnPostprocessAllAssets 0.117ms
			ShaderGraphAssetPostProcessor.OnPostprocessAllAssets 0.115ms
			NetworkPrefabProcessor.OnPostprocessAllAssets 0.099ms
			SkillsProjectAssetPostprocessor.OnPostprocessAllAssets 0.058ms
	PostAssetChangesProfiler: 15.307ms
	GatherAllCurrentPrimaryImportResultRevisions: 0.854ms
	UnloadStreamsBegin: 0.052ms
	PersistCurrentRevisions: 0.784ms
	UnloadStreamsEnd: 0.106ms
	Untracked: 15.491ms

[Worker0] Imported GUID: e2731a5c027282345bea14f7098b132a - Path: Assets/Prefab/Card.prefab - Importer: PreviewImporter -> (ImportResultId: '17d367839777fe9baa8f4ee4b4a20905') in 0.2112586 seconds
Refreshing native plugins compatible for Editor in 14.37 ms, found 6 plugins.

Asset Pipeline Refresh (id=a6029039de209324aba6da8cec53b17e): Total: 0.376 seconds - Initiated by StopAssetImportingV2(NoUpdateAssetOptions)
	(Values over 0.05ms)
	Summary:
		Imports: total=1 (actual=0, local cache=1, cache server=0)
		Asset DB Process Time: managed=0 ms, native=348 ms
		Asset DB Callback time: managed=7 ms, native=19 ms
		Scripting: domain reloads=0, domain reload time=0 ms, compile time=0 ms, other=0 ms
		Project Asset Count: scripts=2876, non-scripts=6443
		Asset File Changes: new=0, changed=1, moved=0, deleted=0
		Scan Filter Count: 3
	ApplyChangesToAssetFolders: 0.411ms
	Scan: 21.807ms
	Collect global state as custom dependencies: 0.728ms
	OnSourceAssetsModified: 0.160ms
	CategorizeScriptCompilationAssets: 0.054ms
	ProcessAssetsWithTransientArtifactChanges: 0.652ms
	CategorizeAssets: 76.588ms
	ImportOutOfDateAssets: 232.080ms (40.518ms without children)
		ReloadNativeAssets: 0.097ms
		UnloadImportedAssets: 0.607ms
		ReloadImportedAssets: 1.197ms
		EnsureUptoDateAssetsAreRegisteredWithGuidPM: 2.985ms
		ImportSchedulerStart: 186.664ms
	PostProcessAllAssets: 11.040ms
		XRBuildSystem.XRAssetImported 3.250ms
		MonoPostProcessAllAssets: 7.306ms
			SyncVS.PostprocessSyncProject 3.290ms
			SkillsProjectAssetPostprocessor.OnPostprocessAllAssets 0.608ms
			InputActionAssetPostprocessor.OnPostprocessAllAssets 0.551ms
			ModelAssetProcessor.OnPostprocessAllAssets 0.254ms
			SpriteEditorTexturePostprocessor.OnPostprocessAllAssets 0.228ms
			RenderPipelineGlobalSettingsPostprocessor.OnPostprocessAllAssets 0.227ms
			GraphRefreshPostprocessor.OnPostprocessAllAssets 0.175ms
			SpriteShapeAssetPostProcessor.OnPostprocessAllAssets 0.147ms
			ShaderGraphAssetPostProcessor.OnPostprocessAllAssets 0.121ms
			AssetChangedListener.OnPostprocessAllAssets 0.109ms
			AssetPostprocessor.OnPostprocessAllAssets 0.101ms
			NetworkPrefabProcessor.OnPostprocessAllAssets 0.096ms
			SpriteSlicePostprocessor.OnPostprocessAllAssets 0.052ms
			AssetReferenceReimportMonitor.OnPostprocessAllAssets 0.050ms
	PostAssetChangesProfiler: 15.467ms
	GatherAllCurrentPrimaryImportResultRevisions: 0.880ms
	UnloadStreamsBegin: 0.059ms
	PersistCurrentRevisions: 0.897ms
	UnloadStreamsEnd: 0.106ms
	Untracked: 14.571ms

Unloading 1 Unused Serialized files (Serialized files now loaded: 0)
Unloading 36 unused Assets / (64.7 KB). Loaded Objects now: 15667.
Memory consumption went from 0.87 GB to 0.87 GB.
Total: 77.687200 ms (FindLiveObjects: 2.135500 ms CreateObjectMapping: 5.567200 ms MarkObjects: 69.744300 ms  DeleteObjects: 0.237000 ms)

Asset Pipeline Refresh (id=e647eefde2913974ab7101b894bb1ce3): Total: 0.107 seconds - Initiated by RefreshV2(AllowForceSynchronousImport)
[Licensing::Client] Error: Code 404 while processing request (status: Found 0 entitlement groups and 0 free entitlements matching requested entitlement ids)
Asset Pipeline Refresh (id=0d9cccb31bb164f448bc46b7be795024): Total: 0.038 seconds - Initiated by RefreshV2(AllowForceSynchronousImport)
[Licensing::Client] Error: Code 404 while processing request (status: Found 0 entitlement groups and 0 free entitlements matching requested entitlement ids)
Worker ready: AssetImportWorkerHW1 1
[Licensing::Client] Successfully resolved entitlement details
[Licensing::Module] License group:
  Id: F4-YV7J-TBXH-N7G4-SQYR-XXXX
  Product: Unity Personal
  Type: ULF
  Expiration: Unlimited
[Licensing::Module] License group:
  Id: 5773397425070-UnityPersXXXX
  Product: Unity Personal
  Type: Assigned
  Expiration: Unlimited

Asset Pipeline Refresh (id=5db742b841181664fa81a113bab78f93): Total: 0.498 seconds - Initiated by RefreshV2(AllowForceSynchronousImport)
	(Values over 0.05ms)
	Summary:
		Imports: total=0 (actual=0, local cache=0, cache server=0)
		Asset DB Process Time: managed=0 ms, native=477 ms
		Asset DB Callback time: managed=0 ms, native=16 ms
		Scripting: domain reloads=0, domain reload time=0 ms, compile time=0 ms, other=0 ms
		Project Asset Count: scripts=2876, non-scripts=6443
		Asset File Changes: new=0, changed=0, moved=0, deleted=0
		Scan Filter Count: 0
	InvokePackagesCallback: 16.333ms
	ApplyChangesToAssetFolders: 16.514ms
	Scan: 194.416ms
	Collect global state as custom dependencies: 8.492ms
	GatherAllCurrentPrimaryImportResultRevisions: 60.024ms
	UnloadStreamsBegin: 127.273ms
	UnloadStreamsEnd: 1.473ms
	Untracked: 71.614ms

[Licensing::Client] Error: Code 404 while processing request (status: Found 0 entitlement groups and 0 free entitlements matching requested entitlement ids)
Asset Pipeline Refresh (id=bdc7fbe2209be2f4a8ca39d30c1899eb): Total: 0.221 seconds - Initiated by RefreshV2(AllowForceSynchronousImport)
[Licensing::Client] Error: Code 404 while processing request (status: Found 0 entitlement groups and 0 free entitlements matching requested entitlement ids)
[Worker0] Imported GUID: f80fc5ce216b6a04d86d06a984c44485 - Path: Assets/Scripts/HandManager.cs - Importer: PreviewImporter -> (ImportResultId: 'f9506f6a4841868e0163ebe0431c2cba') in 2.0956265 seconds
[Licensing::Client] Successfully resolved entitlement details
[Licensing::Module] License group:
  Id: F4-YV7J-TBXH-N7G4-SQYR-XXXX
  Product: Unity Personal
  Type: ULF
  Expiration: Unlimited
[Licensing::Module] License group:
  Id: 5773397425070-UnityPersXXXX
  Product: Unity Personal
  Type: Assigned
  Expiration: Unlimited
Scanning for USB devices : 64.323ms
Attempted to call .Dispose on an already disposed CancellationTokenSource
Android Extension - Scanning For ADB Devices 1719 ms
Android Extension - Scanning For ADB Devices 581 ms
Attempted to call .Dispose on an already disposed CancellationTokenSource
Android Extension - Scanning For ADB Devices 519 ms
Android Extension - Scanning For ADB Devices 495 ms
[ScriptCompilation] Requested script compilation because: AssetDatabase observed changes in script compilation related files
AssetDatabase: script compilation time: 0.476081s
Refreshing native plugins compatible for Editor in 51.24 ms, found 6 plugins.
Preloading 1 native plugins for Editor in 2.92 ms.

Asset Pipeline Refresh (id=a31e16f9ccd5a4d4a9854f6daefbcd79): Total: 5.814 seconds - Initiated by RefreshV2(NoUpdateAssetOptions)
	(Values over 0.05ms)
	Summary:
		Imports: total=0 (actual=0, local cache=0, cache server=0)
		Asset DB Process Time: managed=0 ms, native=4286 ms
		Asset DB Callback time: managed=558 ms, native=475 ms
		Scripting: domain reloads=0, domain reload time=0 ms, compile time=479 ms, other=0 ms
		Project Asset Count: scripts=2876, non-scripts=6443
		Asset File Changes: new=0, changed=1, moved=0, deleted=0
		Scan Filter Count: 0
	InvokeCustomDependenciesCallbacks: 0.375ms
	InvokePackagesCallback: 0.316ms
	ApplyChangesToAssetFolders: 39.185ms
	Scan: 405.807ms
	Collect global state as custom dependencies: 14.408ms
	OnSourceAssetsModified: 12.723ms
	CategorizeScriptCompilationAssets: 5.591ms
	ProcessAssetsWithTransientArtifactChanges: 45.811ms
	CategorizeAssets: 864.117ms
	CompileScripts: 479.272ms
	ImportOutOfDateAssets: 1061.326ms (576.373ms without children)
		ReloadNativeAssets: 1.721ms
		UnloadImportedAssets: 2.660ms
		EnsureUptoDateAssetsAreRegisteredWithGuidPM: 5.734ms
		InitializingProgressBar: 0.367ms
		ImportSchedulerStart: 474.457ms
	PostProcessAllAssets: 840.286ms
		XRBuildSystem.XRAssetImported 257.419ms
		PostProcessCallbackCreateDeferredMaterials 4.602ms
		ShaderAssetModifiedCallback 3.160ms
		ObjectImages.AssetImported 1.162ms
		SpriteAtlasDatabase.OnAssetPostprocessCallback 0.768ms
		WindowTitlePostprocess 0.698ms
		VersionControlSettings.HiddenFilePostprocess 0.659ms
		LocalizationDatabase.AssetDatabasePostprocessCallback 0.488ms
		AssemblyValidation.PostprocessAllAssets 0.475ms
		ComputeShaderImportPostprocess 0.335ms
		RaytracingShaderImportPostprocess 0.329ms
		SpeedTreeImporter.PostprocessAllAssets 0.100ms
		PostprocessAssetsUpdateCachedIcon 0.080ms
		MonoPostProcessAllAssets: 550.254ms
			ModelAssetProcessor.OnPostprocessAllAssets 107.784ms
			SyncVS.PostprocessSyncProject 91.087ms
			AssetPostprocessor.OnPostprocessAllAssets 28.638ms
			AssetChangedListener.OnPostprocessAllAssets 13.913ms
			SpriteShapeAssetPostProcessor.OnPostprocessAllAssets 8.974ms
			AssetPostprocessorProxy.OnPostprocessAllAssets 8.141ms
			UtilityWindowPostProcessor.OnPostprocessAllAssets 8.002ms
			GraphRefreshPostprocessor.OnPostprocessAllAssets 7.247ms
			NetworkPrefabProcessor.OnPostprocessAllAssets 6.667ms
			UniversalRenderPipelineGlobalSettingsPostprocessor.OnPostprocessAllAssets 6.281ms
			ShaderReflectionAssetPostProcessor.OnPostprocessAllAssets 5.107ms
			ShaderGraphAssetPostProcessor.OnPostprocessAllAssets 4.948ms
			RenderPipelineGlobalSettingsPostprocessor.OnPostprocessAllAssets 4.764ms
			WindowAssetPostprocessingWatcher.OnPostprocessAllAssets 4.397ms
			TMPro_TexturePostProcessor.OnPostprocessAllAssets 3.992ms
			BuilderAssetPostprocessor.OnPostprocessAllAssets 3.699ms
			AssetReferenceReimportMonitor.OnPostprocessAllAssets 3.601ms
			AssetReloadNotifier.OnPostprocessAllAssets 3.216ms
			ConfigAssetsTracker.OnPostprocessAllAssets 3.004ms
			RetainedModeAssetPostprocessor.OnPostprocessAllAssets 2.987ms
			SpriteEditorTexturePostprocessor.OnPostprocessAllAssets 2.676ms
			EditModeScopePostprocessor.OnPostprocessAllAssets 2.666ms
			ArtifactBrowserPostProcessor.OnPostprocessAllAssets 2.637ms
			TrackSelectedAssetsProcessor.OnPostprocessAllAssets 2.625ms
			SpeedTree9Postprocessor.OnPostprocessAllAssets 2.553ms
			ProjectSettingsPostprocessor.OnPostprocessAllAssets 2.504ms
			PostProcessor.OnPostprocessAllAssets 2.475ms
			SkillsProjectAssetPostprocessor.OnPostprocessAllAssets 2.110ms
			SpeedTreePostProcessor.OnPostprocessAllAssets 2.038ms
			StyleCatalogPostProcessor.OnPostprocessAllAssets 1.991ms
			TerrainToolbarOverlayPostProcessor.OnPostprocessAllAssets 1.775ms
			AssetChangeDetector.OnPostprocessAllAssets 1.607ms
			MaterialPostprocessor.OnPostprocessAllAssets 1.584ms
			ScenarioDriftAssetsTracker.OnPostprocessAllAssets 1.390ms
			InputActionAssetPostprocessor.OnPostprocessAllAssets 1.316ms
			AssetDatabaseCallbacks.OnPostprocessAllAssets 1.306ms
			SpriteSlicePostprocessor.OnPostprocessAllAssets 1.183ms
			ReferencedClipsPostProcessor.OnPostprocessAllAssets 1.099ms
			PSDImporterAssetPostProcessor.OnPostprocessAllAssets 1.086ms
			TextAssetPostProcessor.OnPostprocessAllAssets 1.021ms
			AssetProcessor.OnPostprocessAllAssets 0.999ms
			UVCSAssetPostprocessor.OnPostprocessAllAssets 0.970ms
			InputActionJsonNameModifierAssetProcessor.OnPostprocessAllAssets 0.780ms
			SampleDependencyImporterPostProcessor.OnPostprocessAllAssets 0.658ms
			SpriteLibraryAssetPostprocessor.OnPostprocessAllAssets 0.628ms
			SamplePostprocessor.OnPostprocessAllAssets 0.607ms
			AudioContainerPostProcessor.OnPostprocessAllAssets 0.248ms
			AudioMixerPostprocessor.OnPostprocessAllAssets 0.168ms
			AssetEvents.OnPostprocessAllAssets 0.133ms
			PSDImportPostProcessor.OnPostprocessAllAssets 0.081ms
	PostAssetChangesProfiler: 177.285ms
	GatherAllCurrentPrimaryImportResultRevisions: 50.203ms
	UnloadStreamsBegin: 12.376ms
	PersistCurrentRevisions: 0.872ms
	Untracked: 1800.502ms

[Licensing::Client] Successfully resolved entitlement details
[Licensing::Module] License group:
  Id: F4-YV7J-TBXH-N7G4-SQYR-XXXX
  Product: Unity Personal
  Type: ULF
  Expiration: Unlimited
[Licensing::Module] License group:
  Id: 5773397425070-UnityPersXXXX
  Product: Unity Personal
  Type: Assigned
  Expiration: Unlimited
info: Microsoft.AspNetCore.Hosting.Diagnostics[1]
      Request starting HTTP/2 POST http://ilpp/UnityILPP.PostProcessing/Ping - application/grpc -
info: Microsoft.AspNetCore.Routing.EndpointMiddleware[0]
      Executing endpoint 'gRPC - /UnityILPP.PostProcessing/Ping'
info: Microsoft.AspNetCore.Routing.EndpointMiddleware[1]
      Executed endpoint 'gRPC - /UnityILPP.PostProcessing/Ping'
info: Microsoft.AspNetCore.Hosting.Diagnostics[2]
      Request finished HTTP/2 POST http://ilpp/UnityILPP.PostProcessing/Ping - 200 - application/grpc 117.6555ms
Starting: C:\Program Files\Unity\Hub\Editor\6000.5.8f1\Editor\Data\Tools\BuildPipeline\bee_backend.exe --ipc --defer-dag-verification --dagfile="Library/Bee/1900b0aE.dag" --continue-on-failure --profile="Library/Bee/backend1.traceevents" ScriptAssemblies
WorkingDir: C:/Users/dast0/Conquian
info: Microsoft.AspNetCore.Hosting.Diagnostics[1]
      Request starting HTTP/2 POST http://ilpp/UnityILPP.PostProcessing/ConfigurePostProcessors - application/grpc -
info: Microsoft.AspNetCore.Routing.EndpointMiddleware[0]
      Executing endpoint 'gRPC - /UnityILPP.PostProcessing/ConfigurePostProcessors'
info: Unity.ILPP.Runner.PostProcessingAssemblyLoadContext[0]
      Current configuration matches the requested one, skipping
info: Microsoft.AspNetCore.Routing.EndpointMiddleware[1]
      Executed endpoint 'gRPC - /UnityILPP.PostProcessing/ConfigurePostProcessors'
info: Microsoft.AspNetCore.Hosting.Diagnostics[2]
      Request finished HTTP/2 POST http://ilpp/UnityILPP.PostProcessing/ConfigurePostProcessors - 200 - application/grpc 48.7405ms
[ScriptCompilation] Requested script compilation because: AssetDatabase observed changes in script compilation related files
ExitCode: 1 Duration: 22s
[1653/2195  1s] ILPP-Configuration Library/ilpp-configuration.nevergeneratedoutput
[BUSY       7s] Csc Library/Bee/artifacts/1900b0aE.dag/Assembly-CSharp.dll (+2 others)
[BUSY      17s] Csc Library/Bee/artifacts/1900b0aE.dag/Assembly-CSharp.dll (+2 others)
[2191/2195 18s] Csc Library/Bee/artifacts/1900b0aE.dag/Assembly-CSharp.dll (+2 others)
*** Tundra build interrupted (21.78 seconds), 2 items updated, 2190 evaluated
info: Microsoft.AspNetCore.Hosting.Diagnostics[1]
      Request starting HTTP/2 POST http://ilpp/UnityILPP.PostProcessing/Ping - application/grpc -
info: Microsoft.AspNetCore.Routing.EndpointMiddleware[0]
      Executing endpoint 'gRPC - /UnityILPP.PostProcessing/Ping'
info: Microsoft.AspNetCore.Routing.EndpointMiddleware[1]
      Executed endpoint 'gRPC - /UnityILPP.PostProcessing/Ping'
info: Microsoft.AspNetCore.Hosting.Diagnostics[2]
      Request finished HTTP/2 POST http://ilpp/UnityILPP.PostProcessing/Ping - 200 - application/grpc 0.4323ms
Starting: C:\Program Files\Unity\Hub\Editor\6000.5.8f1\Editor\Data\Tools\BuildPipeline\bee_backend.exe --ipc --defer-dag-verification --dagfile="Library/Bee/1900b0aE.dag" --continue-on-failure --profile="Library/Bee/backend1.traceevents" ScriptAssemblies
WorkingDir: C:/Users/dast0/Conquian
info: Microsoft.AspNetCore.Hosting.Diagnostics[1]
      Request starting HTTP/2 POST http://ilpp/UnityILPP.PostProcessing/ConfigurePostProcessors - application/grpc -
info: Microsoft.AspNetCore.Routing.EndpointMiddleware[0]
      Executing endpoint 'gRPC - /UnityILPP.PostProcessing/ConfigurePostProcessors'
info: Unity.ILPP.Runner.PostProcessingAssemblyLoadContext[0]
      Current configuration matches the requested one, skipping
info: Microsoft.AspNetCore.Routing.EndpointMiddleware[1]
      Executed endpoint 'gRPC - /UnityILPP.PostProcessing/ConfigurePostProcessors'
info: Microsoft.AspNetCore.Hosting.Diagnostics[2]
      Request finished HTTP/2 POST http://ilpp/UnityILPP.PostProcessing/ConfigurePostProcessors - 200 - application/grpc 8.4003ms
info: Microsoft.AspNetCore.Hosting.Diagnostics[1]
      Request starting HTTP/2 POST http://ilpp/UnityILPP.PostProcessing/PostProcessAssembly - application/grpc -
info: Microsoft.AspNetCore.Routing.EndpointMiddleware[0]
      Executing endpoint 'gRPC - /UnityILPP.PostProcessing/PostProcessAssembly'
info: Unity.ILPP.Runner.PostProcessingPipeline[0]
      Processing assembly Library/Bee/artifacts/1900b0aE.dag/Assembly-CSharp.dll, with 145 defines and 404 references
info: Unity.ILPP.Runner.PostProcessingPipeline[0]
      processors: Unity.Jobs.CodeGen.JobsILPostProcessor, Unity.Netcode.Editor.CodeGen.INetworkMessageILPP, Unity.Netcode.Editor.CodeGen.INetworkSerializableILPP, Unity.Netcode.Editor.CodeGen.NetworkBehaviourILPP, Unity.Netcode.Editor.CodeGen.RuntimeAccessModifiersILPP, zzzUnity.Burst.CodeGen.BurstILPostProcessor
info: Unity.ILPP.Runner.PostProcessingPipeline[0]
      running Unity.Jobs.CodeGen.JobsILPostProcessor
Total cache size 267345405
info: Unity.ILPP.Runner.PostProcessingAssemblyLoadContext[0]
      Resolved Unity.Collections, Version=0.0.0.0, Culture=neutral, PublicKeyToken=null with Library\Bee\artifacts\1900b0aE.dag\Unity.Collections.dll
Total cache size after purge 267345405, took 00:00:04.3632069
info: Unity.ILPP.Runner.PostProcessingAssemblyLoadContext[0]
      Resolved UnityEditor.CoreModule, Version=0.0.0.0, Culture=neutral, PublicKeyToken=null with C:\Program Files\Unity\Hub\Editor\6000.5.8f1\Editor\Data\Managed\UnityEngine\UnityEditor.CoreModule.dll
info: Unity.ILPP.Runner.PostProcessingAssemblyLoadContext[0]
      Resolved UnityEngine.CoreModule, Version=0.0.0.0, Culture=neutral, PublicKeyToken=null with C:\Program Files\Unity\Hub\Editor\6000.5.8f1\Editor\Data\Managed\UnityEngine\UnityEngine.CoreModule.dll
info: Unity.ILPP.Runner.PostProcessingAssemblyLoadContext[0]
      Resolved Unity.Scripting, Version=0.0.0.0, Culture=neutral, PublicKeyToken=null with C:\Program Files\Unity\Hub\Editor\6000.5.8f1\Editor\Data\Managed\UnityEngine\Unity.Scripting.dll
info: Unity.ILPP.Runner.PostProcessingPipeline[0]
      running Unity.Netcode.Editor.CodeGen.INetworkMessageILPP
info: Unity.ILPP.Runner.PostProcessingPipeline[0]
      running Unity.Netcode.Editor.CodeGen.INetworkSerializableILPP
info: Unity.ILPP.Runner.PostProcessingAssemblyLoadContext[0]
      Resolved Unity.Netcode.Runtime, Version=0.0.0.0, Culture=neutral, PublicKeyToken=null with Library\Bee\artifacts\1900b0aE.dag\Unity.Netcode.Runtime.dll
info: Unity.ILPP.Runner.PostProcessingPipeline[0]
      running Unity.Netcode.Editor.CodeGen.NetworkBehaviourILPP
info: Unity.ILPP.Runner.PostProcessingAssemblyLoadContext[0]
      Resolved Mono.Cecil.Rocks, Version=0.11.5.0, Culture=neutral, PublicKeyToken=50cebf1cceb9d05e with Library\PackageCache\com.unity.nuget.mono-cecil@ecb9724e46ff\Mono.Cecil.Rocks.dll
info: Unity.ILPP.Runner.PostProcessingPipeline[0]
      running Unity.Netcode.Editor.CodeGen.RuntimeAccessModifiersILPP
info: Unity.ILPP.Runner.PostProcessingPipeline[0]
      running zzzUnity.Burst.CodeGen.BurstILPostProcessor
info: Unity.ILPP.Runner.PostProcessingAssemblyLoadContext[0]
      Resolved Unity.Burst.Cecil.Rocks, Version=0.11.6.0, Culture=neutral, PublicKeyToken=50cebf1cceb9d05e with Library\PackageCache\com.unity.burst@2f3d916873ea\Unity.Burst.CodeGen\Unity.Burst.Cecil.Rocks.dll
info: Microsoft.AspNetCore.Routing.EndpointMiddleware[1]
      Executed endpoint 'gRPC - /UnityILPP.PostProcessing/PostProcessAssembly'
info: Microsoft.AspNetCore.Hosting.Diagnostics[2]
      Request finished HTTP/2 POST http://ilpp/UnityILPP.PostProcessing/PostProcessAssembly - 200 - application/grpc 15135.0477ms
ExitCode: 0 Duration: 16s
[1654/2195  0s] ILPP-Configuration Library/ilpp-configuration.nevergeneratedoutput
[BUSY       6s] ILPostProcess Library/Bee/artifacts/1900b0aE.dag/post-processed/Assembly-CSharp.dll (+pdb)
[2192/2195 15s] ILPostProcess Library/Bee/artifacts/1900b0aE.dag/post-processed/Assembly-CSharp.dll (+pdb)
Processing assembly Library/Bee/artifacts/1900b0aE.dag/Assembly-CSharp.dll, with 145 defines and 404 references

processors: Unity.Jobs.CodeGen.JobsILPostProcessor, Unity.Netcode.Editor.CodeGen.INetworkMessageILPP, Unity.Netcode.Editor.CodeGen.INetworkSerializableILPP, Unity.Netcode.Editor.CodeGen.NetworkBehaviourILPP, Unity.Netcode.Editor.CodeGen.RuntimeAccessModifiersILPP, zzzUnity.Burst.CodeGen.BurstILPostProcessor

running Unity.Jobs.CodeGen.JobsILPostProcessor

running Unity.Netcode.Editor.CodeGen.INetworkMessageILPP

running Unity.Netcode.Editor.CodeGen.INetworkSerializableILPP

running Unity.Netcode.Editor.CodeGen.NetworkBehaviourILPP

running Unity.Netcode.Editor.CodeGen.RuntimeAccessModifiersILPP

running zzzUnity.Burst.CodeGen.BurstILPostProcessor
[2193/2195  0s] CopyFiles Library/ScriptAssemblies/Assembly-CSharp.dll
[2194/2195  0s] CopyFiles Library/ScriptAssemblies/Assembly-CSharp.pdb
*** Tundra build success (16.83 seconds), 4 items updated, 2195 evaluated
Total cache size 267345405
Total cache size after purge 267345405, took 00:00:00.9942620
Reloading assemblies after forced synchronous recompile.
Attempted to call .Dispose on an already disposed CancellationTokenSource
Begin MonoManager ReloadAssembly
[INFO ] [relay] log Domain reload signal received from client editor-3252-c01i13
[INFO ] [relay] log Client disconnected - blocking and caching for recovery
[WARN ] [relay] connection.lost clientId=null
[WARN ] [relay] log Client disconnected - sessions will persist until auto-shutdown, reason: Client disconnected
[INFO ] [relay] log Auto-shutdown timer started due to client disconnection
[Licensing::Client] Successfully resolved entitlement details
[Licensing::Module] License group:
  Id: F4-YV7J-TBXH-N7G4-SQYR-XXXX
  Product: Unity Personal
  Type: ULF
  Expiration: Unlimited
[Licensing::Module] License group:
  Id: 5773397425070-UnityPersXXXX
  Product: Unity Personal
  Type: Assigned
  Expiration: Unlimited
Symbol file LoadedFromMemory is not a mono symbol file
Symbol file LoadedFromMemory is not a mono symbol file
Refreshing native plugins compatible for Editor in 97.37 ms, found 6 plugins.
Native extension for Android target not found
Native extension for UWP target not found
Native extension for WindowsStandalone target not found
Native extension for WebGL target not found
[MODES] ModeService[none].Initialize
[MODES] ModeService[none].LoadModes
Refreshing native plugins compatible for Editor in 41.36 ms, found 6 plugins.
[Licensing::Client] Error: Code 404 while processing request (status: Found 0 entitlement groups and 0 free entitlements matching requested entitlement ids)
ScheduleIndexationOnStartup MainProcess:True IndexOnStartup:True
[Licensing::Client] Successfully resolved entitlement details
[Licensing::Module] License group:
  Id: F4-YV7J-TBXH-N7G4-SQYR-XXXX
  Product: Unity Personal
  Type: ULF
  Expiration: Unlimited
[Licensing::Module] License group:
  Id: 5773397425070-UnityPersXXXX
  Product: Unity Personal
  Type: Assigned
  Expiration: Unlimited
Mono: successfully reloaded assembly
- Finished resetting the current domain, in 27.589 seconds
Domain Reload Profiling: 84358ms
	BeginReloadAssembly (45907ms)
		ExecutionOrderSort (86ms)
		DisableScriptedObjects (6798ms)
		ReleaseScriptingObjects (22ms)
		CreateAndSetChildDomain (28797ms)
	RebuildCommonClasses (122ms)
	RebuildNativeTypeToScriptingClass (128ms)
	initialDomainReloadingComplete (2841ms)
	LoadAllAssembliesAndSetupDomain (7763ms)
		LoadAssemblies (5875ms)
		AnalyzeDomain (3319ms)
			TypeCache.Refresh (218ms)
				TypeCache.ScanAssembly (9ms)
			BuildScriptInfoCaches (2948ms)
			ResolveRequiredComponents (72ms)
	FinalizeReload (27597ms)
		SetupLoadedEditorAssemblies (0ms)
			InitializePlatformSupportModulesInManaged (246ms)
			BeforeProcessingInitializeOnLoad (4933ms)
			ProcessInitializeOnLoadAttributes (8723ms)
			ProcessInitializeOnLoadMethodAttributes (4912ms)
			AfterProcessingInitializeOnLoad (33ms)
			EditorAssembliesLoaded (46ms)
		ExecutionOrderSort2 (7ms)
		AwakeInstancesAfterBackupRestoration (5287ms)
Importing 'GUID: e2731a5c027282345bea14f7098b132a - Path: Assets/Prefab/Card.prefab' with importer (PrefabImporter)
Imported 'GUID: e2731a5c027282345bea14f7098b132a' -> (Import Result ID: 'd0354a994c0bb491fc9f768d34f2b1e3') in 0.137 seconds [static and dynamic dependencies]. Details - ImportResultOutputID=64a66aed8f0da76fd553f06765970cb6 DependenciesID=0e272196f12061d0782c9ddebe6d98f3 StaticDependenciesID=c803c8719f59d6572655b4459d7e28b7 
Refreshing native plugins compatible for Editor in 39.80 ms, found 6 plugins.
Preloading 1 native plugins for Editor in 3.24 ms.

Asset Pipeline Refresh (id=ea2f785ccf0211d43bce6e1bede5022d): Total: 129.472 seconds - Initiated by RefreshV2(AllowForceSynchronousImport)
	(Values over 0.05ms)
	Summary:
		Imports: total=1 (actual=1, local cache=0, cache server=0)
		Asset DB Process Time: managed=22 ms, native=33850 ms
		Asset DB Callback time: managed=4437 ms, native=513 ms
		Scripting: domain reloads=1, domain reload time=58121 ms, compile time=32525 ms, other=0 ms
		Project Asset Count: scripts=2876, non-scripts=6443
		Asset File Changes: new=0, changed=1, moved=0, deleted=0
		Scan Filter Count: 0
	InvokePackagesCallback: 32.230ms
	ApplyChangesToAssetFolders: 38.197ms
	Scan: 264.012ms
	Collect global state as custom dependencies: 61.341ms
	OnSourceAssetsModified: 1.318ms
	CategorizeScriptCompilationAssets: 1.548ms
	ProcessAssetsWithTransientArtifactChanges: 110.244ms
	CategorizeAssets: 2487.539ms
	CompileScripts: 32524.939ms
	ImportOutOfDateAssets: 28503.676ms (27882.711ms without children)
		ImportManagerImport: 162.318ms (11.770ms without children)
			UpdateCategorizedAssets: 0.113ms
		CollectScriptTypesHashes: 346.633ms
		ReloadNativeAssets: 7.215ms
		UnloadImportedAssets: 111.227ms
		ReloadImportedAssets: 3.867ms
		EnsureUptoDateAssetsAreRegisteredWithGuidPM: 6.575ms
		InitializingProgressBar: 0.358ms
		ImportSchedulerStart: 329.005ms
	PostProcessAllAssets: 4465.266ms
		XRBuildSystem.XRAssetImported 17.487ms
		SpriteAtlasDatabase.OnAssetPostprocessCallback 0.996ms
		VCAutoAddAssetPostprocess 0.878ms
		ShaderAssetModifiedCallback 0.423ms
		RaytracingShaderImportPostprocess 0.285ms
		PostProcessCallbackCreateDeferredMaterials 0.198ms
		PostprocessAssetsUpdateCachedIcon 0.053ms
		MonoPostProcessAllAssets: 4437.280ms
			AssetReferenceReimportMonitor.OnPostprocessAllAssets 261.080ms
			AssetPostprocessorProxy.OnPostprocessAllAssets 189.756ms
			UniversalRenderPipelineGlobalSettingsPostprocessor.OnPostprocessAllAssets 101.153ms
			BuilderAssetPostprocessor.OnPostprocessAllAssets 74.514ms
			AssetPostprocessor.OnPostprocessAllAssets 26.737ms
			AssetChangedListener.OnPostprocessAllAssets 25.678ms
			SyncVS.PostprocessSyncProject 22.838ms
			NetworkPrefabProcessor.OnPostprocessAllAssets 18.233ms
			WindowAssetPostprocessingWatcher.OnPostprocessAllAssets 15.413ms
			GraphRefreshPostprocessor.OnPostprocessAllAssets 11.552ms
			ShaderGraphAssetPostProcessor.OnPostprocessAllAssets 10.831ms
			AssetChangeDetector.OnPostprocessAllAssets 10.736ms
			InputActionAssetPostprocessor.OnPostprocessAllAssets 9.697ms
			SpeedTree9Postprocessor.OnPostprocessAllAssets 7.961ms
			MaterialPostprocessor.OnPostprocessAllAssets 5.138ms
			EditModeScopePostprocessor.OnPostprocessAllAssets 5.056ms
			AssetReloadNotifier.OnPostprocessAllAssets 4.741ms
			RenderPipelineGlobalSettingsPostprocessor.OnPostprocessAllAssets 4.231ms
			SpriteShapeAssetPostProcessor.OnPostprocessAllAssets 4.146ms
			SamplePostprocessor.OnPostprocessAllAssets 4.023ms
			RetainedModeAssetPostprocessor.OnPostprocessAllAssets 3.673ms
			SpriteSlicePostprocessor.OnPostprocessAllAssets 3.266ms
			UtilityWindowPostProcessor.OnPostprocessAllAssets 3.200ms
			PSDImportPostProcessor.OnPostprocessAllAssets 3.025ms
			SpriteEditorTexturePostprocessor.OnPostprocessAllAssets 3.016ms
			ProjectSettingsPostprocessor.OnPostprocessAllAssets 2.940ms
			ModelAssetProcessor.OnPostprocessAllAssets 2.810ms
			ArtifactBrowserPostProcessor.OnPostprocessAllAssets 2.806ms
			ShaderReflectionAssetPostProcessor.OnPostprocessAllAssets 2.733ms
			ConfigAssetsTracker.OnPostprocessAllAssets 2.725ms
			UVCSAssetPostprocessor.OnPostprocessAllAssets 2.659ms
			TMPro_TexturePostProcessor.OnPostprocessAllAssets 2.624ms
			AudioMixerPostprocessor.OnPostprocessAllAssets 2.503ms
			ReferencedClipsPostProcessor.OnPostprocessAllAssets 2.314ms
			StyleCatalogPostProcessor.OnPostprocessAllAssets 2.255ms
			PostProcessor.OnPostprocessAllAssets 2.117ms
			AssetEvents.OnPostprocessAllAssets 1.905ms
			ScenarioDriftAssetsTracker.OnPostprocessAllAssets 1.818ms
			SkillsProjectAssetPostprocessor.OnPostprocessAllAssets 1.744ms
			InputActionJsonNameModifierAssetProcessor.OnPostprocessAllAssets 1.586ms
			AudioContainerPostProcessor.OnPostprocessAllAssets 1.477ms
			TextAssetPostProcessor.OnPostprocessAllAssets 1.441ms
			SpriteLibraryAssetPostprocessor.OnPostprocessAllAssets 1.144ms
			SampleDependencyImporterPostProcessor.OnPostprocessAllAssets 1.051ms
			AssetDatabaseCallbacks.OnPostprocessAllAssets 0.788ms
			SpeedTreePostProcessor.OnPostprocessAllAssets 0.722ms
			TerrainToolbarOverlayPostProcessor.OnPostprocessAllAssets 0.519ms
			PSDImporterAssetPostProcessor.OnPostprocessAllAssets 0.504ms
			TrackSelectedAssetsProcessor.OnPostprocessAllAssets 0.294ms
			AssetProcessor.OnPostprocessAllAssets 0.274ms
	PostAssetChangesProfiler: 477.152ms
	GatherAllCurrentPrimaryImportResultRevisions: 11.484ms
	UnloadStreamsBegin: 0.062ms
	PersistCurrentRevisions: 0.843ms
	GenerateScriptTypeHashes: 171.002ms
	GenerateScriptTypeSerializationHashes: 295.659ms
	Untracked: 60094.784ms

[Licensing::Client] Successfully resolved entitlement details
[Licensing::Module] License group:
  Id: F4-YV7J-TBXH-N7G4-SQYR-XXXX
  Product: Unity Personal
  Type: ULF
  Expiration: Unlimited
[Licensing::Module] License group:
  Id: 5773397425070-UnityPersXXXX
  Product: Unity Personal
  Type: Assigned
  Expiration: Unlimited
[Licensing::Client] Error: Code 404 while processing request (status: Found 0 entitlement groups and 0 free entitlements matching requested entitlement ids)
[Licensing::Client] Successfully resolved entitlement details
[Licensing::Client] Successfully resolved entitlement details
[Licensing::Client] Successfully resolved entitlement details
[INFO ] [relay] log Unity client connected with ID: editor-3252-8tdqu7 (relay 1.0.12-build.97)
[INFO ] [relay] connection.established clientId=editor-3252-8tdqu7 port=9001
[Licensing::Client] Error: Code 404 while processing request (status: Found 0 entitlement groups and 0 free entitlements matching requested entitlement ids)
[Licensing::Client] Error: Code 404 while processing request (status: Found 0 entitlement groups and 0 free entitlements matching requested entitlement ids)
[Licensing::Client] Error: Code 404 while processing request (status: Found 0 entitlement groups and 0 free entitlements matching requested entitlement ids)
[Licensing::Client] Error: Code 404 while processing request (status: Found 0 entitlement groups and 0 free entitlements matching requested entitlement ids)
[Licensing::Client] Error: Code 404 while processing request (status: Found 0 entitlement groups and 0 free entitlements matching requested entitlement ids)
[Licensing::Client] Error: Code 404 while processing request (status: Found 0 entitlement groups and 0 free entitlements matching requested entitlement ids)
[Licensing::Client] Error: Code 404 while processing request (status: Found 0 entitlement groups and 0 free entitlements matching requested entitlement ids)
UPID Received '826535e3-7aa3-41f3-9deb-cffac0b844bc'.
[Licensing::Client] Error: Code 404 while processing request (status: Found 0 entitlement groups and 0 free entitlements matching requested entitlement ids)
[Licensing::Client] Error: Code 404 while processing request (status: Found 0 entitlement groups and 0 free entitlements matching requested entitlement ids)
[Licensing::Client] Successfully resolved entitlement details
SpriteAtlasPacking completed in 1.596068 sec
Entering Playmode with Reload Domain disabled.
If you experience any issues, please disable "Enter Play Mode Options" in Editor Settings
[Worker1] Imported GUID: f80fc5ce216b6a04d86d06a984c44485 - Path: Assets/Scripts/HandManager.cs - Importer: PreviewImporter -> (ImportResultId: 'e63a4ab3f18f2ad076d1fb51f30df5a9') in 0.3497574 seconds
Loaded scene 'Temp/__Backupscenes/0.backup'
	Deserialize:            4709.008 ms
	Integration:            31945.820 ms
	Integration of assets:  14.079 ms
	Thread Wait Time:       -14.004 ms
	Total Operation Time:   36654.902 ms
Unloading 6 Unused Serialized files (Serialized files now loaded: 0)
Loaded scene 'Temp/__Backupscenes/0.backup'
	Deserialize:            86.625 ms
	Integration:            2083.914 ms
	Integration of assets:  0.598 ms
	Thread Wait Time:       -0.543 ms
	Total Operation Time:   2170.594 ms
Unloading 110 unused Assets / (279.2 KB). Loaded Objects now: 15623.
Memory consumption went from 0.88 GB to 0.88 GB.
Total: 1962.236700 ms (FindLiveObjects: 292.187100 ms CreateObjectMapping: 62.048300 ms MarkObjects: 1554.987000 ms  DeleteObjects: 52.615600 ms)

[Licensing::Client] Successfully resolved entitlement details
[Licensing::Module] License group:
  Id: F4-YV7J-TBXH-N7G4-SQYR-XXXX
  Product: Unity Personal
  Type: ULF
  Expiration: Unlimited
[Licensing::Module] License group:
  Id: 5773397425070-UnityPersXXXX
  Product: Unity Personal
  Type: Assigned
  Expiration: Unlimited

Asset Pipeline Refresh (id=5ab5bdabc09d0784e8a933b65761fef2): Total: 0.929 seconds - Initiated by RefreshV2(AllowForceSynchronousImport)
	(Values over 0.05ms)
	Summary:
		Imports: total=0 (actual=0, local cache=0, cache server=0)
		Asset DB Process Time: managed=0 ms, native=876 ms
		Asset DB Callback time: managed=0 ms, native=35 ms
		Scripting: domain reloads=0, domain reload time=0 ms, compile time=0 ms, other=0 ms
		Project Asset Count: scripts=2876, non-scripts=6443
		Asset File Changes: new=0, changed=0, moved=0, deleted=0
		Scan Filter Count: 0
	InvokeCustomDependenciesCallbacks: 0.051ms
	InvokePackagesCallback: 14.970ms
	ApplyChangesToAssetFolders: 36.202ms
	Scan: 328.151ms
	Collect global state as custom dependencies: 12.073ms
	GatherAllCurrentPrimaryImportResultRevisions: 61.630ms
	UnloadStreamsBegin: 298.679ms
	UnloadStreamsEnd: 0.268ms
	Untracked: 127.660ms

[Licensing::Client] Error: Code 404 while processing request (status: Found 0 entitlement groups and 0 free entitlements matching requested entitlement ids)
Asset Pipeline Refresh (id=d011d36837d73c646b36c319927f0b64): Total: 0.052 seconds - Initiated by RefreshV2(AllowForceSynchronousImport)
[Licensing::Client] Error: Code 404 while processing request (status: Found 0 entitlement groups and 0 free entitlements matching requested entitlement ids)
[Licensing::Client] Error: Code 404 while processing request (status: Found 0 entitlement groups and 0 free entitlements matching requested entitlement ids)

Asset Pipeline Refresh (id=eaf7846733c5cdd469df4c8e8dd6c7e5): Total: 0.487 seconds - Initiated by RefreshV2(AllowForceSynchronousImport)
	(Values over 0.05ms)
	Summary:
		Imports: total=0 (actual=0, local cache=0, cache server=0)
		Asset DB Process Time: managed=0 ms, native=443 ms
		Asset DB Callback time: managed=0 ms, native=32 ms
		Scripting: domain reloads=0, domain reload time=0 ms, compile time=0 ms, other=0 ms
		Project Asset Count: scripts=2876, non-scripts=6443
		Asset File Changes: new=0, changed=0, moved=0, deleted=0
		Scan Filter Count: 0
	InvokeCustomDependenciesCallbacks: 0.937ms
	InvokePackagesCallback: 15.023ms
	ApplyChangesToAssetFolders: 51.349ms
	Collect global state as custom dependencies: 31.460ms
	GatherAllCurrentPrimaryImportResultRevisions: 55.754ms
	UnloadStreamsBegin: 187.432ms
	Untracked: 119.092ms

[Licensing::Client] Error: Code 404 while processing request (status: Found 0 entitlement groups and 0 free entitlements matching requested entitlement ids)
SpriteAtlasPacking completed in 0.974553 sec
Entering Playmode with Reload Domain disabled.
If you experience any issues, please disable "Enter Play Mode Options" in Editor Settings
Loaded scene 'Temp/__Backupscenes/0.backup'
	Deserialize:            202.286 ms
	Integration:            13179.056 ms
	Integration of assets:  0.403 ms
	Thread Wait Time:       -0.372 ms
	Total Operation Time:   13381.372 ms
Unloading 5 Unused Serialized files (Serialized files now loaded: 0)
Loaded scene 'Temp/__Backupscenes/0.backup'
	Deserialize:            56.853 ms
	Integration:            2721.702 ms
	Integration of assets:  0.582 ms
	Thread Wait Time:       -0.536 ms
	Total Operation Time:   2778.602 ms
Unloading 2 unused Assets / (1.2 MB). Loaded Objects now: 15680.
Memory consumption went from 0.89 GB to 0.89 GB.
Total: 2296.774400 ms (FindLiveObjects: 15.626000 ms CreateObjectMapping: 13.887100 ms MarkObjects: 2259.701100 ms  DeleteObjects: 7.223200 ms)

[Licensing::Client] Successfully resolved entitlement details
[Licensing::Module] License group:
  Id: F4-YV7J-TBXH-N7G4-SQYR-XXXX
  Product: Unity Personal
  Type: ULF
  Expiration: Unlimited
[Licensing::Module] License group:
  Id: 5773397425070-UnityPersXXXX
  Product: Unity Personal
  Type: Assigned
  Expiration: Unlimited
Importing 'GUID: 0000000000000000b000000000000000 - Path: ProjectSettings/EditorBuildSettings.asset' with importer (LibraryAssetImporter)
Imported 'GUID: 0000000000000000b000000000000000' -> (Import Result ID: '36eed388d034f498a3098440d9f131ba') in 0.066 seconds [static dependencies only]. Details - ImportResultOutputID=4647dd083cfc32cebcd7526e8846440c DependenciesID=9be8d0052bec82b8be1d3ab2d7a5d399 StaticDependenciesID=5cd6c04f4045450b3d89021fac7d48be 
Refreshing native plugins compatible for Editor in 27.61 ms, found 6 plugins.
Preloading 1 native plugins for Editor in 3.99 ms.

Asset Pipeline Refresh (id=156f0a86c40f54c4ab78fc630bcb0470): Total: 2.509 seconds - Initiated by StopAssetImportingV2(NoUpdateAssetOptions)
	(Values over 0.05ms)
	Summary:
		Imports: total=1 (actual=1, local cache=0, cache server=0)
		Asset DB Process Time: managed=18 ms, native=1933 ms
		Asset DB Callback time: managed=285 ms, native=269 ms
		Scripting: domain reloads=0, domain reload time=0 ms, compile time=0 ms, other=0 ms
		Project Asset Count: scripts=2876, non-scripts=6443
		Asset File Changes: new=0, changed=0, moved=0, deleted=0
		Scan Filter Count: 1
	InvokeCustomDependenciesCallbacks: 0.294ms
	InvokePackagesCallback: 0.374ms
	ApplyChangesToAssetFolders: 4.590ms
	Scan: 129.001ms
	Collect global state as custom dependencies: 5.749ms
	CategorizeScriptCompilationAssets: 1.416ms
	ProcessAssetsWithTransientArtifactChanges: 21.092ms
	CategorizeAssets: 76.444ms
	ImportOutOfDateAssets: 1504.082ms (963.877ms without children)
		ImportManagerImport: 83.104ms (3.662ms without children)
			UpdateCategorizedAssets: 0.065ms
		ReloadNativeAssets: 10.322ms
		UnloadImportedAssets: 0.481ms
		EnsureUptoDateAssetsAreRegisteredWithGuidPM: 2.918ms
		ImportSchedulerStart: 443.370ms
	PostProcessAllAssets: 500.457ms
		XRBuildSystem.XRAssetImported 201.865ms
		ObjectImages.AssetImported 1.032ms
		SpriteAtlasDatabase.OnAssetPostprocessCallback 0.767ms
		AssemblyValidation.PostprocessAllAssets 0.616ms
		RaytracingShaderImportPostprocess 0.372ms
		PostprocessAssetsUpdateCachedIcon 0.076ms
		PostProcessCallbackCreateDeferredMaterials 0.073ms
		SpeedTreeImporter.PostprocessAllAssets 0.057ms
		MonoPostProcessAllAssets: 285.098ms
			AssetPostprocessorProxy.OnPostprocessAllAssets 113.094ms
			AssetChangedListener.OnPostprocessAllAssets 18.138ms
			SyncVS.PostprocessSyncProject 17.422ms
			ShaderGraphAssetPostProcessor.OnPostprocessAllAssets 8.268ms
			AssetReferenceReimportMonitor.OnPostprocessAllAssets 7.810ms
			AssetPostprocessor.OnPostprocessAllAssets 4.377ms
			UtilityWindowPostProcessor.OnPostprocessAllAssets 4.089ms
			UniversalRenderPipelineGlobalSettingsPostprocessor.OnPostprocessAllAssets 3.870ms
			GraphRefreshPostprocessor.OnPostprocessAllAssets 2.973ms
			TMPro_TexturePostProcessor.OnPostprocessAllAssets 2.618ms
			RenderPipelineGlobalSettingsPostprocessor.OnPostprocessAllAssets 2.453ms
			NetworkPrefabProcessor.OnPostprocessAllAssets 2.111ms
			SpriteLibraryAssetPostprocessor.OnPostprocessAllAssets 1.750ms
			AudioContainerPostProcessor.OnPostprocessAllAssets 1.458ms
			ReferencedClipsPostProcessor.OnPostprocessAllAssets 1.442ms
			RetainedModeAssetPostprocessor.OnPostprocessAllAssets 1.268ms
			SampleDependencyImporterPostProcessor.OnPostprocessAllAssets 1.243ms
			BuilderAssetPostprocessor.OnPostprocessAllAssets 1.209ms
			ModelAssetProcessor.OnPostprocessAllAssets 1.194ms
			UVCSAssetPostprocessor.OnPostprocessAllAssets 1.170ms
			SpriteShapeAssetPostProcessor.OnPostprocessAllAssets 1.076ms
			SpriteEditorTexturePostprocessor.OnPostprocessAllAssets 1.049ms
			ProjectSettingsPostprocessor.OnPostprocessAllAssets 0.840ms
			EditModeScopePostprocessor.OnPostprocessAllAssets 0.741ms
			SamplePostprocessor.OnPostprocessAllAssets 0.677ms
			AssetDatabaseCallbacks.OnPostprocessAllAssets 0.655ms
			WindowAssetPostprocessingWatcher.OnPostprocessAllAssets 0.644ms
			StyleCatalogPostProcessor.OnPostprocessAllAssets 0.640ms
			MaterialPostprocessor.OnPostprocessAllAssets 0.611ms
			PostProcessor.OnPostprocessAllAssets 0.593ms
			SkillsProjectAssetPostprocessor.OnPostprocessAllAssets 0.581ms
			AudioMixerPostprocessor.OnPostprocessAllAssets 0.517ms
			AssetChangeDetector.OnPostprocessAllAssets 0.474ms
			TextAssetPostProcessor.OnPostprocessAllAssets 0.430ms
			AssetProcessor.OnPostprocessAllAssets 0.320ms
			ArtifactBrowserPostProcessor.OnPostprocessAllAssets 0.153ms
			ConfigAssetsTracker.OnPostprocessAllAssets 0.118ms
			AssetReloadNotifier.OnPostprocessAllAssets 0.112ms
			InputActionAssetPostprocessor.OnPostprocessAllAssets 0.100ms
			SpriteSlicePostprocessor.OnPostprocessAllAssets 0.081ms
			AssetEvents.OnPostprocessAllAssets 0.062ms
	PostAssetChangesProfiler: 53.283ms
	GatherAllCurrentPrimaryImportResultRevisions: 33.233ms
	PersistCurrentRevisions: 0.618ms
	Untracked: 177.847ms

Importing 'GUID: 8c9cfa26abfee488c85f1582747f6a02 - Path: Assets/Scenes/SampleScene.unity' with importer (DefaultImporter)
Imported 'GUID: 8c9cfa26abfee488c85f1582747f6a02' -> (Import Result ID: 'fa80b6fca31fab8c5e8a1eb20ce79d15') in 0.042 seconds [static dependencies only]. Details - ImportResultOutputID=d9e1b38d15056e7131fe2ca7dd7db718 DependenciesID=7a65673ce8e370408e08d70cfb3d104a StaticDependenciesID=e3cc8ecc69a3035af1bd9123c4129f27 
Refreshing native plugins compatible for Editor in 18.95 ms, found 6 plugins.

Asset Pipeline Refresh (id=cbc58467dd927ec47ba15471e202cdb3): Total: 2.477 seconds - Initiated by StopAssetImportingV2(NoUpdateAssetOptions)
	(Values over 0.05ms)
	Summary:
		Imports: total=1 (actual=1, local cache=0, cache server=0)
		Asset DB Process Time: managed=0 ms, native=2301 ms
		Asset DB Callback time: managed=148 ms, native=25 ms
		Scripting: domain reloads=0, domain reload time=0 ms, compile time=0 ms, other=0 ms
		Project Asset Count: scripts=2876, non-scripts=6443
		Asset File Changes: new=0, changed=1, moved=0, deleted=0
		Scan Filter Count: 3
	ApplyChangesToAssetFolders: 4.228ms
	Scan: 79.247ms
	Collect global state as custom dependencies: 1.014ms
	OnSourceAssetsModified: 138.077ms
	CategorizeScriptCompilationAssets: 0.756ms
	ProcessAssetsWithTransientArtifactChanges: 0.451ms
	CategorizeAssets: 193.247ms
	ImportOutOfDateAssets: 296.861ms (46.634ms without children)
		ImportManagerImport: 47.494ms (2.285ms without children)
			UpdateCategorizedAssets: 0.073ms
		ReloadNativeAssets: 0.117ms
		UnloadImportedAssets: 0.656ms
		EnsureUptoDateAssetsAreRegisteredWithGuidPM: 4.110ms
		ImportSchedulerStart: 197.804ms
	PostProcessAllAssets: 16.696ms
		XRBuildSystem.XRAssetImported 4.129ms
		PostProcessCallbackCreateDeferredMaterials 0.450ms
		MonoPostProcessAllAssets: 11.590ms
			SyncVS.PostprocessSyncProject 4.012ms
			GraphRefreshPostprocessor.OnPostprocessAllAssets 0.779ms
			SpriteShapeAssetPostProcessor.OnPostprocessAllAssets 0.777ms
			TMPro_TexturePostProcessor.OnPostprocessAllAssets 0.713ms
			SpriteEditorTexturePostprocessor.OnPostprocessAllAssets 0.466ms
			RenderPipelineGlobalSettingsPostprocessor.OnPostprocessAllAssets 0.396ms
			TerrainToolbarOverlayPostProcessor.OnPostprocessAllAssets 0.377ms
			ModelAssetProcessor.OnPostprocessAllAssets 0.347ms
			ShaderGraphAssetPostProcessor.OnPostprocessAllAssets 0.319ms
			RetainedModeAssetPostprocessor.OnPostprocessAllAssets 0.139ms
			AssetPostprocessor.OnPostprocessAllAssets 0.138ms
			AssetChangedListener.OnPostprocessAllAssets 0.135ms
			NetworkPrefabProcessor.OnPostprocessAllAssets 0.093ms
			TextAssetPostProcessor.OnPostprocessAllAssets 0.071ms
			SpriteSlicePostprocessor.OnPostprocessAllAssets 0.070ms
			AssetPostprocessorProxy.OnPostprocessAllAssets 0.061ms
	PostAssetChangesProfiler: 19.811ms
	GatherAllCurrentPrimaryImportResultRevisions: 1.153ms
	PersistCurrentRevisions: 0.784ms
	Untracked: 1724.171ms

Starting new worker id: 2 with log in C:/Users/dast0/Conquian/Logs/AssetImportWorkerHW2.log
Starting new worker id: 3 with log in C:/Users/dast0/Conquian/Logs/AssetImportWorkerHW3.log
[Worker1] Imported GUID: e6ece9b94ad04fa40a92f44d1ee9f9ca - Path: Assets/Card ScriptableObjects/ace_diamonds.asset - Importer: PreviewImporter -> (ImportResultId: '2dab7031f152152134d49d9e73317fbd') in 2.6335853 seconds
[Worker1] Imported GUID: 33d7ed02749ab004db1c640063f74222 - Path: Assets/Card ScriptableObjects/four_spades.asset - Importer: PreviewImporter -> (ImportResultId: '0e739f2244f46cb55dddcc2f2920c2db') in 0.0715623 seconds
[Worker0] Imported GUID: 25f30bc6a2e933046b5b48b94c9175df - Path: Assets/Card ScriptableObjects/ace_clubs.asset - Importer: PreviewImporter -> (ImportResultId: '74bc2751abd5ea15e72a74a8090d271b') in 2.8046341 seconds
[Worker1] Imported GUID: 5e88756e88eec9642bc2b7c60612d23f - Path: Assets/Card ScriptableObjects/ace_spades.asset - Importer: PreviewImporter -> (ImportResultId: 'ece8704dd8f1902d4f0d5b4ab030537c') in 0.0746472 seconds
[Worker0] Imported GUID: 2a4c0d5f6b04a934bb188ea2ff37d005 - Path: Assets/Card ScriptableObjects/four_hearts.asset - Importer: PreviewImporter -> (ImportResultId: 'b693fa26a8152acca1637d3d397cbb64') in 0.0754485 seconds
[Worker1] Imported GUID: 7a423c2445cc80d408399b92542b9b9d - Path: Assets/Card ScriptableObjects/eight_spades.asset - Importer: PreviewImporter -> (ImportResultId: 'ec8e1de3e4dcc879bcfd6204c885d579') in 0.0629827 seconds
[Worker0] Imported GUID: e5169cd7d466f09429dfb42b1149897c - Path: Assets/Card ScriptableObjects/jack_diamonds.asset - Importer: PreviewImporter -> (ImportResultId: '83756832f151b3a3e2447d0036b7364a') in 0.0610218 seconds
[Worker1] Imported GUID: bde12cd7426c9604b930d49d39ebf9de - Path: Assets/Card ScriptableObjects/eight_clubs.asset - Importer: PreviewImporter -> (ImportResultId: 'eae4d9183f7990178d773f1235d931e3') in 0.0563338 seconds
[Worker0] Imported GUID: 4df32c5dfd2705e47897de69f27c9b72 - Path: Assets/Card ScriptableObjects/jack_clubs.asset - Importer: PreviewImporter -> (ImportResultId: '71c348153c4ee25e58c0dee73fb0f673') in 0.0643545 seconds
[Worker1] Imported GUID: 7f6413a3ac0ccbf4b9c2b60f164f9cf9 - Path: Assets/Card ScriptableObjects/four_diamonds.asset - Importer: PreviewImporter -> (ImportResultId: '08eb364f80023583c60c8655d5d4bc24') in 0.0625737 seconds
[Worker0] Imported GUID: 879bd952ac89e394c8ad035f5a8f0cff - Path: Assets/Card ScriptableObjects/five_hearts.asset - Importer: PreviewImporter -> (ImportResultId: '954b3428d35c7b8cb787e01c701b6552') in 0.0599355 seconds
[Worker1] Imported GUID: 0f9443326f7af8c439a109fd18bae1cc - Path: Assets/Card ScriptableObjects/four_clubs.asset - Importer: PreviewImporter -> (ImportResultId: 'b69fba2c17832309c0e28f907db59f22') in 0.0593939 seconds
[Worker0] Imported GUID: cca3dac9026182449b84de7b7b96ab8d - Path: Assets/Card ScriptableObjects/ace_hearts.asset - Importer: PreviewImporter -> (ImportResultId: 'a0a1088eec75aa44dd297b6eef2dcb81') in 0.0550546 seconds
[Worker1] Imported GUID: 04f166fb958c52846994b4c0d9972096 - Path: Assets/Card ScriptableObjects/five_clubs.asset - Importer: PreviewImporter -> (ImportResultId: '1d09f93ad4ce8a0b9a4f220ddb49ff14') in 0.0538248 seconds
[Worker1] Imported GUID: 4042289b857f69040aeffd7bc17be88a - Path: Assets/Card ScriptableObjects/jack_hearts.asset - Importer: PreviewImporter -> (ImportResultId: '15512c178d3df1a41a66bf9efe9014c1') in 0.0542243 seconds
[Worker0] Imported GUID: f1c5e772bf027864e85b5e7f4a746097 - Path: Assets/Card ScriptableObjects/eight_diamonds.asset - Importer: PreviewImporter -> (ImportResultId: 'd2ac3513ecb642c65648c1ba23acec2c') in 0.057477 seconds
[Worker1] Imported GUID: 1ef19d418a195fc448545d5764755b63 - Path: Assets/Card ScriptableObjects/jack_spades.asset - Importer: PreviewImporter -> (ImportResultId: '7dbba426f062f0263c3907868ad50b3c') in 0.0665864 seconds
[Worker0] Imported GUID: 3886411ab8d854040bef392af96fc1c9 - Path: Assets/Card ScriptableObjects/five_diamonds.asset - Importer: PreviewImporter -> (ImportResultId: 'e7001dc0a0050a88b574b362aac20a6a') in 0.0762499 seconds
[Worker1] Imported GUID: 824025c138a26cc43864d56a282675db - Path: Assets/Card ScriptableObjects/five_spades.asset - Importer: PreviewImporter -> (ImportResultId: '61761efcd44755c47d1f70d17f4813a4') in 0.0647143 seconds
[Worker0] Imported GUID: 936698f12fa0d3c4fafa007d64b374c6 - Path: Assets/Card ScriptableObjects/eight_hearts.asset - Importer: PreviewImporter -> (ImportResultId: '6d8d916c641edbac4c827ac894e98395') in 0.059957 seconds
Worker ready: AssetImportWorkerHW3 3
Worker ready: AssetImportWorkerHW2 2
[Worker1] Imported GUID: 922a0d361825c244993ae0a564948ca6 - Path: Assets/Card ScriptableObjects/king_clubs.asset - Importer: PreviewImporter -> (ImportResultId: '5366f586a6b9ea427a8590dbcec4ea02') in 1.5296348 seconds
[Worker0] Imported GUID: 7f6fe9cd347896840aa72b4be86886d0 - Path: Assets/Card ScriptableObjects/joker.asset - Importer: PreviewImporter -> (ImportResultId: 'cc8dcb79f434ffd964c9bd1f6dc6c340') in 1.5738842 seconds
[Worker1] Imported GUID: f0232437b8061b443b25861f5d653e06 - Path: Assets/Card ScriptableObjects/king_diamonds.asset - Importer: PreviewImporter -> (ImportResultId: '58d44e2484eb1383b5beb5b5ebed4c6b') in 0.1706 seconds
[Worker0] Imported GUID: 9da630764cafa074f9704fc586481e52 - Path: Assets/Card ScriptableObjects/king_spades.asset - Importer: PreviewImporter -> (ImportResultId: '3baaa802935a5c45649be3b38056651d') in 0.1817655 seconds
[Worker1] Imported GUID: 4d9a60fec4afb61469170825df6e8831 - Path: Assets/Card ScriptableObjects/king_hearts.asset - Importer: PreviewImporter -> (ImportResultId: 'b815ab17464739fad8cf58ab72b2d83b') in 0.1393942 seconds
[Worker2] Imported GUID: 1d3d1ce6f896c3642b406b35e04d2d25 - Path: Assets/Card ScriptableObjects/nine_clubs.asset - Importer: PreviewImporter -> (ImportResultId: 'c579e9d3eb2da85bc396fc7d63151665') in 0.3143257 seconds
[Worker3] Imported GUID: 1188d1fc18a0c0647a7f70a8026c7058 - Path: Assets/Card ScriptableObjects/nine_diamonds.asset - Importer: PreviewImporter -> (ImportResultId: '5e530469a3716269db652dd00ae4a74d') in 0.2660236 seconds
[Worker3] Imported GUID: d7763da8dfbc3004cac02ae8bc82205e - Path: Assets/Card ScriptableObjects/queen_diamonds.asset - Importer: PreviewImporter -> (ImportResultId: '11ae110ee720df1fbe45b12b2ba12014') in 0.0550228 seconds
[Worker2] Imported GUID: cf6790fad82d67a46a30c91597f31e5a - Path: Assets/Card ScriptableObjects/queen_clubs.asset - Importer: PreviewImporter -> (ImportResultId: '40631e0b5108ffdda21ed05236bb354f') in 0.0581211 seconds
[Worker3] Imported GUID: a4c1b2ce204948f4ab9e7092ab7002e8 - Path: Assets/Card ScriptableObjects/seven_clubs.asset - Importer: PreviewImporter -> (ImportResultId: 'b70d9c572f6d2efc97cea6825660f92f') in 0.0488696 seconds
[Worker2] Imported GUID: 093387994ad5ce0448a65a36fd765279 - Path: Assets/Card ScriptableObjects/queen_hearts.asset - Importer: PreviewImporter -> (ImportResultId: '5c069a295afbe3cff11b4ff75082ed54') in 0.0473357 seconds
[Worker3] Imported GUID: d03106165fab5ef48830aff609e289c0 - Path: Assets/Card ScriptableObjects/seven_diamonds.asset - Importer: PreviewImporter -> (ImportResultId: '1e1fa77b46cd54efe169a6acabd7a796') in 0.0469612 seconds
[Worker2] Imported GUID: d30ce0eadb75b1e4296c410ade22f011 - Path: Assets/Card ScriptableObjects/queen_spades.asset - Importer: PreviewImporter -> (ImportResultId: 'a67d955205eb56c9d6775901c885972a') in 0.0458907 seconds
[Worker0] Imported GUID: 1b5ad1a66336f194382f77f6d4e41185 - Path: Assets/Card ScriptableObjects/nine_hearts.asset - Importer: PreviewImporter -> (ImportResultId: 'f308457f344ebc6bebbec560e00ab786') in 0.5748382 seconds
[Worker1] Imported GUID: 0ec45f2b0c1a84644a5fa7b1fad1f485 - Path: Assets/Card ScriptableObjects/nine_spades.asset - Importer: PreviewImporter -> (ImportResultId: '14d27d4020422adf99e8c53f7225105d') in 0.5762275 seconds
Request Asset Garbage Collect because used heap size increased from 0.89 GB to 1.14 GB, exceeding the threshold of 256.0 MB.
Unloading 64 Unused Serialized files (Serialized files now loaded: 0)
Unloading 227 unused Assets / (221.1 KB). Loaded Objects now: 15829.
Memory consumption went from 1.14 GB to 1.14 GB.
Total: 4879.434900 ms (FindLiveObjects: 319.680000 ms CreateObjectMapping: 17.741000 ms MarkObjects: 4418.081900 ms  DeleteObjects: 123.916000 ms)

[Worker2] Imported GUID: 9e70140be08b0fe4c8fc30cbb7f23e44 - Path: Assets/Card ScriptableObjects/seven_hearts.asset - Importer: PreviewImporter -> (ImportResultId: '57ce923f9afb6ab170f9e6fc25ccabcb') in 0.0865183 seconds
[Worker2] Imported GUID: 6eae10f269ec66040962c5ebbcb0e9ad - Path: Assets/Card ScriptableObjects/six_diamonds.asset - Importer: PreviewImporter -> (ImportResultId: '514a0a94f14f32b55a0cc04d7f0e915d') in 0.0439632 seconds
[Worker3] Imported GUID: 2ee6e5f5b11f42546824d56c776715b7 - Path: Assets/Card ScriptableObjects/seven_spades.asset - Importer: PreviewImporter -> (ImportResultId: '8f85bf8addf87e19d74f8b99814dadcb') in 0.118541 seconds
[Worker0] Imported GUID: 1799b0855cd027847a3ae280f0c5d86d - Path: Assets/Card ScriptableObjects/six_clubs.asset - Importer: PreviewImporter -> (ImportResultId: '5c305667044c0eb243a18f49ff0db34d') in 0.1372871 seconds
[Worker2] Imported GUID: dde9341d9d639a34a9db836a007f7ae7 - Path: Assets/Card ScriptableObjects/six_spades.asset - Importer: PreviewImporter -> (ImportResultId: 'ff87ba2f3a8667f02b4720fdc4e2b1e8') in 0.0519413 seconds
[Worker1] Imported GUID: 771212071426b0b469a97e1bd2259755 - Path: Assets/Card ScriptableObjects/six_hearts.asset - Importer: PreviewImporter -> (ImportResultId: '702ba1dfd220d764a713d607eaba9d71') in 0.1227907 seconds
[Worker3] Imported GUID: be03fe0ce52eb514d9ca809c50e399e0 - Path: Assets/Card ScriptableObjects/ten_clubs.asset - Importer: PreviewImporter -> (ImportResultId: 'c3c50fed76f510b488c8909cfc74e4c1') in 0.0612175 seconds
[Worker2] Imported GUID: ccee43836ddf4aa4fb1682bcda37f9a0 - Path: Assets/Card ScriptableObjects/ten_diamonds.asset - Importer: PreviewImporter -> (ImportResultId: '04c17e390f9cbfbf1d22913b2c2ecc9f') in 0.0434018 seconds
[Worker2] Imported GUID: 161a7790c2c93de488ed50d77433ed05 - Path: Assets/Card ScriptableObjects/ten_spades.asset - Importer: PreviewImporter -> (ImportResultId: '3dde025a63db137960f15b68a773737d') in 0.0440348 seconds
[Worker0] Imported GUID: 50fe77fdbd2c216449696a19b4b2ccdf - Path: Assets/Card ScriptableObjects/ten_hearts.asset - Importer: PreviewImporter -> (ImportResultId: '8f01cf9f4fd5de822b247cb0c200f7ed') in 0.0843365 seconds
[Worker2] Imported GUID: 2b4b9939c56fcc547867f3a07295f8c5 - Path: Assets/Card ScriptableObjects/three_clubs.asset - Importer: PreviewImporter -> (ImportResultId: 'a714e7f02ee566e8787d60d462726827') in 0.0410427 seconds
[Worker3] Imported GUID: 20ac0e7e56b2b8c45811bec8a5b61602 - Path: Assets/Card ScriptableObjects/three_diamonds.asset - Importer: PreviewImporter -> (ImportResultId: 'fad25f409943ed8f612b5d4b73bf401c') in 0.0597483 seconds
[Worker2] Imported GUID: bf1d9f8b21e595749aab3426a210ed92 - Path: Assets/Card ScriptableObjects/three_hearts.asset - Importer: PreviewImporter -> (ImportResultId: '37f2246d31efe87820c1401ad9e3d75d') in 0.0408774 seconds
[Worker0] Imported GUID: 9f91530cff8a3c2459a530f6c1984c1e - Path: Assets/Card ScriptableObjects/three_spades.asset - Importer: PreviewImporter -> (ImportResultId: '99c6f11643a9a9da8aedeb6984c5e1aa') in 0.0847365 seconds
[Worker2] Imported GUID: cb28e5476d5818d44b714f89b5c24baf - Path: Assets/Card ScriptableObjects/two_clubs.asset - Importer: PreviewImporter -> (ImportResultId: '02d70989f6521ec0596dad26c830decf') in 0.0562577 seconds

Asset Pipeline Refresh (id=e193dd57e1f93284ea1cb704fe86c3b0): Total: 0.369 seconds - Initiated by RefreshV2(AllowForceSynchronousImport)
	(Values over 0.05ms)
	Summary:
		Imports: total=0 (actual=0, local cache=0, cache server=0)
		Asset DB Process Time: managed=0 ms, native=344 ms
		Asset DB Callback time: managed=0 ms, native=13 ms
		Scripting: domain reloads=0, domain reload time=0 ms, compile time=0 ms, other=0 ms
		Project Asset Count: scripts=2876, non-scripts=6443
		Asset File Changes: new=0, changed=0, moved=0, deleted=0
		Scan Filter Count: 0
	InvokeCustomDependenciesCallbacks: 0.054ms
	InvokePackagesCallback: 14.118ms
	ApplyChangesToAssetFolders: 12.244ms
	Scan: 189.926ms
	Collect global state as custom dependencies: 7.856ms
	GatherAllCurrentPrimaryImportResultRevisions: 30.190ms
	UnloadStreamsBegin: 11.192ms
	UnloadStreamsEnd: 0.267ms
	Untracked: 95.395ms

[Licensing::Client] Error: Code 404 while processing request (status: Found 0 entitlement groups and 0 free entitlements matching requested entitlement ids)
Request Asset Garbage Collect because used heap size increased from 1.12 GB to 1.41 GB, exceeding the threshold of 286.7 MB.
Unloading 15 Unused Serialized files (Serialized files now loaded: 0)
Unloading 30 unused Assets / (29.4 KB). Loaded Objects now: 15860.
Memory consumption went from 1.41 GB to 1.41 GB.
Total: 3549.886100 ms (FindLiveObjects: 57.349200 ms CreateObjectMapping: 9.160900 ms MarkObjects: 3474.622300 ms  DeleteObjects: 8.277800 ms)

[Worker2] Imported GUID: e01bba22439e33c40b174f4cefaca7b0 - Path: Assets/Card ScriptableObjects/two_diamonds.asset - Importer: PreviewImporter -> (ImportResultId: 'e06c192c77bc315656fb979e4bddfa80') in 0.2836088 seconds
[Worker2] Imported GUID: f431593cd085fc244868ae6842749c4f - Path: Assets/Card ScriptableObjects/two_hearts.asset - Importer: PreviewImporter -> (ImportResultId: '16b3e9f02367370588edcb59c5d980aa') in 0.0607234 seconds
[Worker0] Imported GUID: 507ee1bbd8391254fbdceb54005df98e - Path: Assets/Card ScriptableObjects/two_spades.asset - Importer: PreviewImporter -> (ImportResultId: 'e44e2d0b27c687086e7a00f475872e2c') in 0.2412406 seconds
Request Asset Garbage Collect because used heap size increased from 0.90 GB to 1.16 GB, exceeding the threshold of 256.0 MB.
Unloading 20 Unused Serialized files (Serialized files now loaded: 0)
Unloading 6 unused Assets / (5.9 KB). Loaded Objects now: 15890.
Memory consumption went from 1.16 GB to 1.16 GB.
Total: 166.363600 ms (FindLiveObjects: 2.371000 ms CreateObjectMapping: 5.080900 ms MarkObjects: 158.648200 ms  DeleteObjects: 0.241600 ms)

Importing 'GUID: 8c9cfa26abfee488c85f1582747f6a02 - Path: Assets/Scenes/SampleScene.unity' with importer (DefaultImporter)
Imported 'GUID: 8c9cfa26abfee488c85f1582747f6a02' -> (Import Result ID: '3c0f89630ffc642145c16e1d27c28be7') in 0.064 seconds [static dependencies only]. Details - ImportResultOutputID=d9e1b38d15056e7131fe2ca7dd7db718 DependenciesID=54878c6b236efd6a6fdd82e9ebf1dc4b StaticDependenciesID=64af94cb03cdf6a25e19c552b301fecb 
Refreshing native plugins compatible for Editor in 24.41 ms, found 6 plugins.
Preloading 1 native plugins for Editor in 2.25 ms.

Asset Pipeline Refresh (id=6337192abcd4b0743b141c2e90287914): Total: 2.897 seconds - Initiated by StopAssetImportingV2(NoUpdateAssetOptions)
	(Values over 0.05ms)
	Summary:
		Imports: total=1 (actual=1, local cache=0, cache server=0)
		Asset DB Process Time: managed=6 ms, native=2612 ms
		Asset DB Callback time: managed=129 ms, native=148 ms
		Scripting: domain reloads=0, domain reload time=0 ms, compile time=0 ms, other=0 ms
		Project Asset Count: scripts=2876, non-scripts=6443
		Asset File Changes: new=0, changed=1, moved=0, deleted=0
		Scan Filter Count: 3
	InvokePackagesCallback: 0.640ms
	ApplyChangesToAssetFolders: 3.659ms
	Scan: 130.613ms
	Collect global state as custom dependencies: 5.012ms
	OnSourceAssetsModified: 3.557ms
	CategorizeScriptCompilationAssets: 1.693ms
	ProcessAssetsWithTransientArtifactChanges: 13.975ms
	CategorizeAssets: 454.955ms
	ImportOutOfDateAssets: 1033.871ms (534.270ms without children)
		ImportManagerImport: 69.018ms (1.812ms without children)
			UpdateCategorizedAssets: 0.050ms
		ReloadNativeAssets: 0.229ms
		UnloadImportedAssets: 0.381ms
		EnsureUptoDateAssetsAreRegisteredWithGuidPM: 3.145ms
		ImportSchedulerStart: 426.798ms
	PostProcessAllAssets: 227.142ms
		XRBuildSystem.XRAssetImported 91.852ms
		ObjectImages.AssetImported 1.023ms
		SpriteAtlasDatabase.OnAssetPostprocessCallback 0.722ms
		AssemblyValidation.PostprocessAllAssets 0.375ms
		PostProcessCallbackCreateDeferredMaterials 0.095ms
		MonoPostProcessAllAssets: 128.974ms
			SyncVS.PostprocessSyncProject 33.991ms
			ShaderGraphAssetPostProcessor.OnPostprocessAllAssets 11.493ms
			AssetReferenceReimportMonitor.OnPostprocessAllAssets 4.314ms
			AssetPostprocessor.OnPostprocessAllAssets 3.790ms
			AssetChangedListener.OnPostprocessAllAssets 3.319ms
			UtilityWindowPostProcessor.OnPostprocessAllAssets 2.035ms
			BuilderAssetPostprocessor.OnPostprocessAllAssets 1.845ms
			TextAssetPostProcessor.OnPostprocessAllAssets 1.517ms
			InputActionAssetPostprocessor.OnPostprocessAllAssets 1.501ms
			RetainedModeAssetPostprocessor.OnPostprocessAllAssets 1.406ms
			ModelAssetProcessor.OnPostprocessAllAssets 1.365ms
			UniversalRenderPipelineGlobalSettingsPostprocessor.OnPostprocessAllAssets 1.311ms
			SpriteShapeAssetPostProcessor.OnPostprocessAllAssets 1.302ms
			SamplePostprocessor.OnPostprocessAllAssets 1.301ms
			NetworkPrefabProcessor.OnPostprocessAllAssets 1.232ms
			PostProcessor.OnPostprocessAllAssets 1.202ms
			TMPro_TexturePostProcessor.OnPostprocessAllAssets 1.141ms
			RenderPipelineGlobalSettingsPostprocessor.OnPostprocessAllAssets 1.072ms
			ArtifactBrowserPostProcessor.OnPostprocessAllAssets 1.016ms
			GraphRefreshPostprocessor.OnPostprocessAllAssets 1.004ms
			ProjectSettingsPostprocessor.OnPostprocessAllAssets 0.956ms
			SpriteEditorTexturePostprocessor.OnPostprocessAllAssets 0.912ms
			AudioContainerPostProcessor.OnPostprocessAllAssets 0.861ms
			ReferencedClipsPostProcessor.OnPostprocessAllAssets 0.853ms
			ConfigAssetsTracker.OnPostprocessAllAssets 0.819ms
			SampleDependencyImporterPostProcessor.OnPostprocessAllAssets 0.793ms
			UVCSAssetPostprocessor.OnPostprocessAllAssets 0.747ms
			AssetProcessor.OnPostprocessAllAssets 0.572ms
			AudioMixerPostprocessor.OnPostprocessAllAssets 0.545ms
			StyleCatalogPostProcessor.OnPostprocessAllAssets 0.482ms
			PSDImporterAssetPostProcessor.OnPostprocessAllAssets 0.471ms
			WindowAssetPostprocessingWatcher.OnPostprocessAllAssets 0.467ms
			AssetEvents.OnPostprocessAllAssets 0.399ms
			SpriteLibraryAssetPostprocessor.OnPostprocessAllAssets 0.375ms
			EditModeScopePostprocessor.OnPostprocessAllAssets 0.364ms
			SkillsProjectAssetPostprocessor.OnPostprocessAllAssets 0.309ms
			AssetChangeDetector.OnPostprocessAllAssets 0.295ms
			AssetReloadNotifier.OnPostprocessAllAssets 0.188ms
			AssetPostprocessorProxy.OnPostprocessAllAssets 0.133ms
			SpeedTreePostProcessor.OnPostprocessAllAssets 0.127ms
			MaterialPostprocessor.OnPostprocessAllAssets 0.121ms
			SpeedTree9Postprocessor.OnPostprocessAllAssets 0.097ms
			InputActionJsonNameModifierAssetProcessor.OnPostprocessAllAssets 0.092ms
			SpriteSlicePostprocessor.OnPostprocessAllAssets 0.087ms
			AssetDatabaseCallbacks.OnPostprocessAllAssets 0.076ms
	PostAssetChangesProfiler: 46.986ms
	GatherAllCurrentPrimaryImportResultRevisions: 32.152ms
	UnloadStreamsBegin: 0.102ms
	PersistCurrentRevisions: 0.923ms
	Untracked: 941.753ms

SpriteAtlasPacking completed in 0.290653 sec
Entering Playmode with Reload Domain disabled.
If you experience any issues, please disable "Enter Play Mode Options" in Editor Settings
Loaded scene 'Temp/__Backupscenes/0.backup'
	Deserialize:            89.486 ms
	Integration:            16335.562 ms
	Integration of assets:  0.232 ms
	Thread Wait Time:       -0.156 ms
	Total Operation Time:   16425.125 ms
Unloading 31 Unused Serialized files (Serialized files now loaded: 0)
Loaded scene 'Temp/__Backupscenes/0.backup'
	Deserialize:            51.925 ms
	Integration:            4311.763 ms
	Integration of assets:  0.550 ms
	Thread Wait Time:       -0.481 ms
	Total Operation Time:   4363.757 ms
Unloading 194 unused Assets / (2.1 MB). Loaded Objects now: 15735.
Memory consumption went from 0.92 GB to 0.91 GB.
Total: 2380.142900 ms (FindLiveObjects: 25.380300 ms CreateObjectMapping: 16.408100 ms MarkObjects: 2319.188800 ms  DeleteObjects: 18.676200 ms)

[Licensing::Client] Successfully resolved entitlement details
[Licensing::Module] License group:
  Id: F4-YV7J-TBXH-N7G4-SQYR-XXXX
  Product: Unity Personal
  Type: ULF
  Expiration: Unlimited
[Licensing::Module] License group:
  Id: 5773397425070-UnityPersXXXX
  Product: Unity Personal
  Type: Assigned
  Expiration: Unlimited
SpriteAtlasPacking completed in 0.765209 sec
Entering Playmode with Reload Domain disabled.
If you experience any issues, please disable "Enter Play Mode Options" in Editor Settings
Loaded scene 'Temp/__Backupscenes/0.backup'
	Deserialize:            10.601 ms
	Integration:            1409.095 ms
	Integration of assets:  0.030 ms
	Thread Wait Time:       0.035 ms
	Total Operation Time:   1419.762 ms

Asset Pipeline Refresh (id=d76e03060ba546b49a9fc7b352bb7411): Total: 0.331 seconds - Initiated by RefreshV2(NoUpdateAssetOptions)
	(Values over 0.05ms)
	Summary:
		Imports: total=0 (actual=0, local cache=0, cache server=0)
		Asset DB Process Time: managed=0 ms, native=319 ms
		Asset DB Callback time: managed=0 ms, native=3 ms
		Scripting: domain reloads=0, domain reload time=0 ms, compile time=0 ms, other=0 ms
		Project Asset Count: scripts=2876, non-scripts=6443
		Asset File Changes: new=0, changed=0, moved=0, deleted=0
		Scan Filter Count: 0
	InvokeCustomDependenciesCallbacks: 0.272ms
	InvokePackagesCallback: 0.583ms
	ApplyChangesToAssetFolders: 6.839ms
	Scan: 157.537ms
	Collect global state as custom dependencies: 4.534ms
	GatherAllCurrentPrimaryImportResultRevisions: 59.491ms
	UnloadStreamsBegin: 0.138ms
	UnloadStreamsEnd: 0.332ms
	Untracked: 78.200ms

[Licensing::Client] Error: Code 404 while processing request (status: Found 0 entitlement groups and 0 free entitlements matching requested entitlement ids)
Unloading 1 Unused Serialized files (Serialized files now loaded: 0)
Loaded scene 'Temp/__Backupscenes/0.backup'
	Deserialize:            11.373 ms
	Integration:            2037.219 ms
	Integration of assets:  0.027 ms
	Thread Wait Time:       0.101 ms
	Total Operation Time:   2048.719 ms
Unloading 1 unused Assets / (483.6 KB). Loaded Objects now: 15736.
Memory consumption went from 0.90 GB to 0.90 GB.
Total: 300.355700 ms (FindLiveObjects: 2.431900 ms CreateObjectMapping: 5.918100 ms MarkObjects: 290.494100 ms  DeleteObjects: 1.506500 ms)

[ScriptCompilation] Requested script compilation because: AssetDatabase observed changes in script compilation related files
AssetDatabase: script compilation time: 0.067276s
Refreshing native plugins compatible for Editor in 25.49 ms, found 6 plugins.
Preloading 1 native plugins for Editor in 3.11 ms.

Asset Pipeline Refresh (id=67204a25b2051444385912666e3512e6): Total: 4.292 seconds - Initiated by RefreshV2(NoUpdateAssetOptions)
	(Values over 0.05ms)
	Summary:
		Imports: total=0 (actual=0, local cache=0, cache server=0)
		Asset DB Process Time: managed=0 ms, native=3757 ms
		Asset DB Callback time: managed=167 ms, native=299 ms
		Scripting: domain reloads=0, domain reload time=0 ms, compile time=67 ms, other=0 ms
		Project Asset Count: scripts=2876, non-scripts=6443
		Asset File Changes: new=0, changed=1, moved=0, deleted=0
		Scan Filter Count: 0
	InvokePackagesCallback: 0.248ms
	ApplyChangesToAssetFolders: 5.552ms
	Scan: 170.971ms
	Collect global state as custom dependencies: 2.853ms
	OnSourceAssetsModified: 6.510ms
	CategorizeScriptCompilationAssets: 4.101ms
	ProcessAssetsWithTransientArtifactChanges: 38.305ms
	CategorizeAssets: 585.333ms
	CompileScripts: 67.415ms
	ImportOutOfDateAssets: 1035.501ms (595.474ms without children)
		ReloadNativeAssets: 1.681ms
		UnloadImportedAssets: 0.288ms
		EnsureUptoDateAssetsAreRegisteredWithGuidPM: 3.165ms
		ImportSchedulerStart: 434.887ms
	PostProcessAllAssets: 412.013ms
		XRBuildSystem.XRAssetImported 222.900ms
		PostProcessCallbackCreateDeferredMaterials 8.182ms
		ShaderAssetModifiedCallback 2.835ms
		VersionControlSettings.HiddenFilePostprocess 0.837ms
		AssemblyValidation.PostprocessAllAssets 0.809ms
		SpriteAtlasDatabase.OnAssetPostprocessCallback 0.673ms
		ObjectImages.AssetImported 0.640ms
		ComputeShaderImportPostprocess 0.474ms
		WindowTitlePostprocess 0.387ms
		PostprocessAssetsUpdateCachedIcon 0.133ms
		MonoPostProcessAllAssets: 165.236ms
			SyncVS.PostprocessSyncProject 44.940ms
			ShaderGraphAssetPostProcessor.OnPostprocessAllAssets 8.555ms
			AssetChangedListener.OnPostprocessAllAssets 5.562ms
			AssetPostprocessor.OnPostprocessAllAssets 5.246ms
			AssetReferenceReimportMonitor.OnPostprocessAllAssets 3.938ms
			GraphRefreshPostprocessor.OnPostprocessAllAssets 3.496ms
			UtilityWindowPostProcessor.OnPostprocessAllAssets 3.170ms
			RetainedModeAssetPostprocessor.OnPostprocessAllAssets 3.106ms
			RenderPipelineGlobalSettingsPostprocessor.OnPostprocessAllAssets 2.620ms
			SpriteEditorTexturePostprocessor.OnPostprocessAllAssets 2.524ms
			ModelAssetProcessor.OnPostprocessAllAssets 2.414ms
			BuilderAssetPostprocessor.OnPostprocessAllAssets 1.800ms
			InputActionAssetPostprocessor.OnPostprocessAllAssets 1.784ms
			AssetPostprocessorProxy.OnPostprocessAllAssets 1.668ms
			SpriteShapeAssetPostProcessor.OnPostprocessAllAssets 1.576ms
			WindowAssetPostprocessingWatcher.OnPostprocessAllAssets 1.464ms
			NetworkPrefabProcessor.OnPostprocessAllAssets 1.411ms
			SpriteLibraryAssetPostprocessor.OnPostprocessAllAssets 1.375ms
			TMPro_TexturePostProcessor.OnPostprocessAllAssets 1.371ms
			SpriteSlicePostprocessor.OnPostprocessAllAssets 1.190ms
			TextAssetPostProcessor.OnPostprocessAllAssets 1.131ms
			PostProcessor.OnPostprocessAllAssets 0.974ms
			StyleCatalogPostProcessor.OnPostprocessAllAssets 0.965ms
			SampleDependencyImporterPostProcessor.OnPostprocessAllAssets 0.963ms
			AudioContainerPostProcessor.OnPostprocessAllAssets 0.953ms
			ReferencedClipsPostProcessor.OnPostprocessAllAssets 0.886ms
			SamplePostprocessor.OnPostprocessAllAssets 0.867ms
			UniversalRenderPipelineGlobalSettingsPostprocessor.OnPostprocessAllAssets 0.836ms
			ArtifactBrowserPostProcessor.OnPostprocessAllAssets 0.654ms
			InputActionJsonNameModifierAssetProcessor.OnPostprocessAllAssets 0.611ms
			AssetProcessor.OnPostprocessAllAssets 0.553ms
			SkillsProjectAssetPostprocessor.OnPostprocessAllAssets 0.548ms
			SpeedTreePostProcessor.OnPostprocessAllAssets 0.544ms
			AssetDatabaseCallbacks.OnPostprocessAllAssets 0.541ms
			AssetChangeDetector.OnPostprocessAllAssets 0.529ms
			ProjectSettingsPostprocessor.OnPostprocessAllAssets 0.462ms
			PSDImporterAssetPostProcessor.OnPostprocessAllAssets 0.453ms
			ShaderReflectionAssetPostProcessor.OnPostprocessAllAssets 0.336ms
			TerrainToolbarOverlayPostProcessor.OnPostprocessAllAssets 0.291ms
			ConfigAssetsTracker.OnPostprocessAllAssets 0.275ms
			EditModeScopePostprocessor.OnPostprocessAllAssets 0.270ms
			AssetEvents.OnPostprocessAllAssets 0.238ms
			UVCSAssetPostprocessor.OnPostprocessAllAssets 0.140ms
			MaterialPostprocessor.OnPostprocessAllAssets 0.079ms
			AssetReloadNotifier.OnPostprocessAllAssets 0.072ms
			AudioMixerPostprocessor.OnPostprocessAllAssets 0.066ms
	PostAssetChangesProfiler: 48.604ms
	GatherAllCurrentPrimaryImportResultRevisions: 27.145ms
	PersistCurrentRevisions: 0.735ms
	Untracked: 1874.153ms

[Licensing::Client] Successfully resolved entitlement details
[Licensing::Module] License group:
  Id: F4-YV7J-TBXH-N7G4-SQYR-XXXX
  Product: Unity Personal
  Type: ULF
  Expiration: Unlimited
[Licensing::Module] License group:
  Id: 5773397425070-UnityPersXXXX
  Product: Unity Personal
  Type: Assigned
  Expiration: Unlimited
info: Microsoft.AspNetCore.Hosting.Diagnostics[1]
      Request starting HTTP/2 POST http://ilpp/UnityILPP.PostProcessing/Ping - application/grpc -
info: Microsoft.AspNetCore.Routing.EndpointMiddleware[0]
      Executing endpoint 'gRPC - /UnityILPP.PostProcessing/Ping'
info: Microsoft.AspNetCore.Routing.EndpointMiddleware[1]
      Executed endpoint 'gRPC - /UnityILPP.PostProcessing/Ping'
info: Microsoft.AspNetCore.Hosting.Diagnostics[2]
      Request finished HTTP/2 POST http://ilpp/UnityILPP.PostProcessing/Ping - 200 - application/grpc 56.5449ms
Starting: C:\Program Files\Unity\Hub\Editor\6000.5.8f1\Editor\Data\Tools\BuildPipeline\bee_backend.exe --ipc --defer-dag-verification --dagfile="Library/Bee/1900b0aE.dag" --continue-on-failure --profile="Library/Bee/backend1.traceevents" ScriptAssemblies
WorkingDir: C:/Users/dast0/Conquian
info: Microsoft.AspNetCore.Hosting.Diagnostics[1]
      Request starting HTTP/2 POST http://ilpp/UnityILPP.PostProcessing/ConfigurePostProcessors - application/grpc -
info: Microsoft.AspNetCore.Routing.EndpointMiddleware[0]
      Executing endpoint 'gRPC - /UnityILPP.PostProcessing/ConfigurePostProcessors'
info: Unity.ILPP.Runner.PostProcessingAssemblyLoadContext[0]
      Current configuration matches the requested one, skipping
info: Microsoft.AspNetCore.Routing.EndpointMiddleware[1]
      Executed endpoint 'gRPC - /UnityILPP.PostProcessing/ConfigurePostProcessors'
info: Microsoft.AspNetCore.Hosting.Diagnostics[2]
      Request finished HTTP/2 POST http://ilpp/UnityILPP.PostProcessing/ConfigurePostProcessors - 200 - application/grpc 22.7447ms
info: Microsoft.AspNetCore.Hosting.Diagnostics[1]
      Request starting HTTP/2 POST http://ilpp/UnityILPP.PostProcessing/PostProcessAssembly - application/grpc -
info: Microsoft.AspNetCore.Routing.EndpointMiddleware[0]
      Executing endpoint 'gRPC - /UnityILPP.PostProcessing/PostProcessAssembly'
info: Unity.ILPP.Runner.PostProcessingPipeline[0]
      Processing assembly Library/Bee/artifacts/1900b0aE.dag/Assembly-CSharp.dll, with 145 defines and 404 references
info: Unity.ILPP.Runner.PostProcessingPipeline[0]
      processors: Unity.Jobs.CodeGen.JobsILPostProcessor, Unity.Netcode.Editor.CodeGen.INetworkMessageILPP, Unity.Netcode.Editor.CodeGen.INetworkSerializableILPP, Unity.Netcode.Editor.CodeGen.NetworkBehaviourILPP, Unity.Netcode.Editor.CodeGen.RuntimeAccessModifiersILPP, zzzUnity.Burst.CodeGen.BurstILPostProcessor
info: Unity.ILPP.Runner.PostProcessingPipeline[0]
      running Unity.Jobs.CodeGen.JobsILPostProcessor
info: Unity.ILPP.Runner.PostProcessingPipeline[0]
      running Unity.Netcode.Editor.CodeGen.INetworkMessageILPP
info: Unity.ILPP.Runner.PostProcessingPipeline[0]
      running Unity.Netcode.Editor.CodeGen.INetworkSerializableILPP
info: Unity.ILPP.Runner.PostProcessingPipeline[0]
      running Unity.Netcode.Editor.CodeGen.NetworkBehaviourILPP
info: Unity.ILPP.Runner.PostProcessingPipeline[0]
      running Unity.Netcode.Editor.CodeGen.RuntimeAccessModifiersILPP
info: Unity.ILPP.Runner.PostProcessingPipeline[0]
      running zzzUnity.Burst.CodeGen.BurstILPostProcessor
info: Microsoft.AspNetCore.Routing.EndpointMiddleware[1]
      Executed endpoint 'gRPC - /UnityILPP.PostProcessing/PostProcessAssembly'
info: Microsoft.AspNetCore.Hosting.Diagnostics[2]
      Request finished HTTP/2 POST http://ilpp/UnityILPP.PostProcessing/PostProcessAssembly - 200 - application/grpc 642.2611ms
ExitCode: 0 Duration: 13s
[1653/2195  1s] ILPP-Configuration Library/ilpp-configuration.nevergeneratedoutput
[BUSY       7s] Csc Library/Bee/artifacts/1900b0aE.dag/Assembly-CSharp.dll (+2 others)
[2191/2195  8s] Csc Library/Bee/artifacts/1900b0aE.dag/Assembly-CSharp.dll (+2 others)
[2192/2195  1s] ILPostProcess Library/Bee/artifacts/1900b0aE.dag/post-processed/Assembly-CSharp.dll (+pdb)
Processing assembly Library/Bee/artifacts/1900b0aE.dag/Assembly-CSharp.dll, with 145 defines and 404 references

processors: Unity.Jobs.CodeGen.JobsILPostProcessor, Unity.Netcode.Editor.CodeGen.INetworkMessageILPP, Unity.Netcode.Editor.CodeGen.INetworkSerializableILPP, Unity.Netcode.Editor.CodeGen.NetworkBehaviourILPP, Unity.Netcode.Editor.CodeGen.RuntimeAccessModifiersILPP, zzzUnity.Burst.CodeGen.BurstILPostProcessor

running Unity.Jobs.CodeGen.JobsILPostProcessor

running Unity.Netcode.Editor.CodeGen.INetworkMessageILPP

running Unity.Netcode.Editor.CodeGen.INetworkSerializableILPP

running Unity.Netcode.Editor.CodeGen.NetworkBehaviourILPP

running Unity.Netcode.Editor.CodeGen.RuntimeAccessModifiersILPP

running zzzUnity.Burst.CodeGen.BurstILPostProcessor
[2193/2195  0s] CopyFiles Library/ScriptAssemblies/Assembly-CSharp.pdb
[2194/2195  0s] CopyFiles Library/ScriptAssemblies/Assembly-CSharp.dll
*** Tundra build success (12.58 seconds), 5 items updated, 2195 evaluated
Reloading assemblies after forced synchronous recompile.
Total cache size 267345405
Total cache size after purge 267345405, took 00:00:03.2647718
Begin MonoManager ReloadAssembly
[INFO ] [relay] log Domain reload signal received from client editor-3252-8tdqu7
[INFO ] [relay] log Client disconnected - blocking and caching for recovery
[WARN ] [relay] connection.lost clientId=null
[WARN ] [relay] log Client disconnected - sessions will persist until auto-shutdown, reason: Client disconnected
[INFO ] [relay] log Auto-shutdown timer started due to client disconnection
Symbol file LoadedFromMemory is not a mono symbol file
Symbol file LoadedFromMemory is not a mono symbol file
Refreshing native plugins compatible for Editor in 55.24 ms, found 6 plugins.
Native extension for Android target not found
Native extension for UWP target not found
Native extension for WindowsStandalone target not found
Native extension for WebGL target not found
[MODES] ModeService[none].Initialize
[MODES] ModeService[none].LoadModes
[Licensing::Client] Successfully resolved entitlement details
[Licensing::Module] License group:
  Id: F4-YV7J-TBXH-N7G4-SQYR-XXXX
  Product: Unity Personal
  Type: ULF
  Expiration: Unlimited
[Licensing::Module] License group:
  Id: 5773397425070-UnityPersXXXX
  Product: Unity Personal
  Type: Assigned
  Expiration: Unlimited
Refreshing native plugins compatible for Editor in 34.08 ms, found 6 plugins.
[Licensing::Client] Error: Code 404 while processing request (status: Found 0 entitlement groups and 0 free entitlements matching requested entitlement ids)
ScheduleIndexationOnStartup MainProcess:True IndexOnStartup:True
[Licensing::Client] Successfully resolved entitlement details
[Licensing::Module] License group:
  Id: F4-YV7J-TBXH-N7G4-SQYR-XXXX
  Product: Unity Personal
  Type: ULF
  Expiration: Unlimited
[Licensing::Module] License group:
  Id: 5773397425070-UnityPersXXXX
  Product: Unity Personal
  Type: Assigned
  Expiration: Unlimited
Mono: successfully reloaded assembly
- Finished resetting the current domain, in 17.592 seconds
Domain Reload Profiling: 61614ms
	BeginReloadAssembly (33508ms)
		ExecutionOrderSort (49ms)
		DisableScriptedObjects (2804ms)
		ReleaseScriptingObjects (14ms)
		CreateAndSetChildDomain (22574ms)
	RebuildCommonClasses (72ms)
	RebuildNativeTypeToScriptingClass (109ms)
	initialDomainReloadingComplete (1745ms)
	LoadAllAssembliesAndSetupDomain (8583ms)
		LoadAssemblies (3999ms)
		AnalyzeDomain (4511ms)
			TypeCache.Refresh (702ms)
				TypeCache.ScanAssembly (12ms)
			BuildScriptInfoCaches (3547ms)
			ResolveRequiredComponents (73ms)
	FinalizeReload (17598ms)
		SetupLoadedEditorAssemblies (0ms)
			InitializePlatformSupportModulesInManaged (111ms)
			BeforeProcessingInitializeOnLoad (2889ms)
			ProcessInitializeOnLoadAttributes (6191ms)
			ProcessInitializeOnLoadMethodAttributes (2604ms)
			AfterProcessingInitializeOnLoad (23ms)
			EditorAssembliesLoaded (10ms)
		AwakeInstancesAfterBackupRestoration (2652ms)

Asset Pipeline Refresh (id=7beb45d1d3b166945ba7a8ecf7e98454): Total: 76.421 seconds - Initiated by RefreshV2(AllowForceSynchronousImport)
	(Values over 0.05ms)
	Summary:
		Imports: total=0 (actual=0, local cache=0, cache server=0)
		Asset DB Process Time: managed=0 ms, native=21673 ms
		Asset DB Callback time: managed=712 ms, native=16 ms
		Scripting: domain reloads=1, domain reload time=45215 ms, compile time=8800 ms, other=0 ms
		Project Asset Count: scripts=2876, non-scripts=6443
		Asset File Changes: new=0, changed=0, moved=0, deleted=0
		Scan Filter Count: 0
	InvokeCustomDependenciesCallbacks: 0.120ms
	InvokePackagesCallback: 25.720ms
	ApplyChangesToAssetFolders: 26.728ms
	Scan: 27.669ms
	Collect global state as custom dependencies: 61.703ms
	CategorizeScriptCompilationAssets: 0.507ms
	ProcessAssetsWithTransientArtifactChanges: 49.624ms
	CategorizeAssets: 1841.120ms
	CompileScripts: 8800.134ms
	ImportOutOfDateAssets: 18077.708ms (17786.896ms without children)
		CollectScriptTypesHashes: 133.439ms
		ReloadNativeAssets: 5.401ms
		UnloadImportedAssets: 0.923ms
		EnsureUptoDateAssetsAreRegisteredWithGuidPM: 3.807ms
		ImportSchedulerStart: 279.452ms
	PostProcessAllAssets: 712.109ms
		MonoPostProcessAllAssets: 712.096ms
			AssetPostprocessorProxy.OnPostprocessAllAssets 141.527ms
			UniversalRenderPipelineGlobalSettingsPostprocessor.OnPostprocessAllAssets 62.267ms
			SyncVS.PostprocessSyncProject 10.857ms
			ShaderGraphAssetPostProcessor.OnPostprocessAllAssets 8.555ms
			GraphRefreshPostprocessor.OnPostprocessAllAssets 6.607ms
			SpeedTree9Postprocessor.OnPostprocessAllAssets 6.432ms
			AssetChangedListener.OnPostprocessAllAssets 5.562ms
			WindowAssetPostprocessingWatcher.OnPostprocessAllAssets 5.509ms
			AssetPostprocessor.OnPostprocessAllAssets 5.246ms
			AssetReferenceReimportMonitor.OnPostprocessAllAssets 3.938ms
			UtilityWindowPostProcessor.OnPostprocessAllAssets 3.170ms
			RenderPipelineGlobalSettingsPostprocessor.OnPostprocessAllAssets 3.127ms
			RetainedModeAssetPostprocessor.OnPostprocessAllAssets 3.106ms
			AssetChangeDetector.OnPostprocessAllAssets 2.938ms
			EditModeScopePostprocessor.OnPostprocessAllAssets 2.845ms
			SpriteEditorTexturePostprocessor.OnPostprocessAllAssets 2.524ms
			ModelAssetProcessor.OnPostprocessAllAssets 2.414ms
			ShaderReflectionAssetPostProcessor.OnPostprocessAllAssets 2.142ms
			BuilderAssetPostprocessor.OnPostprocessAllAssets 1.800ms
			SpriteShapeAssetPostProcessor.OnPostprocessAllAssets 1.576ms
			InputActionAssetPostprocessor.OnPostprocessAllAssets 1.555ms
			NetworkPrefabProcessor.OnPostprocessAllAssets 1.411ms
			SpriteLibraryAssetPostprocessor.OnPostprocessAllAssets 1.375ms
			TMPro_TexturePostProcessor.OnPostprocessAllAssets 1.371ms
			SpriteSlicePostprocessor.OnPostprocessAllAssets 1.190ms
			TextAssetPostProcessor.OnPostprocessAllAssets 1.131ms
			PostProcessor.OnPostprocessAllAssets 0.974ms
			StyleCatalogPostProcessor.OnPostprocessAllAssets 0.965ms
			SampleDependencyImporterPostProcessor.OnPostprocessAllAssets 0.963ms
			ReferencedClipsPostProcessor.OnPostprocessAllAssets 0.963ms
			AudioContainerPostProcessor.OnPostprocessAllAssets 0.953ms
			SamplePostprocessor.OnPostprocessAllAssets 0.867ms
			ArtifactBrowserPostProcessor.OnPostprocessAllAssets 0.654ms
			InputActionJsonNameModifierAssetProcessor.OnPostprocessAllAssets 0.611ms
			AssetProcessor.OnPostprocessAllAssets 0.553ms
			SkillsProjectAssetPostprocessor.OnPostprocessAllAssets 0.548ms
			SpeedTreePostProcessor.OnPostprocessAllAssets 0.544ms
			ProjectSettingsPostprocessor.OnPostprocessAllAssets 0.496ms
			AssetDatabaseCallbacks.OnPostprocessAllAssets 0.495ms
			PSDImporterAssetPostProcessor.OnPostprocessAllAssets 0.453ms
			TerrainToolbarOverlayPostProcessor.OnPostprocessAllAssets 0.415ms
			ConfigAssetsTracker.OnPostprocessAllAssets 0.275ms
			AssetEvents.OnPostprocessAllAssets 0.238ms
			UVCSAssetPostprocessor.OnPostprocessAllAssets 0.140ms
			MaterialPostprocessor.OnPostprocessAllAssets 0.079ms
			AssetReloadNotifier.OnPostprocessAllAssets 0.072ms
			AudioMixerPostprocessor.OnPostprocessAllAssets 0.066ms
	GatherAllCurrentPrimaryImportResultRevisions: 11.746ms
	PersistCurrentRevisions: 0.594ms
	GenerateScriptTypeHashes: 16.426ms
	GenerateScriptTypeSerializationHashes: 21.396ms
	Untracked: 46603.285ms

[Licensing::Client] Error: Code 404 while processing request (status: Found 0 entitlement groups and 0 free entitlements matching requested entitlement ids)
[Licensing::Client] Error: Code 404 while processing request (status: Found 0 entitlement groups and 0 free entitlements matching requested entitlement ids)
[Licensing::Client] Successfully resolved entitlement details
[Licensing::Client] Successfully resolved entitlement details
[INFO ] [relay] log Unity client connected with ID: editor-3252-flqgf9 (relay 1.0.12-build.97)
[INFO ] [relay] connection.established clientId=editor-3252-flqgf9 port=9001
[Licensing::Client] Successfully resolved entitlement details
[Licensing::Client] Error: Code 404 while processing request (status: Found 0 entitlement groups and 0 free entitlements matching requested entitlement ids)
[Licensing::Client] Error: Code 404 while processing request (status: Found 0 entitlement groups and 0 free entitlements matching requested entitlement ids)
[Licensing::Client] Error: Code 404 while processing request (status: Found 0 entitlement groups and 0 free entitlements matching requested entitlement ids)
[Licensing::Client] Error: Code 404 while processing request (status: Found 0 entitlement groups and 0 free entitlements matching requested entitlement ids)
[Licensing::Client] Error: Code 404 while processing request (status: Found 0 entitlement groups and 0 free entitlements matching requested entitlement ids)
[Licensing::Client] Error: Code 404 while processing request (status: Found 0 entitlement groups and 0 free entitlements matching requested entitlement ids)
UPID Received '826535e3-7aa3-41f3-9deb-cffac0b844bc'.
[Licensing::Client] Error: Code 404 while processing request (status: Found 0 entitlement groups and 0 free entitlements matching requested entitlement ids)
[Licensing::Client] Error: Code 404 while processing request (status: Found 0 entitlement groups and 0 free entitlements matching requested entitlement ids)
[Licensing::Client] Successfully resolved entitlement details
SpriteAtlasPacking completed in 0.171322 sec
Entering Playmode with Reload Domain disabled.
If you experience any issues, please disable "Enter Play Mode Options" in Editor Settings
Loaded scene 'Temp/__Backupscenes/0.backup'
	Deserialize:            748.745 ms
	Integration:            24308.369 ms
	Integration of assets:  1.920 ms
	Thread Wait Time:       -1.869 ms
	Total Operation Time:   25057.164 ms
Unloading 4 Unused Serialized files (Serialized files now loaded: 0)
Loaded scene 'Temp/__Backupscenes/0.backup'
	Deserialize:            83.646 ms
	Integration:            16689.059 ms
	Integration of assets:  0.802 ms
	Thread Wait Time:       -0.752 ms
	Total Operation Time:   16772.756 ms
Unloading 111 unused Assets / (201.3 KB). Loaded Objects now: 15712.
Memory consumption went from 0.89 GB to 0.89 GB.
Total: 3135.953500 ms (FindLiveObjects: 104.620200 ms CreateObjectMapping: 46.117100 ms MarkObjects: 2841.759400 ms  DeleteObjects: 143.158200 ms)

[Licensing::Client] Successfully resolved entitlement details
[Licensing::Module] License group:
  Id: F4-YV7J-TBXH-N7G4-SQYR-XXXX
  Product: Unity Personal
  Type: ULF
  Expiration: Unlimited
[Licensing::Module] License group:
  Id: 5773397425070-UnityPersXXXX
  Product: Unity Personal
  Type: Assigned
  Expiration: Unlimited
[ScriptCompilation] Requested script compilation because: AssetDatabase observed changes in script compilation related files
AssetDatabase: script compilation time: 0.038598s
Refreshing native plugins compatible for Editor in 54.19 ms, found 6 plugins.
Preloading 1 native plugins for Editor in 5.70 ms.

Asset Pipeline Refresh (id=749d8224984cc204e9196a42918474d5): Total: 12.495 seconds - Initiated by RefreshV2(NoUpdateAssetOptions)
	(Values over 0.05ms)
	Summary:
		Imports: total=0 (actual=0, local cache=0, cache server=0)
		Asset DB Process Time: managed=0 ms, native=5650 ms
		Asset DB Callback time: managed=6541 ms, native=259 ms
		Scripting: domain reloads=0, domain reload time=0 ms, compile time=39 ms, other=0 ms
		Project Asset Count: scripts=2876, non-scripts=6443
		Asset File Changes: new=0, changed=1, moved=0, deleted=0
		Scan Filter Count: 0
	InvokeCustomDependenciesCallbacks: 0.403ms
	InvokePackagesCallback: 0.643ms
	ApplyChangesToAssetFolders: 37.791ms
	Scan: 292.207ms
	Collect global state as custom dependencies: 10.885ms
	OnSourceAssetsModified: 115.793ms
	CategorizeScriptCompilationAssets: 6.628ms
	ProcessAssetsWithTransientArtifactChanges: 66.967ms
	CategorizeAssets: 857.022ms
	CompileScripts: 38.775ms
	ImportOutOfDateAssets: 1371.344ms (705.714ms without children)
		ReloadNativeAssets: 3.695ms
		UnloadImportedAssets: 0.674ms
		EnsureUptoDateAssetsAreRegisteredWithGuidPM: 3.430ms
		ImportSchedulerStart: 657.811ms
	PostProcessAllAssets: 6599.711ms
		XRBuildSystem.XRAssetImported 141.646ms
		PostProcessCallbackCreateDeferredMaterials 7.089ms
		ShaderAssetModifiedCallback 1.992ms
		VersionControlSettings.HiddenFilePostprocess 0.668ms
		SpriteAtlasDatabase.OnAssetPostprocessCallback 0.573ms
		AssemblyValidation.PostprocessAllAssets 0.447ms
		ComputeShaderImportPostprocess 0.412ms
		WindowTitlePostprocess 0.351ms
		ObjectImages.AssetImported 0.263ms
		PostprocessAssetsUpdateCachedIcon 0.116ms
		RaytracingShaderImportPostprocess 0.051ms
		MonoPostProcessAllAssets: 6431.130ms
			UtilityWindowPostProcessor.OnPostprocessAllAssets 455.096ms
			AssetReferenceReimportMonitor.OnPostprocessAllAssets 314.533ms
			BuilderAssetPostprocessor.OnPostprocessAllAssets 261.004ms
			SpriteSlicePostprocessor.OnPostprocessAllAssets 202.151ms
			NetworkPrefabProcessor.OnPostprocessAllAssets 148.112ms
			AssetChangedListener.OnPostprocessAllAssets 119.020ms
			AssetPostprocessor.OnPostprocessAllAssets 108.993ms
			ShaderGraphAssetPostProcessor.OnPostprocessAllAssets 66.522ms
			TMPro_TexturePostProcessor.OnPostprocessAllAssets 65.250ms
			UVCSAssetPostprocessor.OnPostprocessAllAssets 46.106ms
			ArtifactBrowserPostProcessor.OnPostprocessAllAssets 41.585ms
			RetainedModeAssetPostprocessor.OnPostprocessAllAssets 38.383ms
			SampleDependencyImporterPostProcessor.OnPostprocessAllAssets 33.826ms
			SyncVS.PostprocessSyncProject 30.879ms
			SpriteEditorTexturePostprocessor.OnPostprocessAllAssets 24.775ms
			SkillsProjectAssetPostprocessor.OnPostprocessAllAssets 22.351ms
			AssetPostprocessorProxy.OnPostprocessAllAssets 21.598ms
			PostProcessor.OnPostprocessAllAssets 19.926ms
			SpriteShapeAssetPostProcessor.OnPostprocessAllAssets 18.487ms
			TextAssetPostProcessor.OnPostprocessAllAssets 17.763ms
			ScenarioDriftAssetsTracker.OnPostprocessAllAssets 16.848ms
			MaterialPostprocessor.OnPostprocessAllAssets 14.454ms
			AudioMixerPostprocessor.OnPostprocessAllAssets 13.960ms
			AudioContainerPostProcessor.OnPostprocessAllAssets 10.752ms
			SpriteLibraryAssetPostprocessor.OnPostprocessAllAssets 10.697ms
			StyleCatalogPostProcessor.OnPostprocessAllAssets 10.117ms
			SpeedTreePostProcessor.OnPostprocessAllAssets 9.540ms
			PSDImportPostProcessor.OnPostprocessAllAssets 8.706ms
			AssetEvents.OnPostprocessAllAssets 8.540ms
			ModelAssetProcessor.OnPostprocessAllAssets 7.642ms
			SamplePostprocessor.OnPostprocessAllAssets 7.161ms
			AssetReloadNotifier.OnPostprocessAllAssets 6.976ms
			InputActionJsonNameModifierAssetProcessor.OnPostprocessAllAssets 3.851ms
			TrackSelectedAssetsProcessor.OnPostprocessAllAssets 3.660ms
			ReferencedClipsPostProcessor.OnPostprocessAllAssets 3.633ms
			RenderPipelineGlobalSettingsPostprocessor.OnPostprocessAllAssets 3.366ms
			GraphRefreshPostprocessor.OnPostprocessAllAssets 3.228ms
			ConfigAssetsTracker.OnPostprocessAllAssets 3.016ms
			AssetDatabaseCallbacks.OnPostprocessAllAssets 2.625ms
			InputActionAssetPostprocessor.OnPostprocessAllAssets 2.260ms
			PSDImporterAssetPostProcessor.OnPostprocessAllAssets 2.063ms
			UniversalRenderPipelineGlobalSettingsPostprocessor.OnPostprocessAllAssets 1.916ms
			ShaderReflectionAssetPostProcessor.OnPostprocessAllAssets 1.659ms
			ProjectSettingsPostprocessor.OnPostprocessAllAssets 1.310ms
			AssetProcessor.OnPostprocessAllAssets 0.849ms
			EditModeScopePostprocessor.OnPostprocessAllAssets 0.741ms
			TerrainToolbarOverlayPostProcessor.OnPostprocessAllAssets 0.678ms
			WindowAssetPostprocessingWatcher.OnPostprocessAllAssets 0.608ms
			AssetChangeDetector.OnPostprocessAllAssets 0.238ms
			SpeedTree9Postprocessor.OnPostprocessAllAssets 0.064ms
	PostAssetChangesProfiler: 85.828ms
	GatherAllCurrentPrimaryImportResultRevisions: 101.273ms
	PersistCurrentRevisions: 0.635ms
	Untracked: 2872.424ms

info: Microsoft.AspNetCore.Hosting.Diagnostics[1]
      Request starting HTTP/2 POST http://ilpp/UnityILPP.PostProcessing/Ping - application/grpc -
info: Microsoft.AspNetCore.Routing.EndpointMiddleware[0]
      Executing endpoint 'gRPC - /UnityILPP.PostProcessing/Ping'
info: Microsoft.AspNetCore.Routing.EndpointMiddleware[1]
      Executed endpoint 'gRPC - /UnityILPP.PostProcessing/Ping'
info: Microsoft.AspNetCore.Hosting.Diagnostics[2]
      Request finished HTTP/2 POST http://ilpp/UnityILPP.PostProcessing/Ping - 200 - application/grpc 42.0501ms
Starting: C:\Program Files\Unity\Hub\Editor\6000.5.8f1\Editor\Data\Tools\BuildPipeline\bee_backend.exe --ipc --defer-dag-verification --dagfile="Library/Bee/1900b0aE.dag" --continue-on-failure --profile="Library/Bee/backend1.traceevents" ScriptAssemblies
WorkingDir: C:/Users/dast0/Conquian
info: Microsoft.AspNetCore.Hosting.Diagnostics[1]
      Request starting HTTP/2 POST http://ilpp/UnityILPP.PostProcessing/ConfigurePostProcessors - application/grpc -
info: Microsoft.AspNetCore.Routing.EndpointMiddleware[0]
      Executing endpoint 'gRPC - /UnityILPP.PostProcessing/ConfigurePostProcessors'
info: Unity.ILPP.Runner.PostProcessingAssemblyLoadContext[0]
      Current configuration matches the requested one, skipping
info: Microsoft.AspNetCore.Routing.EndpointMiddleware[1]
      Executed endpoint 'gRPC - /UnityILPP.PostProcessing/ConfigurePostProcessors'
info: Microsoft.AspNetCore.Hosting.Diagnostics[2]
      Request finished HTTP/2 POST http://ilpp/UnityILPP.PostProcessing/ConfigurePostProcessors - 200 - application/grpc 50.0106ms
info: Microsoft.AspNetCore.Hosting.Diagnostics[1]
      Request starting HTTP/2 POST http://ilpp/UnityILPP.PostProcessing/PostProcessAssembly - application/grpc -
info: Microsoft.AspNetCore.Routing.EndpointMiddleware[0]
      Executing endpoint 'gRPC - /UnityILPP.PostProcessing/PostProcessAssembly'
info: Unity.ILPP.Runner.PostProcessingPipeline[0]
      Processing assembly Library/Bee/artifacts/1900b0aE.dag/Assembly-CSharp.dll, with 145 defines and 404 references
info: Unity.ILPP.Runner.PostProcessingPipeline[0]
      processors: Unity.Jobs.CodeGen.JobsILPostProcessor, Unity.Netcode.Editor.CodeGen.INetworkMessageILPP, Unity.Netcode.Editor.CodeGen.INetworkSerializableILPP, Unity.Netcode.Editor.CodeGen.NetworkBehaviourILPP, Unity.Netcode.Editor.CodeGen.RuntimeAccessModifiersILPP, zzzUnity.Burst.CodeGen.BurstILPostProcessor
info: Unity.ILPP.Runner.PostProcessingPipeline[0]
      running Unity.Jobs.CodeGen.JobsILPostProcessor
info: Unity.ILPP.Runner.PostProcessingPipeline[0]
      running Unity.Netcode.Editor.CodeGen.INetworkMessageILPP
info: Unity.ILPP.Runner.PostProcessingPipeline[0]
      running Unity.Netcode.Editor.CodeGen.INetworkSerializableILPP
info: Unity.ILPP.Runner.PostProcessingPipeline[0]
      running Unity.Netcode.Editor.CodeGen.NetworkBehaviourILPP
info: Unity.ILPP.Runner.PostProcessingPipeline[0]
      running Unity.Netcode.Editor.CodeGen.RuntimeAccessModifiersILPP
info: Unity.ILPP.Runner.PostProcessingPipeline[0]
      running zzzUnity.Burst.CodeGen.BurstILPostProcessor
info: Microsoft.AspNetCore.Routing.EndpointMiddleware[1]
      Executed endpoint 'gRPC - /UnityILPP.PostProcessing/PostProcessAssembly'
info: Microsoft.AspNetCore.Hosting.Diagnostics[2]
      Request finished HTTP/2 POST http://ilpp/UnityILPP.PostProcessing/PostProcessAssembly - 200 - application/grpc 641.9279ms
ExitCode: 0 Duration: 6s544ms
[1653/2195  0s] ILPP-Configuration Library/ilpp-configuration.nevergeneratedoutput
[2191/2195  2s] Csc Library/Bee/artifacts/1900b0aE.dag/Assembly-CSharp.dll (+2 others)
[2192/2195  1s] ILPostProcess Library/Bee/artifacts/1900b0aE.dag/post-processed/Assembly-CSharp.dll (+pdb)
Processing assembly Library/Bee/artifacts/1900b0aE.dag/Assembly-CSharp.dll, with 145 defines and 404 references

processors: Unity.Jobs.CodeGen.JobsILPostProcessor, Unity.Netcode.Editor.CodeGen.INetworkMessageILPP, Unity.Netcode.Editor.CodeGen.INetworkSerializableILPP, Unity.Netcode.Editor.CodeGen.NetworkBehaviourILPP, Unity.Netcode.Editor.CodeGen.RuntimeAccessModifiersILPP, zzzUnity.Burst.CodeGen.BurstILPostProcessor

running Unity.Jobs.CodeGen.JobsILPostProcessor

running Unity.Netcode.Editor.CodeGen.INetworkMessageILPP

running Unity.Netcode.Editor.CodeGen.INetworkSerializableILPP

running Unity.Netcode.Editor.CodeGen.NetworkBehaviourILPP

running Unity.Netcode.Editor.CodeGen.RuntimeAccessModifiersILPP

running zzzUnity.Burst.CodeGen.BurstILPostProcessor
[2193/2195  0s] CopyFiles Library/ScriptAssemblies/Assembly-CSharp.pdb
[2194/2195  0s] CopyFiles Library/ScriptAssemblies/Assembly-CSharp.dll
*** Tundra build success (6.25 seconds), 5 items updated, 2195 evaluated
Reloading assemblies after finishing script compilation.
Total cache size 267345405
Total cache size after purge 267345405, took 00:00:02.2419991
Reloading assemblies after forced synchronous recompile.
Begin MonoManager ReloadAssembly
[INFO ] [relay] log Domain reload signal received from client editor-3252-flqgf9
[INFO ] [relay] log Client disconnected - blocking and caching for recovery
[WARN ] [relay] connection.lost clientId=null
[WARN ] [relay] log Client disconnected - sessions will persist until auto-shutdown, reason: Client disconnected
[INFO ] [relay] log Auto-shutdown timer started due to client disconnection
[Licensing::Client] Successfully resolved entitlement details
[Licensing::Module] License group:
  Id: F4-YV7J-TBXH-N7G4-SQYR-XXXX
  Product: Unity Personal
  Type: ULF
  Expiration: Unlimited
[Licensing::Module] License group:
  Id: 5773397425070-UnityPersXXXX
  Product: Unity Personal
  Type: Assigned
  Expiration: Unlimited
Symbol file LoadedFromMemory is not a mono symbol file
Symbol file LoadedFromMemory is not a mono symbol file
Refreshing native plugins compatible for Editor in 39.91 ms, found 6 plugins.
Native extension for Android target not found
Native extension for UWP target not found
Native extension for WindowsStandalone target not found
Native extension for WebGL target not found
[MODES] ModeService[none].Initialize
[MODES] ModeService[none].LoadModes
Refreshing native plugins compatible for Editor in 23.31 ms, found 6 plugins.
[Licensing::Client] Error: Code 404 while processing request (status: Found 0 entitlement groups and 0 free entitlements matching requested entitlement ids)
ScheduleIndexationOnStartup MainProcess:True IndexOnStartup:True
[Licensing::Client] Successfully resolved entitlement details
[Licensing::Module] License group:
  Id: F4-YV7J-TBXH-N7G4-SQYR-XXXX
  Product: Unity Personal
  Type: ULF
  Expiration: Unlimited
[Licensing::Module] License group:
  Id: 5773397425070-UnityPersXXXX
  Product: Unity Personal
  Type: Assigned
  Expiration: Unlimited
Mono: successfully reloaded assembly
- Finished resetting the current domain, in 19.264 seconds
Domain Reload Profiling: 61142ms
	BeginReloadAssembly (32650ms)
		ExecutionOrderSort (5ms)
		DisableScriptedObjects (2080ms)
		ReleaseScriptingObjects (17ms)
		CreateAndSetChildDomain (22656ms)
	RebuildCommonClasses (71ms)
	RebuildNativeTypeToScriptingClass (98ms)
	initialDomainReloadingComplete (1724ms)
	LoadAllAssembliesAndSetupDomain (7332ms)
		LoadAssemblies (3359ms)
		AnalyzeDomain (3562ms)
			TypeCache.Refresh (437ms)
				TypeCache.ScanAssembly (9ms)
			BuildScriptInfoCaches (2916ms)
			ResolveRequiredComponents (66ms)
	FinalizeReload (19268ms)
		SetupLoadedEditorAssemblies (0ms)
			InitializePlatformSupportModulesInManaged (122ms)
			BeforeProcessingInitializeOnLoad (3101ms)
			ProcessInitializeOnLoadAttributes (7110ms)
			ProcessInitializeOnLoadMethodAttributes (2479ms)
			AfterProcessingInitializeOnLoad (18ms)
			EditorAssembliesLoaded (8ms)
		AwakeInstancesAfterBackupRestoration (3049ms)

Asset Pipeline Refresh (id=4787bce7cda3f9e458b65b3d930a389d): Total: 69.267 seconds - Initiated by StopAssetImportingV2(ForceSynchronousImport | ForceDomainReload)
	(Values over 0.05ms)
	Summary:
		Imports: total=0 (actual=0, local cache=0, cache server=0)
		Asset DB Process Time: managed=0 ms, native=24318 ms
		Asset DB Callback time: managed=654 ms, native=7 ms
		Scripting: domain reloads=1, domain reload time=44279 ms, compile time=4 ms, other=0 ms
		Project Asset Count: scripts=2876, non-scripts=6443
		Asset File Changes: new=0, changed=0, moved=0, deleted=0
		Scan Filter Count: 0
	InvokePackagesCallback: 15.182ms
	ApplyChangesToAssetFolders: 25.673ms
	Collect global state as custom dependencies: 79.849ms
	CategorizeScriptCompilationAssets: 1.061ms
	ProcessAssetsWithTransientArtifactChanges: 47.906ms
	CategorizeAssets: 1811.892ms
	CompileScripts: 4.348ms
	ImportOutOfDateAssets: 19807.189ms (19468.634ms without children)
		CollectScriptTypesHashes: 134.123ms
		ReloadNativeAssets: 7.409ms
		UnloadImportedAssets: 1.157ms
		EnsureUptoDateAssetsAreRegisteredWithGuidPM: 4.149ms
		ImportSchedulerStart: 322.820ms
	PostProcessAllAssets: 654.854ms
		MonoPostProcessAllAssets: 654.832ms
			UtilityWindowPostProcessor.OnPostprocessAllAssets 455.096ms
			AssetReferenceReimportMonitor.OnPostprocessAllAssets 314.533ms
			BuilderAssetPostprocessor.OnPostprocessAllAssets 261.004ms
			SpriteSlicePostprocessor.OnPostprocessAllAssets 202.151ms
			AssetPostprocessorProxy.OnPostprocessAllAssets 159.402ms
			NetworkPrefabProcessor.OnPostprocessAllAssets 148.112ms
			AssetChangedListener.OnPostprocessAllAssets 119.020ms
			AssetPostprocessor.OnPostprocessAllAssets 108.993ms
			ShaderGraphAssetPostProcessor.OnPostprocessAllAssets 66.522ms
			TMPro_TexturePostProcessor.OnPostprocessAllAssets 65.250ms
			UniversalRenderPipelineGlobalSettingsPostprocessor.OnPostprocessAllAssets 61.570ms
			UVCSAssetPostprocessor.OnPostprocessAllAssets 46.106ms
			ArtifactBrowserPostProcessor.OnPostprocessAllAssets 41.585ms
			RetainedModeAssetPostprocessor.OnPostprocessAllAssets 38.383ms
			SampleDependencyImporterPostProcessor.OnPostprocessAllAssets 33.826ms
			SpriteEditorTexturePostprocessor.OnPostprocessAllAssets 24.775ms
			SkillsProjectAssetPostprocessor.OnPostprocessAllAssets 22.351ms
			PostProcessor.OnPostprocessAllAssets 19.926ms
			SpriteShapeAssetPostProcessor.OnPostprocessAllAssets 18.487ms
			TextAssetPostProcessor.OnPostprocessAllAssets 17.763ms
			ScenarioDriftAssetsTracker.OnPostprocessAllAssets 16.848ms
			MaterialPostprocessor.OnPostprocessAllAssets 14.454ms
			AudioMixerPostprocessor.OnPostprocessAllAssets 13.960ms
			SyncVS.PostprocessSyncProject 12.781ms
			AudioContainerPostProcessor.OnPostprocessAllAssets 10.752ms
			SpriteLibraryAssetPostprocessor.OnPostprocessAllAssets 10.697ms
			StyleCatalogPostProcessor.OnPostprocessAllAssets 10.117ms
			SpeedTreePostProcessor.OnPostprocessAllAssets 9.540ms
			PSDImportPostProcessor.OnPostprocessAllAssets 8.706ms
			AssetEvents.OnPostprocessAllAssets 8.540ms
			ModelAssetProcessor.OnPostprocessAllAssets 7.642ms
			SamplePostprocessor.OnPostprocessAllAssets 7.161ms
			AssetReloadNotifier.OnPostprocessAllAssets 6.976ms
			SpeedTree9Postprocessor.OnPostprocessAllAssets 6.541ms
			GraphRefreshPostprocessor.OnPostprocessAllAssets 6.012ms
			WindowAssetPostprocessingWatcher.OnPostprocessAllAssets 4.466ms
			EditModeScopePostprocessor.OnPostprocessAllAssets 4.236ms
			InputActionJsonNameModifierAssetProcessor.OnPostprocessAllAssets 3.851ms
			TrackSelectedAssetsProcessor.OnPostprocessAllAssets 3.660ms
			AssetChangeDetector.OnPostprocessAllAssets 3.070ms
			ConfigAssetsTracker.OnPostprocessAllAssets 3.016ms
			RenderPipelineGlobalSettingsPostprocessor.OnPostprocessAllAssets 2.483ms
			PSDImporterAssetPostProcessor.OnPostprocessAllAssets 2.063ms
			ReferencedClipsPostProcessor.OnPostprocessAllAssets 1.042ms
			ShaderReflectionAssetPostProcessor.OnPostprocessAllAssets 1.035ms
			InputActionAssetPostprocessor.OnPostprocessAllAssets 0.866ms
			AssetProcessor.OnPostprocessAllAssets 0.849ms
			ProjectSettingsPostprocessor.OnPostprocessAllAssets 0.576ms
			TerrainToolbarOverlayPostProcessor.OnPostprocessAllAssets 0.419ms
			AssetDatabaseCallbacks.OnPostprocessAllAssets 0.413ms
	GatherAllCurrentPrimaryImportResultRevisions: 74.656ms
	UnloadStreamsBegin: 3.893ms
	PersistCurrentRevisions: 0.682ms
	GenerateScriptTypeHashes: 14.132ms
	GenerateScriptTypeSerializationHashes: 17.652ms
	Untracked: 46557.176ms

[Licensing::Client] Error: Code 404 while processing request (status: Found 0 entitlement groups and 0 free entitlements matching requested entitlement ids)
[Licensing::Client] Successfully resolved entitlement details
[Licensing::Client] Successfully resolved entitlement details
[Licensing::Client] Successfully resolved entitlement details
[Licensing::Client] Error: Code 404 while processing request (status: Found 0 entitlement groups and 0 free entitlements matching requested entitlement ids)
[Licensing::Client] Error: Code 404 while processing request (status: Found 0 entitlement groups and 0 free entitlements matching requested entitlement ids)
[Licensing::Client] Error: Code 404 while processing request (status: Found 0 entitlement groups and 0 free entitlements matching requested entitlement ids)
[Licensing::Client] Error: Code 404 while processing request (status: Found 0 entitlement groups and 0 free entitlements matching requested entitlement ids)
[Licensing::Client] Error: Code 404 while processing request (status: Found 0 entitlement groups and 0 free entitlements matching requested entitlement ids)
[Licensing::Client] Error: Code 404 while processing request (status: Found 0 entitlement groups and 0 free entitlements matching requested entitlement ids)
UPID Received '826535e3-7aa3-41f3-9deb-cffac0b844bc'.
[Licensing::Client] Error: Code 404 while processing request (status: Found 0 entitlement groups and 0 free entitlements matching requested entitlement ids)
[Licensing::Client] Error: Code 404 while processing request (status: Found 0 entitlement groups and 0 free entitlements matching requested entitlement ids)
[Licensing::Client] Successfully resolved entitlement details
[INFO ] [relay] log Auto-shutdown timer fired after 180s inactivity, shutting down: Dedicated client disconnected
[INFO ] [relay] log Shutdown: Initiating graceful shutdown: Dedicated client disconnected
Project ID request failed, Reason: The requested URL returned error: 401 (401).
Unknown Unity Connect error (400). Please contact support at support@unity.com while processing request "https://services.unity.com/api/unity/legacy/v1/projects/826535e3-7aa3-41f3-9deb-cffac0b844bc", HTTP error code 401
.[Licensing::Client] Error: Code 404 while processing request (status: Found 0 entitlement groups and 0 free entitlements matching requested entitlement ids)
[Licensing::Client] Error: Code 404 while processing request (status: Found 0 entitlement groups and 0 free entitlements matching requested entitlement ids)
[Licensing::Client] Error: Code 404 while processing request (status: Found 0 entitlement groups and 0 free entitlements matching requested entitlement ids)
[Licensing::Client] Error: Code 404 while processing request (status: Found 0 entitlement groups and 0 free entitlements matching requested entitlement ids)
[Licensing::Client] Error: Code 404 while processing request (status: Found 0 entitlement groups and 0 free entitlements matching requested entitlement ids)
[Licensing::Client] Error: Code 404 while processing request (status: Found 0 entitlement groups and 0 free entitlements matching requested entitlement ids)
[Licensing::Client] Error: Code 404 while processing request (status: Found 0 entitlement groups and 0 free entitlements matching requested entitlement ids)
[Licensing::Client] Successfully updated the access token
[Licensing::Module] Successfully updated access token: "YUEsql5L"... (expires: 2026-08-22T16:19:33Z)
[Licensing::Client] Error: Code 404 while processing request (status: Found 0 entitlement groups and 0 free entitlements matching requested entitlement ids)
[Licensing::Client] Error: Code 404 while processing request (status: Found 0 entitlement groups and 0 free entitlements matching requested entitlement ids)
[Licensing::Client] Error: Code 404 while processing request (status: Found 0 entitlement groups and 0 free entitlements matching requested entitlement ids)
[Licensing::Client] Error: Code 404 while processing request (status: Found 0 entitlement groups and 0 free entitlements matching requested entitlement ids)
[Licensing::Client] Error: Code 404 while processing request (status: Found 0 entitlement groups and 0 free entitlements matching requested entitlement ids)
[Licensing::Client] Error: Code 404 while processing request (status: Found 0 entitlement groups and 0 free entitlements matching requested entitlement ids)
UPID Received '826535e3-7aa3-41f3-9deb-cffac0b844bc'.
[Licensing::Client] Error: Code 404 while processing request (status: Found 0 entitlement groups and 0 free entitlements matching requested entitlement ids)
[Licensing::Client] Error: Code 404 while processing request (status: Found 0 entitlement groups and 0 free entitlements matching requested entitlement ids)
[Licensing::Client] Successfully resolved entitlement details
[Licensing::Client] Successfully resolved entitlement details
[Licensing::Module] License group:
  Id: F4-YV7J-TBXH-N7G4-SQYR-XXXX
  Product: Unity Personal
  Type: ULF
  Expiration: Unlimited
[Licensing::Module] License group:
  Id: 5773397425070-UnityPersXXXX
  Product: Unity Personal
  Type: Assigned
  Expiration: Unlimited

Asset Pipeline Refresh (id=0c9af7d8490cdf147a3e38b2971f2819): Total: 0.751 seconds - Initiated by RefreshV2(AllowForceSynchronousImport)
	(Values over 0.05ms)
	Summary:
		Imports: total=0 (actual=0, local cache=0, cache server=0)
		Asset DB Process Time: managed=0 ms, native=711 ms
		Asset DB Callback time: managed=0 ms, native=31 ms
		Scripting: domain reloads=0, domain reload time=0 ms, compile time=0 ms, other=0 ms
		Project Asset Count: scripts=2876, non-scripts=6443
		Asset File Changes: new=0, changed=0, moved=0, deleted=0
		Scan Filter Count: 0
	InvokeCustomDependenciesCallbacks: 0.828ms
	InvokePackagesCallback: 30.970ms
	ApplyChangesToAssetFolders: 21.995ms
	Scan: 548.254ms
	Collect global state as custom dependencies: 8.657ms
	GatherAllCurrentPrimaryImportResultRevisions: 26.483ms
	UnloadStreamsBegin: 0.243ms
	UnloadStreamsEnd: 0.649ms
	Untracked: 113.372ms

[Licensing::Client] Error: Code 404 while processing request (status: Found 0 entitlement groups and 0 free entitlements matching requested entitlement ids)
[INFO ] [relay] relay.startup port=9001 mcpClientPort=9002 editorPid=3252
[INFO ] [relay] log === RELAY SERVER STARTED === (unity-ai-relay v1.0.12-build.97)
[INFO ] [relay] log Starting relay server...
[INFO ] [relay] log Command line arguments: ["bun","B:/~BUN/root/relay_win.exe","--relay","--port","9001","--mcp-client-port","9002","--editor-pid","3252","--shutdown-delay","180","--log-dir","C:\\Users\\dast0\\Conquian\\Logs"]
[INFO ] [relay] log Parsed config: {"port":9001,"mcpClientPort":9002,"editorPid":"3252","shutdownDelaySeconds":180}
[INFO ] [relay] log Initializing relay components...
[INFO ] [relay] log Creating RelayEditor...
[INFO ] [relay] log WebSocket server started
[INFO ] [relay] log Relay server initialization completed
[INFO ] [relay] log MCP Client initialized at port: 9002
[WARN ] [relay] log [shell-env] Shell environment did not contain a PATH variable
[INFO ] [relay] log Unity MCP Relay server started | Port: 9002 | Endpoints: /mcp/start-server, /mcp/stop-server, /mcp/server-status, /mcp/call-tool
[INFO ] [relay] log Unity client connected with ID: editor-3252-suz9j5 (relay 1.0.12-build.97)
[INFO ] [relay] connection.established clientId=editor-3252-suz9j5 port=9001
[Licensing::Client] Successfully resolved entitlement details
[Licensing::Module] License group:
  Id: F4-YV7J-TBXH-N7G4-SQYR-XXXX
  Product: Unity Personal
  Type: ULF
  Expiration: Unlimited
[Licensing::Module] License group:
  Id: 5773397425070-UnityPersXXXX
  Product: Unity Personal
  Type: Assigned
  Expiration: Unlimited
[Licensing::Client] Successfully resolved entitlement details
[Licensing::Module] License group:
  Id: F4-YV7J-TBXH-N7G4-SQYR-XXXX
  Product: Unity Personal
  Type: ULF
  Expiration: Unlimited
[Licensing::Module] License group:
  Id: 5773397425070-UnityPersXXXX
  Product: Unity Personal
  Type: Assigned
  Expiration: Unlimited
Asset Pipeline Refresh (id=11967d80ef31427499576d4bc75dae14): Total: 0.152 seconds - Initiated by RefreshV2(AllowForceSynchronousImport)
[Licensing::Client] Error: Code 404 while processing request (status: Found 0 entitlement groups and 0 free entitlements matching requested entitlement ids)
Asset Pipeline Refresh (id=63d30b39c2b2c8548bf8a4495c10a6c0): Total: 0.028 seconds - Initiated by RefreshV2(AllowForceSynchronousImport)
[Licensing::Client] Error: Code 404 while processing request (status: Found 0 entitlement groups and 0 free entitlements matching requested entitlement ids)
[ScriptCompilation] Requested script compilation because: AssetDatabase observed changes in script compilation related files
AssetDatabase: script compilation time: 0.041720s
Refreshing native plugins compatible for Editor in 736.21 ms, found 6 plugins.
Preloading 1 native plugins for Editor in 3.75 ms.

Asset Pipeline Refresh (id=17c2751af4a98694cb7b486279cb78fe): Total: 10.878 seconds - Initiated by RefreshV2(NoUpdateAssetOptions)
	(Values over 0.05ms)
	Summary:
		Imports: total=0 (actual=0, local cache=0, cache server=0)
		Asset DB Process Time: managed=0 ms, native=3517 ms
		Asset DB Callback time: managed=6332 ms, native=984 ms
		Scripting: domain reloads=0, domain reload time=0 ms, compile time=42 ms, other=0 ms
		Project Asset Count: scripts=2876, non-scripts=6443
		Asset File Changes: new=0, changed=1, moved=0, deleted=0
		Scan Filter Count: 0
	InvokePackagesCallback: 0.429ms
	ApplyChangesToAssetFolders: 5.125ms
	Scan: 233.756ms
	Collect global state as custom dependencies: 5.353ms
	OnSourceAssetsModified: 116.768ms
	CategorizeScriptCompilationAssets: 3.425ms
	ProcessAssetsWithTransientArtifactChanges: 27.131ms
	CategorizeAssets: 442.466ms
	CompileScripts: 42.050ms
	ImportOutOfDateAssets: 1267.727ms (744.346ms without children)
		ReloadNativeAssets: 1.187ms
		UnloadImportedAssets: 0.722ms
		EnsureUptoDateAssetsAreRegisteredWithGuidPM: 5.643ms
		ImportSchedulerStart: 515.811ms
	PostProcessAllAssets: 6333.364ms
		XRBuildSystem.XRAssetImported 64.180ms
		PostProcessCallbackCreateDeferredMaterials 8.149ms
		ShaderAssetModifiedCallback 2.967ms
		ObjectImages.AssetImported 0.926ms
		SpriteAtlasDatabase.OnAssetPostprocessCallback 0.871ms
		ComputeShaderImportPostprocess 0.621ms
		RaytracingShaderImportPostprocess 0.452ms
		VersionControlSettings.HiddenFilePostprocess 0.422ms
		AssemblyValidation.PostprocessAllAssets 0.347ms
		LocalizationDatabase.AssetDatabasePostprocessCallback 0.260ms
		WindowTitlePostprocess 0.249ms
		PostprocessAssetsUpdateCachedIcon 0.055ms
		MonoPostProcessAllAssets: 6218.072ms
			UtilityWindowPostProcessor.OnPostprocessAllAssets 447.255ms
			BuilderAssetPostprocessor.OnPostprocessAllAssets 253.899ms
			AssetReferenceReimportMonitor.OnPostprocessAllAssets 190.902ms
			SpriteSlicePostprocessor.OnPostprocessAllAssets 151.093ms
			AssetChangedListener.OnPostprocessAllAssets 137.682ms
			AssetPostprocessor.OnPostprocessAllAssets 135.936ms
			TMPro_TexturePostProcessor.OnPostprocessAllAssets 68.947ms
			ArtifactBrowserPostProcessor.OnPostprocessAllAssets 68.214ms
			RetainedModeAssetPostprocessor.OnPostprocessAllAssets 59.456ms
			ShaderGraphAssetPostProcessor.OnPostprocessAllAssets 48.305ms
			SampleDependencyImporterPostProcessor.OnPostprocessAllAssets 45.958ms
			SyncVS.PostprocessSyncProject 43.695ms
			SkillsProjectAssetPostprocessor.OnPostprocessAllAssets 40.100ms
			NetworkPrefabProcessor.OnPostprocessAllAssets 38.632ms
			UVCSAssetPostprocessor.OnPostprocessAllAssets 34.091ms
			AssetPostprocessorProxy.OnPostprocessAllAssets 33.651ms
			TextAssetPostProcessor.OnPostprocessAllAssets 27.288ms
			SpriteEditorTexturePostprocessor.OnPostprocessAllAssets 25.348ms
			AudioMixerPostprocessor.OnPostprocessAllAssets 18.058ms
			PostProcessor.OnPostprocessAllAssets 16.370ms
			SpriteShapeAssetPostProcessor.OnPostprocessAllAssets 14.172ms
			MaterialPostprocessor.OnPostprocessAllAssets 13.889ms
			ModelAssetProcessor.OnPostprocessAllAssets 13.305ms
			StyleCatalogPostProcessor.OnPostprocessAllAssets 12.761ms
			InputActionJsonNameModifierAssetProcessor.OnPostprocessAllAssets 11.151ms
			AssetEvents.OnPostprocessAllAssets 10.754ms
			SpriteLibraryAssetPostprocessor.OnPostprocessAllAssets 10.609ms
			SpeedTreePostProcessor.OnPostprocessAllAssets 10.385ms
			SamplePostprocessor.OnPostprocessAllAssets 9.945ms
			AudioContainerPostProcessor.OnPostprocessAllAssets 9.743ms
			PSDImportPostProcessor.OnPostprocessAllAssets 9.616ms
			AssetReloadNotifier.OnPostprocessAllAssets 7.314ms
			ScenarioDriftAssetsTracker.OnPostprocessAllAssets 5.640ms
			PSDImporterAssetPostProcessor.OnPostprocessAllAssets 5.212ms
			InputActionAssetPostprocessor.OnPostprocessAllAssets 4.580ms
			AssetProcessor.OnPostprocessAllAssets 4.139ms
			GraphRefreshPostprocessor.OnPostprocessAllAssets 3.961ms
			RenderPipelineGlobalSettingsPostprocessor.OnPostprocessAllAssets 3.444ms
			ConfigAssetsTracker.OnPostprocessAllAssets 3.137ms
			TrackSelectedAssetsProcessor.OnPostprocessAllAssets 2.719ms
			ProjectSettingsPostprocessor.OnPostprocessAllAssets 2.499ms
			UniversalRenderPipelineGlobalSettingsPostprocessor.OnPostprocessAllAssets 2.435ms
			WindowAssetPostprocessingWatcher.OnPostprocessAllAssets 2.347ms
			TerrainToolbarOverlayPostProcessor.OnPostprocessAllAssets 1.842ms
			AssetChangeDetector.OnPostprocessAllAssets 1.822ms
			ReferencedClipsPostProcessor.OnPostprocessAllAssets 1.821ms
			EditModeScopePostprocessor.OnPostprocessAllAssets 1.636ms
			ShaderReflectionAssetPostProcessor.OnPostprocessAllAssets 1.290ms
			SpeedTree9Postprocessor.OnPostprocessAllAssets 0.425ms
			AssetDatabaseCallbacks.OnPostprocessAllAssets 0.259ms
	PostAssetChangesProfiler: 865.543ms
	GatherAllCurrentPrimaryImportResultRevisions: 17.539ms
	UnloadStreamsBegin: 69.089ms
	PersistCurrentRevisions: 0.387ms
	Untracked: 1447.631ms

[Licensing::Client] Successfully resolved entitlement details
[Licensing::Module] License group:
  Id: F4-YV7J-TBXH-N7G4-SQYR-XXXX
  Product: Unity Personal
  Type: ULF
  Expiration: Unlimited
[Licensing::Module] License group:
  Id: 5773397425070-UnityPersXXXX
  Product: Unity Personal
  Type: Assigned
  Expiration: Unlimited
info: Microsoft.AspNetCore.Hosting.Diagnostics[1]
      Request starting HTTP/2 POST http://ilpp/UnityILPP.PostProcessing/Ping - application/grpc -
info: Microsoft.AspNetCore.Routing.EndpointMiddleware[0]
      Executing endpoint 'gRPC - /UnityILPP.PostProcessing/Ping'
info: Microsoft.AspNetCore.Routing.EndpointMiddleware[1]
      Executed endpoint 'gRPC - /UnityILPP.PostProcessing/Ping'
info: Microsoft.AspNetCore.Hosting.Diagnostics[2]
      Request finished HTTP/2 POST http://ilpp/UnityILPP.PostProcessing/Ping - 200 - application/grpc 52.0436ms
Starting: C:\Program Files\Unity\Hub\Editor\6000.5.8f1\Editor\Data\Tools\BuildPipeline\bee_backend.exe --ipc --defer-dag-verification --dagfile="Library/Bee/1900b0aE.dag" --continue-on-failure --profile="Library/Bee/backend1.traceevents" ScriptAssemblies
WorkingDir: C:/Users/dast0/Conquian
info: Microsoft.AspNetCore.Hosting.Diagnostics[1]
      Request starting HTTP/2 POST http://ilpp/UnityILPP.PostProcessing/ConfigurePostProcessors - application/grpc -
info: Microsoft.AspNetCore.Routing.EndpointMiddleware[0]
      Executing endpoint 'gRPC - /UnityILPP.PostProcessing/ConfigurePostProcessors'
info: Unity.ILPP.Runner.PostProcessingAssemblyLoadContext[0]
      Current configuration matches the requested one, skipping
info: Microsoft.AspNetCore.Routing.EndpointMiddleware[1]
      Executed endpoint 'gRPC - /UnityILPP.PostProcessing/ConfigurePostProcessors'
info: Microsoft.AspNetCore.Hosting.Diagnostics[2]
      Request finished HTTP/2 POST http://ilpp/UnityILPP.PostProcessing/ConfigurePostProcessors - 200 - application/grpc 10.6161ms
info: Microsoft.AspNetCore.Hosting.Diagnostics[1]
      Request starting HTTP/2 POST http://ilpp/UnityILPP.PostProcessing/PostProcessAssembly - application/grpc -
info: Microsoft.AspNetCore.Routing.EndpointMiddleware[0]
      Executing endpoint 'gRPC - /UnityILPP.PostProcessing/PostProcessAssembly'
info: Unity.ILPP.Runner.PostProcessingPipeline[0]
      Processing assembly Library/Bee/artifacts/1900b0aE.dag/Assembly-CSharp.dll, with 145 defines and 404 references
info: Unity.ILPP.Runner.PostProcessingPipeline[0]
      processors: Unity.Jobs.CodeGen.JobsILPostProcessor, Unity.Netcode.Editor.CodeGen.INetworkMessageILPP, Unity.Netcode.Editor.CodeGen.INetworkSerializableILPP, Unity.Netcode.Editor.CodeGen.NetworkBehaviourILPP, Unity.Netcode.Editor.CodeGen.RuntimeAccessModifiersILPP, zzzUnity.Burst.CodeGen.BurstILPostProcessor
info: Unity.ILPP.Runner.PostProcessingPipeline[0]
      running Unity.Jobs.CodeGen.JobsILPostProcessor
info: Unity.ILPP.Runner.PostProcessingPipeline[0]
      running Unity.Netcode.Editor.CodeGen.INetworkMessageILPP
info: Unity.ILPP.Runner.PostProcessingPipeline[0]
      running Unity.Netcode.Editor.CodeGen.INetworkSerializableILPP
info: Unity.ILPP.Runner.PostProcessingPipeline[0]
      running Unity.Netcode.Editor.CodeGen.NetworkBehaviourILPP
info: Unity.ILPP.Runner.PostProcessingPipeline[0]
      running Unity.Netcode.Editor.CodeGen.RuntimeAccessModifiersILPP
info: Unity.ILPP.Runner.PostProcessingPipeline[0]
      running zzzUnity.Burst.CodeGen.BurstILPostProcessor
info: Microsoft.AspNetCore.Routing.EndpointMiddleware[1]
      Executed endpoint 'gRPC - /UnityILPP.PostProcessing/PostProcessAssembly'
info: Microsoft.AspNetCore.Hosting.Diagnostics[2]
      Request finished HTTP/2 POST http://ilpp/UnityILPP.PostProcessing/PostProcessAssembly - 200 - application/grpc 3980.5156ms
ExitCode: 0 Duration: 36s
[1653/2195  0s] ILPP-Configuration Library/ilpp-configuration.nevergeneratedoutput
[BUSY       6s] Csc Library/Bee/artifacts/1900b0aE.dag/Assembly-CSharp.dll (+2 others)
[BUSY      16s] Csc Library/Bee/artifacts/1900b0aE.dag/Assembly-CSharp.dll (+2 others)
[BUSY      26s] Csc Library/Bee/artifacts/1900b0aE.dag/Assembly-CSharp.dll (+2 others)
[2191/2195 30s] Csc Library/Bee/artifacts/1900b0aE.dag/Assembly-CSharp.dll (+2 others)
Assets\Scripts\Cards\Card.cs(8,36): warning CS0414: The field 'Card.hoverHeight' is assigned but its value is never used

Assets\Scripts\Cards\Card.cs(9,36): warning CS0414: The field 'Card.hoverDuration' is assigned but its value is never used
[2192/2195  4s] ILPostProcess Library/Bee/artifacts/1900b0aE.dag/post-processed/Assembly-CSharp.dll (+pdb)
Processing assembly Library/Bee/artifacts/1900b0aE.dag/Assembly-CSharp.dll, with 145 defines and 404 references

processors: Unity.Jobs.CodeGen.JobsILPostProcessor, Unity.Netcode.Editor.CodeGen.INetworkMessageILPP, Unity.Netcode.Editor.CodeGen.INetworkSerializableILPP, Unity.Netcode.Editor.CodeGen.NetworkBehaviourILPP, Unity.Netcode.Editor.CodeGen.RuntimeAccessModifiersILPP, zzzUnity.Burst.CodeGen.BurstILPostProcessor

running Unity.Jobs.CodeGen.JobsILPostProcessor

running Unity.Netcode.Editor.CodeGen.INetworkMessageILPP

running Unity.Netcode.Editor.CodeGen.INetworkSerializableILPP

running Unity.Netcode.Editor.CodeGen.NetworkBehaviourILPP

running Unity.Netcode.Editor.CodeGen.RuntimeAccessModifiersILPP

running zzzUnity.Burst.CodeGen.BurstILPostProcessor
[2193/2195  0s] CopyFiles Library/ScriptAssemblies/Assembly-CSharp.dll
[2194/2195  0s] CopyFiles Library/ScriptAssemblies/Assembly-CSharp.pdb
*** Tundra build success (36.24 seconds), 5 items updated, 2195 evaluated
Assets\Scripts\Cards\Card.cs(8,36): warning CS0414: The field 'Card.hoverHeight' is assigned but its value is never used
Assets\Scripts\Cards\Card.cs(9,36): warning CS0414: The field 'Card.hoverDuration' is assigned but its value is never used
Total cache size 267345405
Total cache size after purge 267345405, took 00:00:02.2708494
Reloading assemblies after forced synchronous recompile.
[Licensing::Client] Successfully resolved entitlement details
[Licensing::Module] License group:
  Id: F4-YV7J-TBXH-N7G4-SQYR-XXXX
  Product: Unity Personal
  Type: ULF
  Expiration: Unlimited
[Licensing::Module] License group:
  Id: 5773397425070-UnityPersXXXX
  Product: Unity Personal
  Type: Assigned
  Expiration: Unlimited
Begin MonoManager ReloadAssembly
[INFO ] [relay] log Domain reload signal received from client editor-3252-suz9j5
[INFO ] [relay] log Client disconnected - blocking and caching for recovery
[WARN ] [relay] connection.lost clientId=null
[WARN ] [relay] log Client disconnected - sessions will persist until auto-shutdown, reason: Client disconnected
[INFO ] [relay] log Auto-shutdown timer started due to client disconnection
Symbol file LoadedFromMemory is not a mono symbol file
Symbol file LoadedFromMemory is not a mono symbol file
Refreshing native plugins compatible for Editor in 54.11 ms, found 6 plugins.
Native extension for Android target not found
Native extension for UWP target not found
Native extension for WindowsStandalone target not found
Native extension for WebGL target not found
[MODES] ModeService[none].Initialize
[MODES] ModeService[none].LoadModes
Refreshing native plugins compatible for Editor in 17.12 ms, found 6 plugins.
[Licensing::Client] Error: Code 404 while processing request (status: Found 0 entitlement groups and 0 free entitlements matching requested entitlement ids)
ScheduleIndexationOnStartup MainProcess:True IndexOnStartup:True
[Licensing::Client] Successfully resolved entitlement details
[Licensing::Module] License group:
  Id: F4-YV7J-TBXH-N7G4-SQYR-XXXX
  Product: Unity Personal
  Type: ULF
  Expiration: Unlimited
[Licensing::Module] License group:
  Id: 5773397425070-UnityPersXXXX
  Product: Unity Personal
  Type: Assigned
  Expiration: Unlimited
Mono: successfully reloaded assembly
- Finished resetting the current domain, in 14.410 seconds
Domain Reload Profiling: 38113ms
	BeginReloadAssembly (14727ms)
		ExecutionOrderSort (31ms)
		DisableScriptedObjects (2797ms)
		ReleaseScriptingObjects (14ms)
		CreateAndSetChildDomain (7797ms)
	RebuildCommonClasses (39ms)
	RebuildNativeTypeToScriptingClass (44ms)
	initialDomainReloadingComplete (1423ms)
	LoadAllAssembliesAndSetupDomain (7466ms)
		LoadAssemblies (4072ms)
		AnalyzeDomain (3259ms)
			TypeCache.Refresh (296ms)
				TypeCache.ScanAssembly (5ms)
			BuildScriptInfoCaches (2818ms)
			ResolveRequiredComponents (40ms)
	FinalizeReload (14413ms)
		SetupLoadedEditorAssemblies (0ms)
			InitializePlatformSupportModulesInManaged (75ms)
			BeforeProcessingInitializeOnLoad (1894ms)
			ProcessInitializeOnLoadAttributes (4619ms)
			ProcessInitializeOnLoadMethodAttributes (1501ms)
			AfterProcessingInitializeOnLoad (11ms)
			EditorAssembliesLoaded (6ms)
		AwakeInstancesAfterBackupRestoration (1886ms)

Asset Pipeline Refresh (id=73249c37f3ebdf841b7b34fe13f577e8): Total: 115.350 seconds - Initiated by RefreshV2(AllowForceSynchronousImport)
	(Values over 0.05ms)
	Summary:
		Imports: total=0 (actual=0, local cache=0, cache server=0)
		Asset DB Process Time: managed=0 ms, native=17427 ms
		Asset DB Callback time: managed=740 ms, native=7 ms
		Scripting: domain reloads=1, domain reload time=29697 ms, compile time=67476 ms, other=0 ms
		Project Asset Count: scripts=2876, non-scripts=6443
		Asset File Changes: new=0, changed=0, moved=0, deleted=0
		Scan Filter Count: 0
	InvokeCustomDependenciesCallbacks: 0.277ms
	InvokePackagesCallback: 13.277ms
	ApplyChangesToAssetFolders: 8.516ms
	Scan: 16.456ms
	Collect global state as custom dependencies: 15.768ms
	ProcessAssetsWithTransientArtifactChanges: 42.553ms
	CategorizeAssets: 1125.826ms
	CompileScripts: 67476.086ms
	ImportOutOfDateAssets: 14929.124ms (14567.819ms without children)
		CollectScriptTypesHashes: 222.460ms
		ReloadNativeAssets: 3.679ms
		UnloadImportedAssets: 1.662ms
		EnsureUptoDateAssetsAreRegisteredWithGuidPM: 2.605ms
		ImportSchedulerStart: 353.123ms
	PostProcessAllAssets: 740.023ms
		MonoPostProcessAllAssets: 740.010ms
			UtilityWindowPostProcessor.OnPostprocessAllAssets 447.255ms
			AssetPostprocessorProxy.OnPostprocessAllAssets 263.655ms
			BuilderAssetPostprocessor.OnPostprocessAllAssets 253.899ms
			AssetReferenceReimportMonitor.OnPostprocessAllAssets 190.902ms
			SpriteSlicePostprocessor.OnPostprocessAllAssets 151.093ms
			AssetChangedListener.OnPostprocessAllAssets 137.682ms
			AssetPostprocessor.OnPostprocessAllAssets 135.936ms
			TMPro_TexturePostProcessor.OnPostprocessAllAssets 68.947ms
			ArtifactBrowserPostProcessor.OnPostprocessAllAssets 68.214ms
			RetainedModeAssetPostprocessor.OnPostprocessAllAssets 59.456ms
			ShaderGraphAssetPostProcessor.OnPostprocessAllAssets 48.305ms
			SampleDependencyImporterPostProcessor.OnPostprocessAllAssets 45.958ms
			SkillsProjectAssetPostprocessor.OnPostprocessAllAssets 40.100ms
			NetworkPrefabProcessor.OnPostprocessAllAssets 38.632ms
			UniversalRenderPipelineGlobalSettingsPostprocessor.OnPostprocessAllAssets 35.344ms
			UVCSAssetPostprocessor.OnPostprocessAllAssets 34.091ms
			TextAssetPostProcessor.OnPostprocessAllAssets 27.288ms
			SpriteEditorTexturePostprocessor.OnPostprocessAllAssets 25.348ms
			AudioMixerPostprocessor.OnPostprocessAllAssets 18.058ms
			PostProcessor.OnPostprocessAllAssets 16.370ms
			SpriteShapeAssetPostProcessor.OnPostprocessAllAssets 14.172ms
			MaterialPostprocessor.OnPostprocessAllAssets 13.889ms
			ModelAssetProcessor.OnPostprocessAllAssets 13.305ms
			SyncVS.PostprocessSyncProject 13.244ms
			StyleCatalogPostProcessor.OnPostprocessAllAssets 12.761ms
			InputActionJsonNameModifierAssetProcessor.OnPostprocessAllAssets 11.151ms
			AssetEvents.OnPostprocessAllAssets 10.754ms
			SpriteLibraryAssetPostprocessor.OnPostprocessAllAssets 10.609ms
			SpeedTreePostProcessor.OnPostprocessAllAssets 10.385ms
			SamplePostprocessor.OnPostprocessAllAssets 9.945ms
			AudioContainerPostProcessor.OnPostprocessAllAssets 9.743ms
			PSDImportPostProcessor.OnPostprocessAllAssets 9.616ms
			SpeedTree9Postprocessor.OnPostprocessAllAssets 8.008ms
			AssetReloadNotifier.OnPostprocessAllAssets 7.314ms
			ScenarioDriftAssetsTracker.OnPostprocessAllAssets 5.640ms
			GraphRefreshPostprocessor.OnPostprocessAllAssets 5.627ms
			PSDImporterAssetPostProcessor.OnPostprocessAllAssets 5.212ms
			WindowAssetPostprocessingWatcher.OnPostprocessAllAssets 5.089ms
			AssetProcessor.OnPostprocessAllAssets 4.139ms
			ConfigAssetsTracker.OnPostprocessAllAssets 3.137ms
			TrackSelectedAssetsProcessor.OnPostprocessAllAssets 2.719ms
			RenderPipelineGlobalSettingsPostprocessor.OnPostprocessAllAssets 2.454ms
			AssetChangeDetector.OnPostprocessAllAssets 2.124ms
			EditModeScopePostprocessor.OnPostprocessAllAssets 2.061ms
			ShaderReflectionAssetPostProcessor.OnPostprocessAllAssets 1.397ms
			ReferencedClipsPostProcessor.OnPostprocessAllAssets 1.070ms
			InputActionAssetPostprocessor.OnPostprocessAllAssets 0.425ms
			AssetDatabaseCallbacks.OnPostprocessAllAssets 0.368ms
			ProjectSettingsPostprocessor.OnPostprocessAllAssets 0.309ms
			TerrainToolbarOverlayPostProcessor.OnPostprocessAllAssets 0.262ms
	GatherAllCurrentPrimaryImportResultRevisions: 7.996ms
	PersistCurrentRevisions: 0.325ms
	GenerateScriptTypeHashes: 34.938ms
	GenerateScriptTypeSerializationHashes: 58.305ms
	Untracked: 30724.286ms

[Licensing::Client] Error: Code 404 while processing request (status: Found 0 entitlement groups and 0 free entitlements matching requested entitlement ids)
[Licensing::Client] Error: Code 404 while processing request (status: Found 0 entitlement groups and 0 free entitlements matching requested entitlement ids)
[Licensing::Client] Successfully resolved entitlement details
[Licensing::Client] Successfully resolved entitlement details
[INFO ] [relay] log Unity client connected with ID: editor-3252-i29xw5 (relay 1.0.12-build.97)
[INFO ] [relay] connection.established clientId=editor-3252-i29xw5 port=9001
Request Asset Garbage Collect because used heap size increased from 0.89 GB to 1.34 GB, exceeding the threshold of 256.0 MB.
[Licensing::Client] Successfully resolved entitlement details
Unloading 0 Unused Serialized files (Serialized files now loaded: 0)
Unloading 331 unused Assets / (1.6 MB). Loaded Objects now: 15947.
Memory consumption went from 1.34 GB to 1.34 GB.
Total: 423.250300 ms (FindLiveObjects: 51.106400 ms CreateObjectMapping: 8.230400 ms MarkObjects: 302.669400 ms  DeleteObjects: 61.236600 ms)

[Licensing::Client] Error: Code 404 while processing request (status: Found 0 entitlement groups and 0 free entitlements matching requested entitlement ids)
[Licensing::Client] Error: Code 404 while processing request (status: Found 0 entitlement groups and 0 free entitlements matching requested entitlement ids)
[Licensing::Client] Error: Code 404 while processing request (status: Found 0 entitlement groups and 0 free entitlements matching requested entitlement ids)
[Licensing::Client] Error: Code 404 while processing request (status: Found 0 entitlement groups and 0 free entitlements matching requested entitlement ids)
[Licensing::Client] Error: Code 404 while processing request (status: Found 0 entitlement groups and 0 free entitlements matching requested entitlement ids)
[Licensing::Client] Error: Code 404 while processing request (status: Found 0 entitlement groups and 0 free entitlements matching requested entitlement ids)
UPID Received '826535e3-7aa3-41f3-9deb-cffac0b844bc'.
[Licensing::Client] Error: Code 404 while processing request (status: Found 0 entitlement groups and 0 free entitlements matching requested entitlement ids)
[Licensing::Client] Error: Code 404 while processing request (status: Found 0 entitlement groups and 0 free entitlements matching requested entitlement ids)
[Licensing::Client] Successfully resolved entitlement details
[Worker2] Imported GUID: e2731a5c027282345bea14f7098b132a - Path: Assets/Prefab/Card.prefab - Importer: PreviewImporter -> (ImportResultId: 'b13f5600eca886e5a52f878a55418d07') in 3.0169558 seconds
[ScriptCompilation] Requested script compilation because: AssetDatabase observed changes in script compilation related files
AssetDatabase: script compilation time: 0.307280s
Refreshing native plugins compatible for Editor in 22.53 ms, found 6 plugins.

Asset Pipeline Refresh (id=72f3ffad9e6cc3d4ea6cbf9981f82816): Total: 12.269 seconds - Initiated by RefreshV2(NoUpdateAssetOptions)
	(Values over 0.05ms)
	Summary:
		Imports: total=0 (actual=0, local cache=0, cache server=0)
		Asset DB Process Time: managed=0 ms, native=4212 ms
		Asset DB Callback time: managed=7487 ms, native=254 ms
		Scripting: domain reloads=0, domain reload time=0 ms, compile time=309 ms, other=0 ms
		Project Asset Count: scripts=2876, non-scripts=6443
		Asset File Changes: new=0, changed=1, moved=0, deleted=0
		Scan Filter Count: 0
	InvokeCustomDependenciesCallbacks: 0.667ms
	InvokePackagesCallback: 0.539ms
	ApplyChangesToAssetFolders: 39.942ms
	Scan: 322.890ms
	Collect global state as custom dependencies: 8.919ms
	OnSourceAssetsModified: 189.616ms
	CategorizeScriptCompilationAssets: 3.053ms
	ProcessAssetsWithTransientArtifactChanges: 54.075ms
	CategorizeAssets: 317.473ms
	CompileScripts: 308.956ms
	ImportOutOfDateAssets: 1011.779ms (681.322ms without children)
		ReloadNativeAssets: 1.039ms
		UnloadImportedAssets: 0.482ms
		EnsureUptoDateAssetsAreRegisteredWithGuidPM: 3.038ms
		ImportSchedulerStart: 325.888ms
	PostProcessAllAssets: 7486.136ms
		XRBuildSystem.XRAssetImported 121.628ms
		PostProcessCallbackCreateDeferredMaterials 3.941ms
		ObjectImages.AssetImported 2.965ms
		ShaderAssetModifiedCallback 1.596ms
		SpriteAtlasDatabase.OnAssetPostprocessCallback 0.818ms
		LocalizationDatabase.AssetDatabasePostprocessCallback 0.608ms
		VersionControlSettings.HiddenFilePostprocess 0.505ms
		ComputeShaderImportPostprocess 0.326ms
		RaytracingShaderImportPostprocess 0.264ms
		WindowTitlePostprocess 0.246ms
		AssemblyValidation.PostprocessAllAssets 0.074ms
		PostprocessAssetsUpdateCachedIcon 0.052ms
		MonoPostProcessAllAssets: 7305.962ms
			BuilderAssetPostprocessor.OnPostprocessAllAssets 518.854ms
			UtilityWindowPostProcessor.OnPostprocessAllAssets 472.690ms
			AssetReferenceReimportMonitor.OnPostprocessAllAssets 272.140ms
			NetworkPrefabProcessor.OnPostprocessAllAssets 246.503ms
			SpriteSlicePostprocessor.OnPostprocessAllAssets 122.438ms
			AssetChangedListener.OnPostprocessAllAssets 70.405ms
			TMPro_TexturePostProcessor.OnPostprocessAllAssets 69.173ms
			AssetPostprocessor.OnPostprocessAllAssets 62.093ms
			UVCSAssetPostprocessor.OnPostprocessAllAssets 58.007ms
			ModelAssetProcessor.OnPostprocessAllAssets 44.701ms
			SampleDependencyImporterPostProcessor.OnPostprocessAllAssets 39.961ms
			ShaderGraphAssetPostProcessor.OnPostprocessAllAssets 33.948ms
			AssetPostprocessorProxy.OnPostprocessAllAssets 31.607ms
			SyncVS.PostprocessSyncProject 25.070ms
			RetainedModeAssetPostprocessor.OnPostprocessAllAssets 24.381ms
			SkillsProjectAssetPostprocessor.OnPostprocessAllAssets 24.264ms
			ArtifactBrowserPostProcessor.OnPostprocessAllAssets 22.426ms
			SpriteEditorTexturePostprocessor.OnPostprocessAllAssets 18.699ms
			SpeedTreePostProcessor.OnPostprocessAllAssets 12.593ms
			AssetReloadNotifier.OnPostprocessAllAssets 11.901ms
			SpriteShapeAssetPostProcessor.OnPostprocessAllAssets 10.329ms
			TextAssetPostProcessor.OnPostprocessAllAssets 10.304ms
			ScenarioDriftAssetsTracker.OnPostprocessAllAssets 10.141ms
			PostProcessor.OnPostprocessAllAssets 9.223ms
			MaterialPostprocessor.OnPostprocessAllAssets 8.952ms
			SpriteLibraryAssetPostprocessor.OnPostprocessAllAssets 8.341ms
			TrackSelectedAssetsProcessor.OnPostprocessAllAssets 7.818ms
			SamplePostprocessor.OnPostprocessAllAssets 7.295ms
			ConfigAssetsTracker.OnPostprocessAllAssets 6.939ms
			GraphRefreshPostprocessor.OnPostprocessAllAssets 6.385ms
			InputActionJsonNameModifierAssetProcessor.OnPostprocessAllAssets 6.274ms
			AudioMixerPostprocessor.OnPostprocessAllAssets 5.258ms
			AssetEvents.OnPostprocessAllAssets 4.335ms
			StyleCatalogPostProcessor.OnPostprocessAllAssets 3.229ms
			PSDImportPostProcessor.OnPostprocessAllAssets 3.212ms
			PSDImporterAssetPostProcessor.OnPostprocessAllAssets 2.777ms
			InputActionAssetPostprocessor.OnPostprocessAllAssets 2.462ms
			AudioContainerPostProcessor.OnPostprocessAllAssets 2.170ms
			EditModeScopePostprocessor.OnPostprocessAllAssets 2.140ms
			UniversalRenderPipelineGlobalSettingsPostprocessor.OnPostprocessAllAssets 2.044ms
			AssetProcessor.OnPostprocessAllAssets 1.800ms
			AssetDatabaseCallbacks.OnPostprocessAllAssets 1.465ms
			WindowAssetPostprocessingWatcher.OnPostprocessAllAssets 1.007ms
			RenderPipelineGlobalSettingsPostprocessor.OnPostprocessAllAssets 1.006ms
			ShaderReflectionAssetPostProcessor.OnPostprocessAllAssets 0.765ms
			ProjectSettingsPostprocessor.OnPostprocessAllAssets 0.758ms
			AssetChangeDetector.OnPostprocessAllAssets 0.563ms
			TerrainToolbarOverlayPostProcessor.OnPostprocessAllAssets 0.541ms
			ReferencedClipsPostProcessor.OnPostprocessAllAssets 0.445ms
			SpeedTree9Postprocessor.OnPostprocessAllAssets 0.400ms
	PostAssetChangesProfiler: 65.787ms
	GatherAllCurrentPrimaryImportResultRevisions: 58.658ms
	UnloadStreamsBegin: 69.623ms
	PersistCurrentRevisions: 0.361ms
	Untracked: 2328.022ms

[Licensing::Client] Successfully resolved entitlement details
[Licensing::Module] License group:
  Id: F4-YV7J-TBXH-N7G4-SQYR-XXXX
  Product: Unity Personal
  Type: ULF
  Expiration: Unlimited
[Licensing::Module] License group:
  Id: 5773397425070-UnityPersXXXX
  Product: Unity Personal
  Type: Assigned
  Expiration: Unlimited
info: Microsoft.AspNetCore.Hosting.Diagnostics[1]
      Request starting HTTP/2 POST http://ilpp/UnityILPP.PostProcessing/Ping - application/grpc -
info: Microsoft.AspNetCore.Routing.EndpointMiddleware[0]
      Executing endpoint 'gRPC - /UnityILPP.PostProcessing/Ping'
info: Microsoft.AspNetCore.Routing.EndpointMiddleware[1]
      Executed endpoint 'gRPC - /UnityILPP.PostProcessing/Ping'
info: Microsoft.AspNetCore.Hosting.Diagnostics[2]
      Request finished HTTP/2 POST http://ilpp/UnityILPP.PostProcessing/Ping - 200 - application/grpc 138.5928ms
Starting: C:\Program Files\Unity\Hub\Editor\6000.5.8f1\Editor\Data\Tools\BuildPipeline\bee_backend.exe --ipc --defer-dag-verification --dagfile="Library/Bee/1900b0aE.dag" --continue-on-failure --profile="Library/Bee/backend1.traceevents" ScriptAssemblies
WorkingDir: C:/Users/dast0/Conquian
info: Microsoft.AspNetCore.Hosting.Diagnostics[1]
      Request starting HTTP/2 POST http://ilpp/UnityILPP.PostProcessing/ConfigurePostProcessors - application/grpc -
info: Microsoft.AspNetCore.Routing.EndpointMiddleware[0]
      Executing endpoint 'gRPC - /UnityILPP.PostProcessing/ConfigurePostProcessors'
info: Unity.ILPP.Runner.PostProcessingAssemblyLoadContext[0]
      Current configuration matches the requested one, skipping
info: Microsoft.AspNetCore.Routing.EndpointMiddleware[1]
      Executed endpoint 'gRPC - /UnityILPP.PostProcessing/ConfigurePostProcessors'
info: Microsoft.AspNetCore.Hosting.Diagnostics[2]
      Request finished HTTP/2 POST http://ilpp/UnityILPP.PostProcessing/ConfigurePostProcessors - 200 - application/grpc 11.2895ms
info: Microsoft.AspNetCore.Hosting.Diagnostics[1]
      Request starting HTTP/2 POST http://ilpp/UnityILPP.PostProcessing/PostProcessAssembly - application/grpc -
info: Microsoft.AspNetCore.Routing.EndpointMiddleware[0]
      Executing endpoint 'gRPC - /UnityILPP.PostProcessing/PostProcessAssembly'
info: Unity.ILPP.Runner.PostProcessingPipeline[0]
      Processing assembly Library/Bee/artifacts/1900b0aE.dag/Assembly-CSharp.dll, with 145 defines and 404 references
info: Unity.ILPP.Runner.PostProcessingPipeline[0]
      processors: Unity.Jobs.CodeGen.JobsILPostProcessor, Unity.Netcode.Editor.CodeGen.INetworkMessageILPP, Unity.Netcode.Editor.CodeGen.INetworkSerializableILPP, Unity.Netcode.Editor.CodeGen.NetworkBehaviourILPP, Unity.Netcode.Editor.CodeGen.RuntimeAccessModifiersILPP, zzzUnity.Burst.CodeGen.BurstILPostProcessor
info: Unity.ILPP.Runner.PostProcessingPipeline[0]
      running Unity.Jobs.CodeGen.JobsILPostProcessor
info: Unity.ILPP.Runner.PostProcessingPipeline[0]
      running Unity.Netcode.Editor.CodeGen.INetworkMessageILPP
info: Unity.ILPP.Runner.PostProcessingPipeline[0]
      running Unity.Netcode.Editor.CodeGen.INetworkSerializableILPP
info: Unity.ILPP.Runner.PostProcessingPipeline[0]
      running Unity.Netcode.Editor.CodeGen.NetworkBehaviourILPP
info: Unity.ILPP.Runner.PostProcessingPipeline[0]
      running Unity.Netcode.Editor.CodeGen.RuntimeAccessModifiersILPP
info: Unity.ILPP.Runner.PostProcessingPipeline[0]
      running zzzUnity.Burst.CodeGen.BurstILPostProcessor
info: Microsoft.AspNetCore.Routing.EndpointMiddleware[1]
      Executed endpoint 'gRPC - /UnityILPP.PostProcessing/PostProcessAssembly'
info: Microsoft.AspNetCore.Hosting.Diagnostics[2]
      Request finished HTTP/2 POST http://ilpp/UnityILPP.PostProcessing/PostProcessAssembly - 200 - application/grpc 720.7709ms
ExitCode: 0 Duration: 6s626ms
[1653/2195  0s] ILPP-Configuration Library/ilpp-configuration.nevergeneratedoutput
[2191/2195  3s] Csc Library/Bee/artifacts/1900b0aE.dag/Assembly-CSharp.dll (+2 others)
[2192/2195  1s] ILPostProcess Library/Bee/artifacts/1900b0aE.dag/post-processed/Assembly-CSharp.dll (+pdb)
Processing assembly Library/Bee/artifacts/1900b0aE.dag/Assembly-CSharp.dll, with 145 defines and 404 references

processors: Unity.Jobs.CodeGen.JobsILPostProcessor, Unity.Netcode.Editor.CodeGen.INetworkMessageILPP, Unity.Netcode.Editor.CodeGen.INetworkSerializableILPP, Unity.Netcode.Editor.CodeGen.NetworkBehaviourILPP, Unity.Netcode.Editor.CodeGen.RuntimeAccessModifiersILPP, zzzUnity.Burst.CodeGen.BurstILPostProcessor

running Unity.Jobs.CodeGen.JobsILPostProcessor

running Unity.Netcode.Editor.CodeGen.INetworkMessageILPP

running Unity.Netcode.Editor.CodeGen.INetworkSerializableILPP

running Unity.Netcode.Editor.CodeGen.NetworkBehaviourILPP

running Unity.Netcode.Editor.CodeGen.RuntimeAccessModifiersILPP

running zzzUnity.Burst.CodeGen.BurstILPostProcessor
[2193/2195  0s] CopyFiles Library/ScriptAssemblies/Assembly-CSharp.pdb
[2194/2195  0s] CopyFiles Library/ScriptAssemblies/Assembly-CSharp.dll
*** Tundra build success (6.21 seconds), 5 items updated, 2195 evaluated
Reloading assemblies after forced synchronous recompile.
Total cache size 267345405
Total cache size after purge 267345405, took 00:00:02.7721272
Begin MonoManager ReloadAssembly
[INFO ] [relay] log Domain reload signal received from client editor-3252-i29xw5
[INFO ] [relay] log Client disconnected - blocking and caching for recovery
[WARN ] [relay] connection.lost clientId=null
[WARN ] [relay] log Client disconnected - sessions will persist until auto-shutdown, reason: Client disconnected
[INFO ] [relay] log Auto-shutdown timer started due to client disconnection
Symbol file LoadedFromMemory is not a mono symbol file
Symbol file LoadedFromMemory is not a mono symbol file
Refreshing native plugins compatible for Editor in 29.19 ms, found 6 plugins.
Native extension for Android target not found
Native extension for UWP target not found
Native extension for WindowsStandalone target not found
Native extension for WebGL target not found
[MODES] ModeService[none].Initialize
[MODES] ModeService[none].LoadModes
Refreshing native plugins compatible for Editor in 17.97 ms, found 6 plugins.
[Licensing::Client] Error: Code 404 while processing request (status: Found 0 entitlement groups and 0 free entitlements matching requested entitlement ids)
ScheduleIndexationOnStartup MainProcess:True IndexOnStartup:True
[Licensing::Client] Successfully resolved entitlement details
[Licensing::Module] License group:
  Id: F4-YV7J-TBXH-N7G4-SQYR-XXXX
  Product: Unity Personal
  Type: ULF
  Expiration: Unlimited
[Licensing::Module] License group:
  Id: 5773397425070-UnityPersXXXX
  Product: Unity Personal
  Type: Assigned
  Expiration: Unlimited
Mono: successfully reloaded assembly
- Finished resetting the current domain, in 10.755 seconds
Domain Reload Profiling: 37321ms
	BeginReloadAssembly (20779ms)
		ExecutionOrderSort (29ms)
		DisableScriptedObjects (2793ms)
		ReleaseScriptingObjects (21ms)
		CreateAndSetChildDomain (12326ms)
	RebuildCommonClasses (40ms)
	RebuildNativeTypeToScriptingClass (39ms)
	initialDomainReloadingComplete (968ms)
	LoadAllAssembliesAndSetupDomain (4737ms)
		LoadAssemblies (2381ms)
		AnalyzeDomain (2439ms)
			TypeCache.Refresh (327ms)
				TypeCache.ScanAssembly (5ms)
			BuildScriptInfoCaches (1944ms)
			ResolveRequiredComponents (45ms)
	FinalizeReload (10758ms)
		SetupLoadedEditorAssemblies (0ms)
			InitializePlatformSupportModulesInManaged (290ms)
			BeforeProcessingInitializeOnLoad (1715ms)
			ProcessInitializeOnLoadAttributes (3834ms)
			ProcessInitializeOnLoadMethodAttributes (1495ms)
			AfterProcessingInitializeOnLoad (12ms)
			EditorAssembliesLoaded (7ms)
		AwakeInstancesAfterBackupRestoration (1712ms)

Asset Pipeline Refresh (id=f51a7b543471d924083b362a6bac4d97): Total: 56.094 seconds - Initiated by RefreshV2(AllowForceSynchronousImport)
	(Values over 0.05ms)
	Summary:
		Imports: total=0 (actual=0, local cache=0, cache server=0)
		Asset DB Process Time: managed=0 ms, native=13496 ms
		Asset DB Callback time: managed=436 ms, native=6 ms
		Scripting: domain reloads=1, domain reload time=27681 ms, compile time=14471 ms, other=0 ms
		Project Asset Count: scripts=2876, non-scripts=6443
		Asset File Changes: new=0, changed=0, moved=0, deleted=0
		Scan Filter Count: 0
	InvokePackagesCallback: 11.811ms
	ApplyChangesToAssetFolders: 8.082ms
	Scan: 13.813ms
	Collect global state as custom dependencies: 26.352ms
	CategorizeScriptCompilationAssets: 0.372ms
	ProcessAssetsWithTransientArtifactChanges: 32.562ms
	CategorizeAssets: 1372.367ms
	CompileScripts: 14471.383ms
	ImportOutOfDateAssets: 11210.776ms (10878.126ms without children)
		CollectScriptTypesHashes: 134.111ms
		ReloadNativeAssets: 3.083ms
		UnloadImportedAssets: 0.865ms
		EnsureUptoDateAssetsAreRegisteredWithGuidPM: 2.646ms
		ImportSchedulerStart: 324.566ms
	PostProcessAllAssets: 436.773ms
		MonoPostProcessAllAssets: 436.759ms
			BuilderAssetPostprocessor.OnPostprocessAllAssets 518.854ms
			UtilityWindowPostProcessor.OnPostprocessAllAssets 472.690ms
			AssetReferenceReimportMonitor.OnPostprocessAllAssets 272.140ms
			NetworkPrefabProcessor.OnPostprocessAllAssets 246.503ms
			SpriteSlicePostprocessor.OnPostprocessAllAssets 122.438ms
			AssetPostprocessorProxy.OnPostprocessAllAssets 85.052ms
			AssetChangedListener.OnPostprocessAllAssets 70.405ms
			TMPro_TexturePostProcessor.OnPostprocessAllAssets 69.173ms
			AssetPostprocessor.OnPostprocessAllAssets 62.093ms
			UVCSAssetPostprocessor.OnPostprocessAllAssets 58.007ms
			ModelAssetProcessor.OnPostprocessAllAssets 44.701ms
			SampleDependencyImporterPostProcessor.OnPostprocessAllAssets 39.961ms
			UniversalRenderPipelineGlobalSettingsPostprocessor.OnPostprocessAllAssets 36.333ms
			ShaderGraphAssetPostProcessor.OnPostprocessAllAssets 33.948ms
			RetainedModeAssetPostprocessor.OnPostprocessAllAssets 24.381ms
			SkillsProjectAssetPostprocessor.OnPostprocessAllAssets 24.264ms
			ArtifactBrowserPostProcessor.OnPostprocessAllAssets 22.426ms
			SpriteEditorTexturePostprocessor.OnPostprocessAllAssets 18.699ms
			SpeedTreePostProcessor.OnPostprocessAllAssets 12.593ms
			AssetReloadNotifier.OnPostprocessAllAssets 11.901ms
			SpriteShapeAssetPostProcessor.OnPostprocessAllAssets 10.329ms
			TextAssetPostProcessor.OnPostprocessAllAssets 10.304ms
			ScenarioDriftAssetsTracker.OnPostprocessAllAssets 10.141ms
			PostProcessor.OnPostprocessAllAssets 9.223ms
			MaterialPostprocessor.OnPostprocessAllAssets 8.952ms
			SyncVS.PostprocessSyncProject 8.517ms
			SpriteLibraryAssetPostprocessor.OnPostprocessAllAssets 8.341ms
			TrackSelectedAssetsProcessor.OnPostprocessAllAssets 7.818ms
			SamplePostprocessor.OnPostprocessAllAssets 7.295ms
			ConfigAssetsTracker.OnPostprocessAllAssets 6.939ms
			InputActionJsonNameModifierAssetProcessor.OnPostprocessAllAssets 6.274ms
			AudioMixerPostprocessor.OnPostprocessAllAssets 5.258ms
			SpeedTree9Postprocessor.OnPostprocessAllAssets 4.353ms
			AssetEvents.OnPostprocessAllAssets 4.335ms
			GraphRefreshPostprocessor.OnPostprocessAllAssets 3.838ms
			StyleCatalogPostProcessor.OnPostprocessAllAssets 3.229ms
			PSDImportPostProcessor.OnPostprocessAllAssets 3.212ms
			WindowAssetPostprocessingWatcher.OnPostprocessAllAssets 2.915ms
			PSDImporterAssetPostProcessor.OnPostprocessAllAssets 2.777ms
			AudioContainerPostProcessor.OnPostprocessAllAssets 2.170ms
			RenderPipelineGlobalSettingsPostprocessor.OnPostprocessAllAssets 2.034ms
			EditModeScopePostprocessor.OnPostprocessAllAssets 1.911ms
			AssetProcessor.OnPostprocessAllAssets 1.800ms
			AssetChangeDetector.OnPostprocessAllAssets 1.430ms
			ShaderReflectionAssetPostProcessor.OnPostprocessAllAssets 0.910ms
			ReferencedClipsPostProcessor.OnPostprocessAllAssets 0.844ms
			InputActionAssetPostprocessor.OnPostprocessAllAssets 0.830ms
			ProjectSettingsPostprocessor.OnPostprocessAllAssets 0.463ms
			TerrainToolbarOverlayPostProcessor.OnPostprocessAllAssets 0.309ms
			AssetDatabaseCallbacks.OnPostprocessAllAssets 0.241ms
	GatherAllCurrentPrimaryImportResultRevisions: 1.540ms
	UnloadStreamsBegin: 0.388ms
	PersistCurrentRevisions: 0.904ms
	GenerateScriptTypeHashes: 9.094ms
	GenerateScriptTypeSerializationHashes: 12.100ms
	Untracked: 28349.521ms

[Licensing::Client] Error: Code 404 while processing request (status: Found 0 entitlement groups and 0 free entitlements matching requested entitlement ids)
[Licensing::Client] Error: Code 404 while processing request (status: Found 0 entitlement groups and 0 free entitlements matching requested entitlement ids)
[Licensing::Client] Successfully resolved entitlement details
[Licensing::Client] Successfully resolved entitlement details
[INFO ] [relay] log Unity client connected with ID: editor-3252-k0qzfo (relay 1.0.12-build.97)
[INFO ] [relay] connection.established clientId=editor-3252-k0qzfo port=9001
[Licensing::Client] Successfully resolved entitlement details
[Licensing::Client] Error: Code 404 while processing request (status: Found 0 entitlement groups and 0 free entitlements matching requested entitlement ids)
[Licensing::Client] Error: Code 404 while processing request (status: Found 0 entitlement groups and 0 free entitlements matching requested entitlement ids)
[Licensing::Client] Error: Code 404 while processing request (status: Found 0 entitlement groups and 0 free entitlements matching requested entitlement ids)
[Licensing::Client] Error: Code 404 while processing request (status: Found 0 entitlement groups and 0 free entitlements matching requested entitlement ids)
[Licensing::Client] Error: Code 404 while processing request (status: Found 0 entitlement groups and 0 free entitlements matching requested entitlement ids)
[Licensing::Client] Error: Code 404 while processing request (status: Found 0 entitlement groups and 0 free entitlements matching requested entitlement ids)
UPID Received '826535e3-7aa3-41f3-9deb-cffac0b844bc'.
[Licensing::Client] Error: Code 404 while processing request (status: Found 0 entitlement groups and 0 free entitlements matching requested entitlement ids)
[Licensing::Client] Error: Code 404 while processing request (status: Found 0 entitlement groups and 0 free entitlements matching requested entitlement ids)
SpriteAtlasPacking completed in 0.587518 sec
Entering Playmode with Reload Domain disabled.
If you experience any issues, please disable "Enter Play Mode Options" in Editor Settings
Loaded scene 'Temp/__Backupscenes/0.backup'
	Deserialize:            770.455 ms
	Integration:            17585.133 ms
	Integration of assets:  2.163 ms
	Thread Wait Time:       -2.141 ms
	Total Operation Time:   18355.611 ms
[Licensing::Client] Successfully resolved entitlement details
[Licensing::Client] Error: Code 404 while processing request (status: Found 0 entitlement groups and 0 free entitlements matching requested entitlement ids)

Asset Pipeline Refresh (id=acdcc3a2caff83648a8c473611a49dda): Total: 0.469 seconds - Initiated by RefreshV2(NoUpdateAssetOptions)
	(Values over 0.05ms)
	Summary:
		Imports: total=0 (actual=0, local cache=0, cache server=0)
		Asset DB Process Time: managed=0 ms, native=463 ms
		Asset DB Callback time: managed=0 ms, native=1 ms
		Scripting: domain reloads=0, domain reload time=0 ms, compile time=0 ms, other=0 ms
		Project Asset Count: scripts=2876, non-scripts=6443
		Asset File Changes: new=0, changed=0, moved=0, deleted=0
		Scan Filter Count: 0
	InvokeCustomDependenciesCallbacks: 0.834ms
	InvokePackagesCallback: 0.515ms
	ApplyChangesToAssetFolders: 34.271ms
	Scan: 242.482ms
	Collect global state as custom dependencies: 7.075ms
	GatherAllCurrentPrimaryImportResultRevisions: 38.562ms
	UnloadStreamsBegin: 33.205ms
	UnloadStreamsEnd: 0.270ms
	Untracked: 98.946ms

[Licensing::Client] Error: Code 404 while processing request (status: Found 0 entitlement groups and 0 free entitlements matching requested entitlement ids)
Unloading 8 Unused Serialized files (Serialized files now loaded: 0)
Loaded scene 'Temp/__Backupscenes/0.backup'
	Deserialize:            137.839 ms
	Integration:            10321.434 ms
	Integration of assets:  0.259 ms
	Thread Wait Time:       -0.238 ms
	Total Operation Time:   10459.293 ms
Unloading 134 unused Assets / (290.4 KB). Loaded Objects now: 15775.
Memory consumption went from 0.92 GB to 0.92 GB.
Total: 1853.761200 ms (FindLiveObjects: 19.642100 ms CreateObjectMapping: 11.319400 ms MarkObjects: 1762.044000 ms  DeleteObjects: 60.571900 ms)

[Licensing::Client] Successfully resolved entitlement details
[Licensing::Module] License group:
  Id: F4-YV7J-TBXH-N7G4-SQYR-XXXX
  Product: Unity Personal
  Type: ULF
  Expiration: Unlimited
[Licensing::Module] License group:
  Id: 5773397425070-UnityPersXXXX
  Product: Unity Personal
  Type: Assigned
  Expiration: Unlimited
AcceleratorClientConnectionCallback - disconnected - :0
Importing 'GUID: 00000000000000004000000000000000 - Path: ProjectSettings/ProjectSettings.asset' with importer (LibraryAssetImporter)
Imported 'GUID: 00000000000000004000000000000000' -> (Import Result ID: 'b7b5d9b6680d717229d1bd70691b2007') in 0.366 seconds [static dependencies only]. Details - ImportResultOutputID=276a810dac73e1f29404d5e5f692e214 DependenciesID=7d72b6ca456a19ed446a4e135214d80d StaticDependenciesID=984fdb6adcf35910ef05b7af04afb4ea 
Importing 'GUID: 0000000000000000b000000000000000 - Path: ProjectSettings/EditorBuildSettings.asset' with importer (LibraryAssetImporter)
Imported 'GUID: 0000000000000000b000000000000000' -> (Import Result ID: '36eed388d034f498a3098440d9f131ba') in 0.003 seconds [static dependencies only]. Details - ImportResultOutputID=4647dd083cfc32cebcd7526e8846440c DependenciesID=9be8d0052bec82b8be1d3ab2d7a5d399 StaticDependenciesID=5cd6c04f4045450b3d89021fac7d48be 
Refreshing native plugins compatible for Editor in 10.14 ms, found 6 plugins.
Preloading 1 native plugins for Editor in 2.21 ms.

Asset Pipeline Refresh (id=58f2e7cdcbc13bc4a98225cad199e4ec): Total: 6.364 seconds - Initiated by StopAssetImportingV2(NoUpdateAssetOptions)
	(Values over 0.05ms)
	Summary:
		Imports: total=2 (actual=2, local cache=0, cache server=0)
		Asset DB Process Time: managed=227 ms, native=2609 ms
		Asset DB Callback time: managed=3378 ms, native=147 ms
		Scripting: domain reloads=0, domain reload time=0 ms, compile time=0 ms, other=0 ms
		Project Asset Count: scripts=2876, non-scripts=6443
		Asset File Changes: new=0, changed=1, moved=0, deleted=0
		Scan Filter Count: 2
	InvokePackagesCallback: 0.336ms
	ApplyChangesToAssetFolders: 2.742ms
	Scan: 76.714ms
	Collect global state as custom dependencies: 3.461ms
	OnSourceAssetsModified: 24.965ms
	CategorizeScriptCompilationAssets: 0.769ms
	ProcessAssetsWithTransientArtifactChanges: 12.984ms
	CategorizeAssets: 426.173ms
	ImportOutOfDateAssets: 1194.517ms (467.568ms without children)
		ImportManagerImport: 424.740ms (44.538ms without children)
		ReloadNativeAssets: 1.278ms
		UnloadImportedAssets: 0.289ms
		EnsureUptoDateAssetsAreRegisteredWithGuidPM: 2.686ms
		ImportSchedulerStart: 297.946ms
	PostProcessAllAssets: 3476.042ms
		XRBuildSystem.XRAssetImported 112.272ms
		SpriteAtlasDatabase.OnAssetPostprocessCallback 0.234ms
		AssemblyValidation.PostprocessAllAssets 0.222ms
		RaytracingShaderImportPostprocess 0.195ms
		VersionControlSettings.HiddenFilePostprocess 0.172ms
		MonoPostProcessAllAssets: 3355.880ms
			AssetPostprocessorProxy.OnPostprocessAllAssets 241.205ms
			AssetReferenceReimportMonitor.OnPostprocessAllAssets 193.973ms
			BuilderAssetPostprocessor.OnPostprocessAllAssets 99.288ms
			AssetChangedListener.OnPostprocessAllAssets 71.021ms
			AssetPostprocessor.OnPostprocessAllAssets 54.762ms
			NetworkPrefabProcessor.OnPostprocessAllAssets 53.011ms
			ShaderGraphAssetPostProcessor.OnPostprocessAllAssets 26.879ms
			TMPro_TexturePostProcessor.OnPostprocessAllAssets 20.790ms
			ArtifactBrowserPostProcessor.OnPostprocessAllAssets 20.017ms
			RetainedModeAssetPostprocessor.OnPostprocessAllAssets 17.944ms
			UtilityWindowPostProcessor.OnPostprocessAllAssets 17.531ms
			SampleDependencyImporterPostProcessor.OnPostprocessAllAssets 15.983ms
			SkillsProjectAssetPostprocessor.OnPostprocessAllAssets 14.661ms
			SyncVS.PostprocessSyncProject 12.766ms
			TextAssetPostProcessor.OnPostprocessAllAssets 11.030ms
			PostProcessor.OnPostprocessAllAssets 9.659ms
			ModelAssetProcessor.OnPostprocessAllAssets 8.307ms
			SpriteShapeAssetPostProcessor.OnPostprocessAllAssets 7.784ms
			MaterialPostprocessor.OnPostprocessAllAssets 7.622ms
			AudioMixerPostprocessor.OnPostprocessAllAssets 7.071ms
			UVCSAssetPostprocessor.OnPostprocessAllAssets 7.037ms
			AssetReloadNotifier.OnPostprocessAllAssets 5.989ms
			SpriteSlicePostprocessor.OnPostprocessAllAssets 5.532ms
			SpriteLibraryAssetPostprocessor.OnPostprocessAllAssets 5.138ms
			SamplePostprocessor.OnPostprocessAllAssets 4.300ms
			ConfigAssetsTracker.OnPostprocessAllAssets 4.176ms
			SpriteEditorTexturePostprocessor.OnPostprocessAllAssets 4.175ms
			StyleCatalogPostProcessor.OnPostprocessAllAssets 3.433ms
			AssetEvents.OnPostprocessAllAssets 3.360ms
			InputActionJsonNameModifierAssetProcessor.OnPostprocessAllAssets 3.336ms
			PSDImportPostProcessor.OnPostprocessAllAssets 3.198ms
			TrackSelectedAssetsProcessor.OnPostprocessAllAssets 2.959ms
			SpeedTreePostProcessor.OnPostprocessAllAssets 2.634ms
			ScenarioDriftAssetsTracker.OnPostprocessAllAssets 1.836ms
			InputActionAssetPostprocessor.OnPostprocessAllAssets 1.709ms
			AudioContainerPostProcessor.OnPostprocessAllAssets 1.312ms
			EditModeScopePostprocessor.OnPostprocessAllAssets 1.178ms
			GraphRefreshPostprocessor.OnPostprocessAllAssets 1.155ms
			AssetProcessor.OnPostprocessAllAssets 1.015ms
			RenderPipelineGlobalSettingsPostprocessor.OnPostprocessAllAssets 0.749ms
			PSDImporterAssetPostProcessor.OnPostprocessAllAssets 0.735ms
			TerrainToolbarOverlayPostProcessor.OnPostprocessAllAssets 0.700ms
			ProjectSettingsPostprocessor.OnPostprocessAllAssets 0.575ms
			AssetChangeDetector.OnPostprocessAllAssets 0.566ms
			WindowAssetPostprocessingWatcher.OnPostprocessAllAssets 0.513ms
			ShaderReflectionAssetPostProcessor.OnPostprocessAllAssets 0.324ms
			AssetDatabaseCallbacks.OnPostprocessAllAssets 0.257ms
			ReferencedClipsPostProcessor.OnPostprocessAllAssets 0.222ms
			SpeedTree9Postprocessor.OnPostprocessAllAssets 0.057ms
	PostAssetChangesProfiler: 25.532ms
	GatherAllCurrentPrimaryImportResultRevisions: 7.017ms
	UnloadStreamsBegin: 0.400ms
	PersistCurrentRevisions: 1.066ms
	Untracked: 1102.777ms

Importing 'GUID: 8c9cfa26abfee488c85f1582747f6a02 - Path: Assets/Scenes/SampleScene.unity' with importer (DefaultImporter)
Imported 'GUID: 8c9cfa26abfee488c85f1582747f6a02' -> (Import Result ID: 'e1f0274e88e2530e5da1414393bf1561') in 0.020 seconds [static dependencies only]. Details - ImportResultOutputID=d9e1b38d15056e7131fe2ca7dd7db718 DependenciesID=605db394220df17913fea7d1f78a0325 StaticDependenciesID=4ec42f248f77dbbdb1618cfb8c8cab0f 
Refreshing native plugins compatible for Editor in 14.49 ms, found 6 plugins.

Asset Pipeline Refresh (id=c5724cf515affdc48a6b8101b724097e): Total: 0.391 seconds - Initiated by StopAssetImportingV2(NoUpdateAssetOptions)
	(Values over 0.05ms)
	Summary:
		Imports: total=1 (actual=1, local cache=0, cache server=0)
		Asset DB Process Time: managed=0 ms, native=358 ms
		Asset DB Callback time: managed=13 ms, native=18 ms
		Scripting: domain reloads=0, domain reload time=0 ms, compile time=0 ms, other=0 ms
		Project Asset Count: scripts=2876, non-scripts=6443
		Asset File Changes: new=0, changed=1, moved=0, deleted=0
		Scan Filter Count: 3
	ApplyChangesToAssetFolders: 2.841ms
	Scan: 27.131ms
	Collect global state as custom dependencies: 0.884ms
	OnSourceAssetsModified: 0.141ms
	CategorizeScriptCompilationAssets: 0.383ms
	ProcessAssetsWithTransientArtifactChanges: 0.328ms
	CategorizeAssets: 54.809ms
	ImportOutOfDateAssets: 213.982ms (28.203ms without children)
		ImportManagerImport: 24.390ms (1.813ms without children)
		ReloadNativeAssets: 0.217ms
		UnloadImportedAssets: 0.568ms
		EnsureUptoDateAssetsAreRegisteredWithGuidPM: 3.492ms
		ImportSchedulerStart: 157.080ms
	PostProcessAllAssets: 16.292ms
		XRBuildSystem.XRAssetImported 1.855ms
		PostProcessCallbackCreateDeferredMaterials 0.605ms
		MonoPostProcessAllAssets: 12.917ms
			SyncVS.PostprocessSyncProject 3.831ms
			SkillsProjectAssetPostprocessor.OnPostprocessAllAssets 1.822ms
			SpriteShapeAssetPostProcessor.OnPostprocessAllAssets 1.273ms
			SpeedTree9Postprocessor.OnPostprocessAllAssets 0.661ms
			AssetChangedListener.OnPostprocessAllAssets 0.652ms
			SpriteEditorTexturePostprocessor.OnPostprocessAllAssets 0.444ms
			ModelAssetProcessor.OnPostprocessAllAssets 0.350ms
			GraphRefreshPostprocessor.OnPostprocessAllAssets 0.307ms
			UniversalRenderPipelineGlobalSettingsPostprocessor.OnPostprocessAllAssets 0.234ms
			ShaderGraphAssetPostProcessor.OnPostprocessAllAssets 0.203ms
			RenderPipelineGlobalSettingsPostprocessor.OnPostprocessAllAssets 0.196ms
			TMPro_TexturePostProcessor.OnPostprocessAllAssets 0.114ms
			TextAssetPostProcessor.OnPostprocessAllAssets 0.110ms
			AssetPostprocessor.OnPostprocessAllAssets 0.079ms
			SpriteSlicePostprocessor.OnPostprocessAllAssets 0.072ms
			NetworkPrefabProcessor.OnPostprocessAllAssets 0.066ms
			PostProcessor.OnPostprocessAllAssets 0.059ms
			InputActionAssetPostprocessor.OnPostprocessAllAssets 0.055ms
	PostAssetChangesProfiler: 15.751ms
	GatherAllCurrentPrimaryImportResultRevisions: 25.851ms
	UnloadStreamsBegin: 0.109ms
	PersistCurrentRevisions: 1.290ms
	Untracked: 31.259ms

Asset Pipeline Refresh (id=e10036d5361253a47a49d60dfa5d3d07): Total: 0.118 seconds - Initiated by RefreshV2(AllowForceSynchronousImport)
[Licensing::Client] Error: Code 404 while processing request (status: Found 0 entitlement groups and 0 free entitlements matching requested entitlement ids)
Importing 'GUID: 8c9cfa26abfee488c85f1582747f6a02 - Path: Assets/Scenes/SampleScene.unity' with importer (DefaultImporter)
Imported 'GUID: 8c9cfa26abfee488c85f1582747f6a02' -> (Import Result ID: 'e8bf140ad8bab49fb2333daa984d2013') in 0.025 seconds [static dependencies only]. Details - ImportResultOutputID=d9e1b38d15056e7131fe2ca7dd7db718 DependenciesID=a0dd56f9d48fc6158744ac27915affd9 StaticDependenciesID=0660fc76d8745ca8d3d3dc9e1c35a684 
Refreshing native plugins compatible for Editor in 27.62 ms, found 6 plugins.

Asset Pipeline Refresh (id=db9237adc2f8a4c47bda731d9fddb9df): Total: 0.340 seconds - Initiated by StopAssetImportingV2(NoUpdateAssetOptions)
	(Values over 0.05ms)
	Summary:
		Imports: total=1 (actual=1, local cache=0, cache server=0)
		Asset DB Process Time: managed=0 ms, native=289 ms
		Asset DB Callback time: managed=15 ms, native=34 ms
		Scripting: domain reloads=0, domain reload time=0 ms, compile time=0 ms, other=0 ms
		Project Asset Count: scripts=2876, non-scripts=6443
		Asset File Changes: new=0, changed=1, moved=0, deleted=0
		Scan Filter Count: 3
	ApplyChangesToAssetFolders: 1.731ms
	Scan: 46.847ms
	Collect global state as custom dependencies: 0.674ms
	OnSourceAssetsModified: 0.175ms
	ProcessAssetsWithTransientArtifactChanges: 0.419ms
	CategorizeAssets: 41.732ms
	ImportOutOfDateAssets: 166.699ms (26.280ms without children)
		ImportManagerImport: 28.112ms (0.872ms without children)
		ReloadNativeAssets: 0.201ms
		UnloadImportedAssets: 0.329ms
		EnsureUptoDateAssetsAreRegisteredWithGuidPM: 2.825ms
		ImportSchedulerStart: 108.922ms
	PostProcessAllAssets: 17.794ms
		XRBuildSystem.XRAssetImported 1.646ms
		PostProcessCallbackCreateDeferredMaterials 0.227ms
		MonoPostProcessAllAssets: 15.430ms
			SyncVS.PostprocessSyncProject 7.291ms
			SpriteEditorTexturePostprocessor.OnPostprocessAllAssets 1.602ms
			SpriteSlicePostprocessor.OnPostprocessAllAssets 0.552ms
			SpriteShapeAssetPostProcessor.OnPostprocessAllAssets 0.485ms
			NetworkPrefabProcessor.OnPostprocessAllAssets 0.451ms
			RenderPipelineGlobalSettingsPostprocessor.OnPostprocessAllAssets 0.402ms
			AssetChangedListener.OnPostprocessAllAssets 0.372ms
			ShaderGraphAssetPostProcessor.OnPostprocessAllAssets 0.342ms
			RetainedModeAssetPostprocessor.OnPostprocessAllAssets 0.250ms
			ReferencedClipsPostProcessor.OnPostprocessAllAssets 0.245ms
			EditModeScopePostprocessor.OnPostprocessAllAssets 0.235ms
			ModelAssetProcessor.OnPostprocessAllAssets 0.209ms
			AssetPostprocessor.OnPostprocessAllAssets 0.181ms
			GraphRefreshPostprocessor.OnPostprocessAllAssets 0.139ms
			PostProcessor.OnPostprocessAllAssets 0.103ms
			AssetReferenceReimportMonitor.OnPostprocessAllAssets 0.063ms
			ProjectSettingsPostprocessor.OnPostprocessAllAssets 0.051ms
	PostAssetChangesProfiler: 32.068ms
	GatherAllCurrentPrimaryImportResultRevisions: 2.367ms
	UnloadStreamsBegin: 0.221ms
	PersistCurrentRevisions: 0.513ms
	Untracked: 28.549ms

MonoPathRemapper: Attempts to remap: 447279; Successful remaps: 46604
Serialized file version minimum: 22, current 23
[LAYOUT] About to save layout C:\Users\dast0\Conquian\UserSettings\Layouts\default-6000.dwlt
[LAYOUT] About to save layout C:/Users/dast0/AppData/Roaming/Unity/Editor-5.x/Preferences\Layouts\current\default-6000.dwlt
[INFO ] [relay] log Shutdown request received from client editor-3252-k0qzfo
[INFO ] [relay] log Unity client requested immediate shutdown - shutting down now, reason: Shutdown requested by client
[INFO ] [relay] log Shutdown: Initiating graceful shutdown: Shutdown requested by client
SUCCESS: The process with PID 28148 (child process of PID 13308) has been terminated.
SUCCESS: The process with PID 13308 (child process of PID 3252) has been terminated.
Killing ADB server in 0,2229439 seconds.
Input System module state changed to: ShutdownInProgress.
Input Polling Thread exited.
Input System module state changed to: Shutdown.
[Physics::Module] Cleanup current backend.
[Physics::Module] Id: 0xf2b8ea05
[Licensing::IpcConnector] LicenseClient-dast0-6000.5.8-notifications channel disconnected successfully.
[Licensing::IpcConnector] LicenseClient-dast0-6000.5.8 channel disconnected successfully.
Shut down.
Lingering sessions upon destruction of worker manager
AcceleratorClientConnectionCallback - disconnected - :0
Cleanup mono
CodeReloadManager destroyed
abort_threads: Failed aborting id: 0000000000005678, mono_thread_manage will ignore it

abort_threads: Failed aborting id: 0000000000005678, mono_thread_manage will ignore it

debugger-agent: Unable to listen on 5508
Checking for leaked weakptr:
  Found no leaked weakptrs.
[Package Manager] Server process was shutdown
##utp:{"type":"MemoryLeaks","version":2,"phase":"Immediate","time":1787410987513,"processId":3252,"allocatedMemory":59356928,"memoryLabels":[{"Default":247363},{"Permanent":15516},{"NewDelete":81581},{"Thread":4197560},{"Manager":823813},{"VertexData":8},{"Geometry":816},{"Texture":24},{"Shader":860487},{"Material":1424},{"GfxDevice":55328},{"Animation":952},{"Audio":1544},{"FreeType":8},{"FontEngine":736},{"Physics":2146},{"Physics2D":16},{"Serialization":2904},{"Input":45280},{"JobScheduler":256},{"TextLib":19903},{"Mono":310},{"MonoCode":1600},{"ScriptingNativeRuntime":1966140},{"BaseObject":1622216},{"Resource":1208},{"Renderer":3080},{"Transform":4685},{"File":48576},{"WebCam":616},{"Culling":32},{"Terrain":11442},{"Wind":24},{"STL":40},{"String":9606},{"StaticString":3808},{"Utility":2673527},{"PoolAlloc":3032},{"AI":80},{"TypeTree":1328432},{"CodeReload":448},{"RuntimeInitializeOnLoadManager":64},{"Sprites":102},{"SpriteAtlas":120},{"GI":7816},{"Director":8296},{"CloudService":6920},{"WebRequest":9795},{"VR":47114},{"SceneManager":608},{"Video":208},{"LazyScriptCache":32},{"NativeArray":33058560},{"Camera":17},{"Secure":265},{"SerializationCache":1576},{"APIUpdating":10320},{"Subsystems":336},{"VirtualTexturing":57888},{"StaticSafetyDebugInfo":278528},{"Analytics":552},{"Hierarchy":1176},{"UIElements":1114208},{"CoreStats":13688},{"Identifiers":6768},{"Gui":268250},{"EditorUtility":334312},{"VersionControl":8},{"Undo":931},{"AssetDatabase":10042813},{"AssetImporter":40},{"EditorGi":328},{"UnityConnect":35345},{"Upm":1988},{"UpmDiagnostics":8},{"AssetCompliance":64},{"DrivenProperties":72},{"LocalIPC":211},{"ProfilerEditor":9746},{"CoreBusinessMetrics":3480},{"Windowing":456},{"Licensing":664},{"AssetReference":32},{"IPCStream":32}]}
